INFO:    Setting 'NVIDIA_VISIBLE_DEVICES=all' to emulate legacy GPU binding.
INFO:    Setting --writable-tmpfs (required by nvidia-container-cli)
start 49152-16384-49152 (1/169)
finish 49152-16384-49152 -> Dense: 693.167984151986, Precomp WS: 1075.2766490301758, 10.1 WS: 1062.4905341945625
  Dense   best config: {'BLOCK_SIZE_M': 128, 'BLOCK_SIZE_N': 256, 'BLOCK_SIZE_K': 64, 'num_buffers': 3, 'num_acc_buffers': 2, 'SUBTILE_FACTOR': 2}, num_warps=8
  Sparse  best config: {'BLOCK_SIZE_M': 128, 'BLOCK_SIZE_N': 256, 'BLOCK_SIZE_K': 64, 'num_buffers': 4, 'SUBTILE_FACTOR': 8}, num_warps=8
  Runtime best config: {'BLOCK_SIZE_M': 128, 'BLOCK_SIZE_N': 256, 'BLOCK_SIZE_K': 64, 'num_buffers': 4, 'SUBTILE_FACTOR': 4}, num_warps=8
start 32768-16384-49152 (2/169)
finish 32768-16384-49152 -> Dense: 666.1434614830339, Precomp WS: 1066.7182070935728, 10.1 WS: 1048.4808149328085
  Dense   best config: {'BLOCK_SIZE_M': 128, 'BLOCK_SIZE_N': 256, 'BLOCK_SIZE_K': 64, 'num_buffers': 3, 'num_acc_buffers': 2, 'SUBTILE_FACTOR': 2}, num_warps=8
  Sparse  best config: {'BLOCK_SIZE_M': 128, 'BLOCK_SIZE_N': 256, 'BLOCK_SIZE_K': 64, 'num_buffers': 4, 'SUBTILE_FACTOR': 8}, num_warps=8
  Runtime best config: {'BLOCK_SIZE_M': 128, 'BLOCK_SIZE_N': 256, 'BLOCK_SIZE_K': 64, 'num_buffers': 4, 'SUBTILE_FACTOR': 4}, num_warps=8
start 49152-16384-32768 (3/169)
finish 49152-16384-32768 -> Dense: 664.4849435731534, Precomp WS: 1073.2096943020756, 10.1 WS: 1066.6087131858405
  Dense   best config: {'BLOCK_SIZE_M': 128, 'BLOCK_SIZE_N': 256, 'BLOCK_SIZE_K': 64, 'num_buffers': 3, 'num_acc_buffers': 1, 'SUBTILE_FACTOR': 8}, num_warps=8
  Sparse  best config: {'BLOCK_SIZE_M': 128, 'BLOCK_SIZE_N': 256, 'BLOCK_SIZE_K': 64, 'num_buffers': 4, 'SUBTILE_FACTOR': 8}, num_warps=8
  Runtime best config: {'BLOCK_SIZE_M': 128, 'BLOCK_SIZE_N': 256, 'BLOCK_SIZE_K': 64, 'num_buffers': 4, 'SUBTILE_FACTOR': 4}, num_warps=8
start 24576-16384-49152 (4/169)
finish 24576-16384-49152 -> Dense: 663.2242836729451, Precomp WS: 1071.4079426333026, 10.1 WS: 1064.581128559131
  Dense   best config: {'BLOCK_SIZE_M': 128, 'BLOCK_SIZE_N': 256, 'BLOCK_SIZE_K': 64, 'num_buffers': 4, 'num_acc_buffers': 1, 'SUBTILE_FACTOR': 4}, num_warps=8
  Sparse  best config: {'BLOCK_SIZE_M': 128, 'BLOCK_SIZE_N': 256, 'BLOCK_SIZE_K': 64, 'num_buffers': 4, 'SUBTILE_FACTOR': 8}, num_warps=8
  Runtime best config: {'BLOCK_SIZE_M': 128, 'BLOCK_SIZE_N': 256, 'BLOCK_SIZE_K': 64, 'num_buffers': 4, 'SUBTILE_FACTOR': 4}, num_warps=8
start 49152-16384-24576 (5/169)
finish 49152-16384-24576 -> Dense: 666.7397391802593, Precomp WS: 1067.972679349659, 10.1 WS: 1059.7175391762855
  Dense   best config: {'BLOCK_SIZE_M': 128, 'BLOCK_SIZE_N': 256, 'BLOCK_SIZE_K': 64, 'num_buffers': 3, 'num_acc_buffers': 2, 'SUBTILE_FACTOR': 4}, num_warps=8
  Sparse  best config: {'BLOCK_SIZE_M': 128, 'BLOCK_SIZE_N': 256, 'BLOCK_SIZE_K': 64, 'num_buffers': 4, 'SUBTILE_FACTOR': 8}, num_warps=8
  Runtime best config: {'BLOCK_SIZE_M': 128, 'BLOCK_SIZE_N': 256, 'BLOCK_SIZE_K': 64, 'num_buffers': 4, 'SUBTILE_FACTOR': 4}, num_warps=8
start 32768-16384-32768 (6/169)
finish 32768-16384-32768 -> Dense: 666.0745349481894, Precomp WS: 1066.6234673214867, 10.1 WS: 1057.7549422951886
  Dense   best config: {'BLOCK_SIZE_M': 128, 'BLOCK_SIZE_N': 256, 'BLOCK_SIZE_K': 64, 'num_buffers': 3, 'num_acc_buffers': 2, 'SUBTILE_FACTOR': 2}, num_warps=8
  Sparse  best config: {'BLOCK_SIZE_M': 128, 'BLOCK_SIZE_N': 256, 'BLOCK_SIZE_K': 64, 'num_buffers': 4, 'SUBTILE_FACTOR': 8}, num_warps=8
  Runtime best config: {'BLOCK_SIZE_M': 128, 'BLOCK_SIZE_N': 256, 'BLOCK_SIZE_K': 64, 'num_buffers': 4, 'SUBTILE_FACTOR': 4}, num_warps=8
start 16384-16384-49152 (7/169)
finish 16384-16384-49152 -> Dense: 663.4858786634665, Precomp WS: 1068.8147477517982, 10.1 WS: 1062.380458715176
  Dense   best config: {'BLOCK_SIZE_M': 128, 'BLOCK_SIZE_N': 256, 'BLOCK_SIZE_K': 64, 'num_buffers': 3, 'num_acc_buffers': 1, 'SUBTILE_FACTOR': 2}, num_warps=8
  Sparse  best config: {'BLOCK_SIZE_M': 128, 'BLOCK_SIZE_N': 256, 'BLOCK_SIZE_K': 64, 'num_buffers': 4, 'SUBTILE_FACTOR': 8}, num_warps=8
  Runtime best config: {'BLOCK_SIZE_M': 128, 'BLOCK_SIZE_N': 256, 'BLOCK_SIZE_K': 64, 'num_buffers': 4, 'SUBTILE_FACTOR': 4}, num_warps=8
start 24576-16384-32768 (8/169)
finish 24576-16384-32768 -> Dense: 666.9693360306018, Precomp WS: 1070.3943897329063, 10.1 WS: 1063.6878608289214
  Dense   best config: {'BLOCK_SIZE_M': 128, 'BLOCK_SIZE_N': 256, 'BLOCK_SIZE_K': 64, 'num_buffers': 3, 'num_acc_buffers': 1, 'SUBTILE_FACTOR': 2}, num_warps=8
  Sparse  best config: {'BLOCK_SIZE_M': 128, 'BLOCK_SIZE_N': 256, 'BLOCK_SIZE_K': 64, 'num_buffers': 4, 'SUBTILE_FACTOR': 8}, num_warps=8
  Runtime best config: {'BLOCK_SIZE_M': 128, 'BLOCK_SIZE_N': 256, 'BLOCK_SIZE_K': 64, 'num_buffers': 4, 'SUBTILE_FACTOR': 4}, num_warps=8
start 32768-16384-24576 (9/169)
finish 32768-16384-24576 -> Dense: 665.9066759308058, Precomp WS: 1068.7161150653783, 10.1 WS: 1061.511768504383
  Dense   best config: {'BLOCK_SIZE_M': 128, 'BLOCK_SIZE_N': 256, 'BLOCK_SIZE_K': 64, 'num_buffers': 3, 'num_acc_buffers': 1, 'SUBTILE_FACTOR': 4}, num_warps=8
  Sparse  best config: {'BLOCK_SIZE_M': 128, 'BLOCK_SIZE_N': 256, 'BLOCK_SIZE_K': 64, 'num_buffers': 4, 'SUBTILE_FACTOR': 8}, num_warps=8
  Runtime best config: {'BLOCK_SIZE_M': 128, 'BLOCK_SIZE_N': 256, 'BLOCK_SIZE_K': 64, 'num_buffers': 4, 'SUBTILE_FACTOR': 4}, num_warps=8
start 49152-16384-16384 (10/169)
finish 49152-16384-16384 -> Dense: 664.8892451806312, Precomp WS: 1063.2515775764257, 10.1 WS: 1053.595764810757
  Dense   best config: {'BLOCK_SIZE_M': 128, 'BLOCK_SIZE_N': 256, 'BLOCK_SIZE_K': 64, 'num_buffers': 3, 'num_acc_buffers': 1, 'SUBTILE_FACTOR': 2}, num_warps=8
  Sparse  best config: {'BLOCK_SIZE_M': 128, 'BLOCK_SIZE_N': 256, 'BLOCK_SIZE_K': 64, 'num_buffers': 4, 'SUBTILE_FACTOR': 4}, num_warps=8
  Runtime best config: {'BLOCK_SIZE_M': 128, 'BLOCK_SIZE_N': 256, 'BLOCK_SIZE_K': 64, 'num_buffers': 4, 'SUBTILE_FACTOR': 2}, num_warps=8
start 12288-16384-49152 (11/169)
finish 12288-16384-49152 -> Dense: 656.0682236428299, Precomp WS: 1073.2079682616386, 10.1 WS: 1068.638684023688
  Dense   best config: {'BLOCK_SIZE_M': 128, 'BLOCK_SIZE_N': 256, 'BLOCK_SIZE_K': 64, 'num_buffers': 4, 'num_acc_buffers': 2, 'SUBTILE_FACTOR': 4}, num_warps=8
  Sparse  best config: {'BLOCK_SIZE_M': 128, 'BLOCK_SIZE_N': 256, 'BLOCK_SIZE_K': 64, 'num_buffers': 4, 'SUBTILE_FACTOR': 8}, num_warps=8
  Runtime best config: {'BLOCK_SIZE_M': 128, 'BLOCK_SIZE_N': 256, 'BLOCK_SIZE_K': 64, 'num_buffers': 4, 'SUBTILE_FACTOR': 4}, num_warps=8
start 24576-16384-24576 (12/169)
finish 24576-16384-24576 -> Dense: 663.1240884339674, Precomp WS: 1066.1106489870358, 10.1 WS: 1059.117718585599
  Dense   best config: {'BLOCK_SIZE_M': 128, 'BLOCK_SIZE_N': 256, 'BLOCK_SIZE_K': 64, 'num_buffers': 3, 'num_acc_buffers': 2, 'SUBTILE_FACTOR': 2}, num_warps=8
  Sparse  best config: {'BLOCK_SIZE_M': 128, 'BLOCK_SIZE_N': 256, 'BLOCK_SIZE_K': 64, 'num_buffers': 4, 'SUBTILE_FACTOR': 8}, num_warps=8
  Runtime best config: {'BLOCK_SIZE_M': 128, 'BLOCK_SIZE_N': 256, 'BLOCK_SIZE_K': 64, 'num_buffers': 4, 'SUBTILE_FACTOR': 4}, num_warps=8
start 49152-16384-12288 (13/169)
finish 49152-16384-12288 -> Dense: 661.2663717084207, Precomp WS: 1056.6841591824011, 10.1 WS: 1046.1991612363208
  Dense   best config: {'BLOCK_SIZE_M': 128, 'BLOCK_SIZE_N': 256, 'BLOCK_SIZE_K': 64, 'num_buffers': 3, 'num_acc_buffers': 2, 'SUBTILE_FACTOR': 4}, num_warps=8
  Sparse  best config: {'BLOCK_SIZE_M': 128, 'BLOCK_SIZE_N': 256, 'BLOCK_SIZE_K': 64, 'num_buffers': 4, 'SUBTILE_FACTOR': 4}, num_warps=8
  Runtime best config: {'BLOCK_SIZE_M': 128, 'BLOCK_SIZE_N': 256, 'BLOCK_SIZE_K': 64, 'num_buffers': 4, 'SUBTILE_FACTOR': 2}, num_warps=8
start 16384-16384-32768 (14/169)
finish 16384-16384-32768 -> Dense: 663.4933412923184, Precomp WS: 1065.7946356986963, 10.1 WS: 1061.1341069036423
  Dense   best config: {'BLOCK_SIZE_M': 128, 'BLOCK_SIZE_N': 256, 'BLOCK_SIZE_K': 64, 'num_buffers': 3, 'num_acc_buffers': 1, 'SUBTILE_FACTOR': 2}, num_warps=8
  Sparse  best config: {'BLOCK_SIZE_M': 128, 'BLOCK_SIZE_N': 256, 'BLOCK_SIZE_K': 64, 'num_buffers': 4, 'SUBTILE_FACTOR': 8}, num_warps=8
  Runtime best config: {'BLOCK_SIZE_M': 128, 'BLOCK_SIZE_N': 256, 'BLOCK_SIZE_K': 64, 'num_buffers': 4, 'SUBTILE_FACTOR': 4}, num_warps=8
start 32768-16384-16384 (15/169)
finish 32768-16384-16384 -> Dense: 663.6532490338652, Precomp WS: 1060.034746396807, 10.1 WS: 1053.4156886335347
  Dense   best config: {'BLOCK_SIZE_M': 128, 'BLOCK_SIZE_N': 256, 'BLOCK_SIZE_K': 64, 'num_buffers': 3, 'num_acc_buffers': 2, 'SUBTILE_FACTOR': 4}, num_warps=8
  Sparse  best config: {'BLOCK_SIZE_M': 128, 'BLOCK_SIZE_N': 256, 'BLOCK_SIZE_K': 64, 'num_buffers': 4, 'SUBTILE_FACTOR': 4}, num_warps=8
  Runtime best config: {'BLOCK_SIZE_M': 128, 'BLOCK_SIZE_N': 256, 'BLOCK_SIZE_K': 64, 'num_buffers': 4, 'SUBTILE_FACTOR': 4}, num_warps=8
start 8192-16384-49152 (16/169)
finish 8192-16384-49152 -> Dense: 660.020544022213, Precomp WS: 1058.342930403868, 10.1 WS: 1054.2599452239413
  Dense   best config: {'BLOCK_SIZE_M': 128, 'BLOCK_SIZE_N': 256, 'BLOCK_SIZE_K': 64, 'num_buffers': 3, 'num_acc_buffers': 2, 'SUBTILE_FACTOR': 4}, num_warps=8
  Sparse  best config: {'BLOCK_SIZE_M': 128, 'BLOCK_SIZE_N': 256, 'BLOCK_SIZE_K': 64, 'num_buffers': 4, 'SUBTILE_FACTOR': 8}, num_warps=8
  Runtime best config: {'BLOCK_SIZE_M': 128, 'BLOCK_SIZE_N': 256, 'BLOCK_SIZE_K': 64, 'num_buffers': 4, 'SUBTILE_FACTOR': 4}, num_warps=8
start 12288-16384-32768 (17/169)
finish 12288-16384-32768 -> Dense: 666.7784329721852, Precomp WS: 1070.5640555012296, 10.1 WS: 1064.0289564234356
  Dense   best config: {'BLOCK_SIZE_M': 128, 'BLOCK_SIZE_N': 256, 'BLOCK_SIZE_K': 64, 'num_buffers': 3, 'num_acc_buffers': 1, 'SUBTILE_FACTOR': 4}, num_warps=8
  Sparse  best config: {'BLOCK_SIZE_M': 128, 'BLOCK_SIZE_N': 256, 'BLOCK_SIZE_K': 64, 'num_buffers': 4, 'SUBTILE_FACTOR': 8}, num_warps=8
  Runtime best config: {'BLOCK_SIZE_M': 128, 'BLOCK_SIZE_N': 256, 'BLOCK_SIZE_K': 64, 'num_buffers': 4, 'SUBTILE_FACTOR': 4}, num_warps=8
start 16384-16384-24576 (18/169)
finish 16384-16384-24576 -> Dense: 663.8726417520331, Precomp WS: 1063.9036558961245, 10.1 WS: 1057.2929320803792
  Dense   best config: {'BLOCK_SIZE_M': 128, 'BLOCK_SIZE_N': 256, 'BLOCK_SIZE_K': 64, 'num_buffers': 3, 'num_acc_buffers': 1, 'SUBTILE_FACTOR': 4}, num_warps=8
  Sparse  best config: {'BLOCK_SIZE_M': 128, 'BLOCK_SIZE_N': 256, 'BLOCK_SIZE_K': 64, 'num_buffers': 4, 'SUBTILE_FACTOR': 8}, num_warps=8
  Runtime best config: {'BLOCK_SIZE_M': 128, 'BLOCK_SIZE_N': 256, 'BLOCK_SIZE_K': 64, 'num_buffers': 4, 'SUBTILE_FACTOR': 4}, num_warps=8
start 24576-16384-16384 (19/169)
finish 24576-16384-16384 -> Dense: 662.9990791219683, Precomp WS: 1060.1140234339546, 10.1 WS: 1051.5886977590483
  Dense   best config: {'BLOCK_SIZE_M': 128, 'BLOCK_SIZE_N': 256, 'BLOCK_SIZE_K': 64, 'num_buffers': 3, 'num_acc_buffers': 1, 'SUBTILE_FACTOR': 2}, num_warps=8
  Sparse  best config: {'BLOCK_SIZE_M': 128, 'BLOCK_SIZE_N': 256, 'BLOCK_SIZE_K': 64, 'num_buffers': 4, 'SUBTILE_FACTOR': 4}, num_warps=8
  Runtime best config: {'BLOCK_SIZE_M': 128, 'BLOCK_SIZE_N': 256, 'BLOCK_SIZE_K': 64, 'num_buffers': 4, 'SUBTILE_FACTOR': 2}, num_warps=8
start 32768-16384-12288 (20/169)
finish 32768-16384-12288 -> Dense: 662.0620751795985, Precomp WS: 1055.44721332955, 10.1 WS: 1045.1574822533355
  Dense   best config: {'BLOCK_SIZE_M': 128, 'BLOCK_SIZE_N': 256, 'BLOCK_SIZE_K': 64, 'num_buffers': 3, 'num_acc_buffers': 1, 'SUBTILE_FACTOR': 4}, num_warps=8
  Sparse  best config: {'BLOCK_SIZE_M': 128, 'BLOCK_SIZE_N': 256, 'BLOCK_SIZE_K': 64, 'num_buffers': 4, 'SUBTILE_FACTOR': 8}, num_warps=8
  Runtime best config: {'BLOCK_SIZE_M': 128, 'BLOCK_SIZE_N': 256, 'BLOCK_SIZE_K': 64, 'num_buffers': 4, 'SUBTILE_FACTOR': 4}, num_warps=8
start 49152-16384-8192 (21/169)
finish 49152-16384-8192 -> Dense: 659.3340958158188, Precomp WS: 1038.7939135923205, 10.1 WS: 1023.4836097716822
  Dense   best config: {'BLOCK_SIZE_M': 128, 'BLOCK_SIZE_N': 256, 'BLOCK_SIZE_K': 64, 'num_buffers': 3, 'num_acc_buffers': 2, 'SUBTILE_FACTOR': 2}, num_warps=8
  Sparse  best config: {'BLOCK_SIZE_M': 128, 'BLOCK_SIZE_N': 256, 'BLOCK_SIZE_K': 64, 'num_buffers': 4, 'SUBTILE_FACTOR': 8}, num_warps=8
  Runtime best config: {'BLOCK_SIZE_M': 128, 'BLOCK_SIZE_N': 256, 'BLOCK_SIZE_K': 64, 'num_buffers': 4, 'SUBTILE_FACTOR': 4}, num_warps=8
start 6144-16384-49152 (22/169)
finish 6144-16384-49152 -> Dense: 661.2197522471423, Precomp WS: 1059.3314795295348, 10.1 WS: 1054.123941231397
  Dense   best config: {'BLOCK_SIZE_M': 128, 'BLOCK_SIZE_N': 256, 'BLOCK_SIZE_K': 64, 'num_buffers': 3, 'num_acc_buffers': 1, 'SUBTILE_FACTOR': 4}, num_warps=8
  Sparse  best config: {'BLOCK_SIZE_M': 128, 'BLOCK_SIZE_N': 256, 'BLOCK_SIZE_K': 64, 'num_buffers': 4, 'SUBTILE_FACTOR': 8}, num_warps=8
  Runtime best config: {'BLOCK_SIZE_M': 128, 'BLOCK_SIZE_N': 256, 'BLOCK_SIZE_K': 64, 'num_buffers': 4, 'SUBTILE_FACTOR': 4}, num_warps=8
start 12288-16384-24576 (23/169)
finish 12288-16384-24576 -> Dense: 665.8908280020038, Precomp WS: 1064.7827143260738, 10.1 WS: 1060.255536183922
  Dense   best config: {'BLOCK_SIZE_M': 128, 'BLOCK_SIZE_N': 256, 'BLOCK_SIZE_K': 64, 'num_buffers': 3, 'num_acc_buffers': 1, 'SUBTILE_FACTOR': 2}, num_warps=8
  Sparse  best config: {'BLOCK_SIZE_M': 128, 'BLOCK_SIZE_N': 256, 'BLOCK_SIZE_K': 64, 'num_buffers': 4, 'SUBTILE_FACTOR': 4}, num_warps=8
  Runtime best config: {'BLOCK_SIZE_M': 128, 'BLOCK_SIZE_N': 256, 'BLOCK_SIZE_K': 64, 'num_buffers': 4, 'SUBTILE_FACTOR': 4}, num_warps=8
start 24576-16384-12288 (24/169)
finish 24576-16384-12288 -> Dense: 660.826526036374, Precomp WS: 1052.3725796794463, 10.1 WS: 1042.8084763480579
  Dense   best config: {'BLOCK_SIZE_M': 128, 'BLOCK_SIZE_N': 256, 'BLOCK_SIZE_K': 64, 'num_buffers': 3, 'num_acc_buffers': 1, 'SUBTILE_FACTOR': 4}, num_warps=8
  Sparse  best config: {'BLOCK_SIZE_M': 128, 'BLOCK_SIZE_N': 256, 'BLOCK_SIZE_K': 64, 'num_buffers': 4, 'SUBTILE_FACTOR': 8}, num_warps=8
  Runtime best config: {'BLOCK_SIZE_M': 128, 'BLOCK_SIZE_N': 256, 'BLOCK_SIZE_K': 64, 'num_buffers': 4, 'SUBTILE_FACTOR': 4}, num_warps=8
start 49152-16384-6144 (25/169)
finish 49152-16384-6144 -> Dense: 653.877964652094, Precomp WS: 1032.8517236589416, 10.1 WS: 1014.6539759622232
  Dense   best config: {'BLOCK_SIZE_M': 128, 'BLOCK_SIZE_N': 256, 'BLOCK_SIZE_K': 64, 'num_buffers': 3, 'num_acc_buffers': 2, 'SUBTILE_FACTOR': 2}, num_warps=8
  Sparse  best config: {'BLOCK_SIZE_M': 128, 'BLOCK_SIZE_N': 256, 'BLOCK_SIZE_K': 64, 'num_buffers': 4, 'SUBTILE_FACTOR': 4}, num_warps=8
  Runtime best config: {'BLOCK_SIZE_M': 128, 'BLOCK_SIZE_N': 256, 'BLOCK_SIZE_K': 64, 'num_buffers': 4, 'SUBTILE_FACTOR': 2}, num_warps=8
start 8192-16384-32768 (26/169)
finish 8192-16384-32768 -> Dense: 658.8038804105926, Precomp WS: 1057.4798954088815, 10.1 WS: 1049.5792163356264
  Dense   best config: {'BLOCK_SIZE_M': 128, 'BLOCK_SIZE_N': 256, 'BLOCK_SIZE_K': 64, 'num_buffers': 3, 'num_acc_buffers': 1, 'SUBTILE_FACTOR': 2}, num_warps=8
  Sparse  best config: {'BLOCK_SIZE_M': 128, 'BLOCK_SIZE_N': 256, 'BLOCK_SIZE_K': 64, 'num_buffers': 4, 'SUBTILE_FACTOR': 8}, num_warps=8
  Runtime best config: {'BLOCK_SIZE_M': 128, 'BLOCK_SIZE_N': 256, 'BLOCK_SIZE_K': 64, 'num_buffers': 4, 'SUBTILE_FACTOR': 2}, num_warps=8
start 16384-16384-16384 (27/169)
finish 16384-16384-16384 -> Dense: 661.0008064388618, Precomp WS: 1056.873391593337, 10.1 WS: 1048.7459442954314
  Dense   best config: {'BLOCK_SIZE_M': 128, 'BLOCK_SIZE_N': 256, 'BLOCK_SIZE_K': 64, 'num_buffers': 3, 'num_acc_buffers': 2, 'SUBTILE_FACTOR': 4}, num_warps=8
  Sparse  best config: {'BLOCK_SIZE_M': 128, 'BLOCK_SIZE_N': 256, 'BLOCK_SIZE_K': 64, 'num_buffers': 4, 'SUBTILE_FACTOR': 8}, num_warps=8
  Runtime best config: {'BLOCK_SIZE_M': 128, 'BLOCK_SIZE_N': 256, 'BLOCK_SIZE_K': 64, 'num_buffers': 4, 'SUBTILE_FACTOR': 4}, num_warps=8
start 32768-16384-8192 (28/169)
finish 32768-16384-8192 -> Dense: 659.220912502952, Precomp WS: 1043.84689799791, 10.1 WS: 1029.359203703213
  Dense   best config: {'BLOCK_SIZE_M': 128, 'BLOCK_SIZE_N': 256, 'BLOCK_SIZE_K': 64, 'num_buffers': 3, 'num_acc_buffers': 2, 'SUBTILE_FACTOR': 2}, num_warps=8
  Sparse  best config: {'BLOCK_SIZE_M': 128, 'BLOCK_SIZE_N': 256, 'BLOCK_SIZE_K': 64, 'num_buffers': 4, 'SUBTILE_FACTOR': 4}, num_warps=8
  Runtime best config: {'BLOCK_SIZE_M': 128, 'BLOCK_SIZE_N': 256, 'BLOCK_SIZE_K': 64, 'num_buffers': 4, 'SUBTILE_FACTOR': 2}, num_warps=8
start 4096-16384-49152 (29/169)
finish 4096-16384-49152 -> Dense: 660.7104001168191, Precomp WS: 1055.531301961215, 10.1 WS: 1050.8392423046632
  Dense   best config: {'BLOCK_SIZE_M': 128, 'BLOCK_SIZE_N': 256, 'BLOCK_SIZE_K': 64, 'num_buffers': 3, 'num_acc_buffers': 1, 'SUBTILE_FACTOR': 4}, num_warps=8
  Sparse  best config: {'BLOCK_SIZE_M': 128, 'BLOCK_SIZE_N': 256, 'BLOCK_SIZE_K': 64, 'num_buffers': 4, 'SUBTILE_FACTOR': 8}, num_warps=8
  Runtime best config: {'BLOCK_SIZE_M': 128, 'BLOCK_SIZE_N': 256, 'BLOCK_SIZE_K': 64, 'num_buffers': 4, 'SUBTILE_FACTOR': 4}, num_warps=8
start 6144-16384-32768 (30/169)
finish 6144-16384-32768 -> Dense: 659.9939787336572, Precomp WS: 1053.2797488268493, 10.1 WS: 1051.716210529622
  Dense   best config: {'BLOCK_SIZE_M': 128, 'BLOCK_SIZE_N': 256, 'BLOCK_SIZE_K': 64, 'num_buffers': 3, 'num_acc_buffers': 1, 'SUBTILE_FACTOR': 8}, num_warps=8
  Sparse  best config: {'BLOCK_SIZE_M': 128, 'BLOCK_SIZE_N': 256, 'BLOCK_SIZE_K': 64, 'num_buffers': 4, 'SUBTILE_FACTOR': 4}, num_warps=8
  Runtime best config: {'BLOCK_SIZE_M': 128, 'BLOCK_SIZE_N': 256, 'BLOCK_SIZE_K': 64, 'num_buffers': 4, 'SUBTILE_FACTOR': 4}, num_warps=8
start 8192-16384-24576 (31/169)
finish 8192-16384-24576 -> Dense: 658.6219124183502, Precomp WS: 1052.9989051050982, 10.1 WS: 1048.0038682038132
  Dense   best config: {'BLOCK_SIZE_M': 128, 'BLOCK_SIZE_N': 256, 'BLOCK_SIZE_K': 64, 'num_buffers': 3, 'num_acc_buffers': 1, 'SUBTILE_FACTOR': 4}, num_warps=8
  Sparse  best config: {'BLOCK_SIZE_M': 128, 'BLOCK_SIZE_N': 256, 'BLOCK_SIZE_K': 64, 'num_buffers': 4, 'SUBTILE_FACTOR': 8}, num_warps=8
  Runtime best config: {'BLOCK_SIZE_M': 128, 'BLOCK_SIZE_N': 256, 'BLOCK_SIZE_K': 64, 'num_buffers': 4, 'SUBTILE_FACTOR': 4}, num_warps=8
start 12288-16384-16384 (32/169)
finish 12288-16384-16384 -> Dense: 664.1141688284457, Precomp WS: 1059.814463670748, 10.1 WS: 1051.7823051291489
  Dense   best config: {'BLOCK_SIZE_M': 128, 'BLOCK_SIZE_N': 256, 'BLOCK_SIZE_K': 64, 'num_buffers': 3, 'num_acc_buffers': 2, 'SUBTILE_FACTOR': 2}, num_warps=8
  Sparse  best config: {'BLOCK_SIZE_M': 128, 'BLOCK_SIZE_N': 256, 'BLOCK_SIZE_K': 64, 'num_buffers': 4, 'SUBTILE_FACTOR': 8}, num_warps=8
  Runtime best config: {'BLOCK_SIZE_M': 128, 'BLOCK_SIZE_N': 256, 'BLOCK_SIZE_K': 64, 'num_buffers': 4, 'SUBTILE_FACTOR': 2}, num_warps=8
start 16384-16384-12288 (33/169)
finish 16384-16384-12288 -> Dense: 659.9928836169838, Precomp WS: 1048.3278133479823, 10.1 WS: 1040.6250222100987
  Dense   best config: {'BLOCK_SIZE_M': 128, 'BLOCK_SIZE_N': 256, 'BLOCK_SIZE_K': 64, 'num_buffers': 3, 'num_acc_buffers': 1, 'SUBTILE_FACTOR': 2}, num_warps=8
  Sparse  best config: {'BLOCK_SIZE_M': 128, 'BLOCK_SIZE_N': 256, 'BLOCK_SIZE_K': 64, 'num_buffers': 4, 'SUBTILE_FACTOR': 8}, num_warps=8
  Runtime best config: {'BLOCK_SIZE_M': 128, 'BLOCK_SIZE_N': 256, 'BLOCK_SIZE_K': 64, 'num_buffers': 4, 'SUBTILE_FACTOR': 2}, num_warps=8
start 24576-16384-8192 (34/169)
finish 24576-16384-8192 -> Dense: 657.6602092681272, Precomp WS: 1039.9208057760793, 10.1 WS: 1025.6101591282147
  Dense   best config: {'BLOCK_SIZE_M': 128, 'BLOCK_SIZE_N': 256, 'BLOCK_SIZE_K': 64, 'num_buffers': 3, 'num_acc_buffers': 1, 'SUBTILE_FACTOR': 2}, num_warps=8
  Sparse  best config: {'BLOCK_SIZE_M': 128, 'BLOCK_SIZE_N': 256, 'BLOCK_SIZE_K': 64, 'num_buffers': 4, 'SUBTILE_FACTOR': 4}, num_warps=8
  Runtime best config: {'BLOCK_SIZE_M': 128, 'BLOCK_SIZE_N': 256, 'BLOCK_SIZE_K': 64, 'num_buffers': 4, 'SUBTILE_FACTOR': 2}, num_warps=8
start 32768-16384-6144 (35/169)
finish 32768-16384-6144 -> Dense: 654.4778426862421, Precomp WS: 1022.4047349472304, 10.1 WS: 1006.1717986585121
  Dense   best config: {'BLOCK_SIZE_M': 128, 'BLOCK_SIZE_N': 256, 'BLOCK_SIZE_K': 64, 'num_buffers': 3, 'num_acc_buffers': 2, 'SUBTILE_FACTOR': 2}, num_warps=8
  Sparse  best config: {'BLOCK_SIZE_M': 128, 'BLOCK_SIZE_N': 256, 'BLOCK_SIZE_K': 64, 'num_buffers': 4, 'SUBTILE_FACTOR': 8}, num_warps=8
  Runtime best config: {'BLOCK_SIZE_M': 128, 'BLOCK_SIZE_N': 256, 'BLOCK_SIZE_K': 64, 'num_buffers': 4, 'SUBTILE_FACTOR': 2}, num_warps=8
start 49152-16384-4096 (36/169)
finish 49152-16384-4096 -> Dense: 648.536796144185, Precomp WS: 1009.5730384339527, 10.1 WS: 985.9665445874356
  Dense   best config: {'BLOCK_SIZE_M': 128, 'BLOCK_SIZE_N': 256, 'BLOCK_SIZE_K': 64, 'num_buffers': 3, 'num_acc_buffers': 2, 'SUBTILE_FACTOR': 2}, num_warps=8
  Sparse  best config: {'BLOCK_SIZE_M': 128, 'BLOCK_SIZE_N': 256, 'BLOCK_SIZE_K': 64, 'num_buffers': 5, 'SUBTILE_FACTOR': 8}, num_warps=8
  Runtime best config: {'BLOCK_SIZE_M': 128, 'BLOCK_SIZE_N': 256, 'BLOCK_SIZE_K': 64, 'num_buffers': 4, 'SUBTILE_FACTOR': 2}, num_warps=8
start 3072-16384-49152 (37/169)
finish 3072-16384-49152 -> Dense: 662.5262895646126, Precomp WS: 1059.0110066446064, 10.1 WS: 1055.4858022493922
  Dense   best config: {'BLOCK_SIZE_M': 128, 'BLOCK_SIZE_N': 256, 'BLOCK_SIZE_K': 64, 'num_buffers': 3, 'num_acc_buffers': 1, 'SUBTILE_FACTOR': 4}, num_warps=8
  Sparse  best config: {'BLOCK_SIZE_M': 128, 'BLOCK_SIZE_N': 256, 'BLOCK_SIZE_K': 64, 'num_buffers': 4, 'SUBTILE_FACTOR': 8}, num_warps=8
  Runtime best config: {'BLOCK_SIZE_M': 128, 'BLOCK_SIZE_N': 256, 'BLOCK_SIZE_K': 64, 'num_buffers': 4, 'SUBTILE_FACTOR': 4}, num_warps=8
start 6144-16384-24576 (38/169)
finish 6144-16384-24576 -> Dense: 659.4298568187186, Precomp WS: 1051.2242657541321, 10.1 WS: 1047.049060296434
  Dense   best config: {'BLOCK_SIZE_M': 128, 'BLOCK_SIZE_N': 256, 'BLOCK_SIZE_K': 64, 'num_buffers': 3, 'num_acc_buffers': 1, 'SUBTILE_FACTOR': 4}, num_warps=8
  Sparse  best config: {'BLOCK_SIZE_M': 128, 'BLOCK_SIZE_N': 256, 'BLOCK_SIZE_K': 64, 'num_buffers': 4, 'SUBTILE_FACTOR': 8}, num_warps=8
  Runtime best config: {'BLOCK_SIZE_M': 128, 'BLOCK_SIZE_N': 256, 'BLOCK_SIZE_K': 64, 'num_buffers': 4, 'SUBTILE_FACTOR': 4}, num_warps=8
start 12288-16384-12288 (39/169)
finish 12288-16384-12288 -> Dense: 661.0322104289658, Precomp WS: 1052.319709691629, 10.1 WS: 1042.3904824035183
  Dense   best config: {'BLOCK_SIZE_M': 128, 'BLOCK_SIZE_N': 256, 'BLOCK_SIZE_K': 64, 'num_buffers': 3, 'num_acc_buffers': 2, 'SUBTILE_FACTOR': 2}, num_warps=8
  Sparse  best config: {'BLOCK_SIZE_M': 128, 'BLOCK_SIZE_N': 256, 'BLOCK_SIZE_K': 64, 'num_buffers': 4, 'SUBTILE_FACTOR': 4}, num_warps=8
  Runtime best config: {'BLOCK_SIZE_M': 128, 'BLOCK_SIZE_N': 256, 'BLOCK_SIZE_K': 64, 'num_buffers': 4, 'SUBTILE_FACTOR': 2}, num_warps=8
start 24576-16384-6144 (40/169)
finish 24576-16384-6144 -> Dense: 649.9157333559469, Precomp WS: 1022.2176844478935, 10.1 WS: 1004.3186014891468
  Dense   best config: {'BLOCK_SIZE_M': 128, 'BLOCK_SIZE_N': 256, 'BLOCK_SIZE_K': 64, 'num_buffers': 3, 'num_acc_buffers': 2, 'SUBTILE_FACTOR': 4}, num_warps=8
  Sparse  best config: {'BLOCK_SIZE_M': 128, 'BLOCK_SIZE_N': 256, 'BLOCK_SIZE_K': 64, 'num_buffers': 4, 'SUBTILE_FACTOR': 4}, num_warps=8
  Runtime best config: {'BLOCK_SIZE_M': 128, 'BLOCK_SIZE_N': 256, 'BLOCK_SIZE_K': 64, 'num_buffers': 4, 'SUBTILE_FACTOR': 2}, num_warps=8
start 49152-16384-3072 (41/169)
finish 49152-16384-3072 -> Dense: 643.3302996422842, Precomp WS: 991.8368211738406, 10.1 WS: 954.5350222761798
  Dense   best config: {'BLOCK_SIZE_M': 128, 'BLOCK_SIZE_N': 256, 'BLOCK_SIZE_K': 64, 'num_buffers': 3, 'num_acc_buffers': 2, 'SUBTILE_FACTOR': 2}, num_warps=8
  Sparse  best config: {'BLOCK_SIZE_M': 128, 'BLOCK_SIZE_N': 256, 'BLOCK_SIZE_K': 64, 'num_buffers': 5, 'SUBTILE_FACTOR': 8}, num_warps=8
  Runtime best config: {'BLOCK_SIZE_M': 128, 'BLOCK_SIZE_N': 256, 'BLOCK_SIZE_K': 64, 'num_buffers': 4, 'SUBTILE_FACTOR': 4}, num_warps=8
start 4096-16384-32768 (42/169)
finish 4096-16384-32768 -> Dense: 660.6419897217877, Precomp WS: 1055.8507227841485, 10.1 WS: 1051.2492054521006
  Dense   best config: {'BLOCK_SIZE_M': 128, 'BLOCK_SIZE_N': 256, 'BLOCK_SIZE_K': 64, 'num_buffers': 3, 'num_acc_buffers': 1, 'SUBTILE_FACTOR': 8}, num_warps=8
  Sparse  best config: {'BLOCK_SIZE_M': 128, 'BLOCK_SIZE_N': 256, 'BLOCK_SIZE_K': 64, 'num_buffers': 4, 'SUBTILE_FACTOR': 8}, num_warps=8
  Runtime best config: {'BLOCK_SIZE_M': 128, 'BLOCK_SIZE_N': 256, 'BLOCK_SIZE_K': 64, 'num_buffers': 4, 'SUBTILE_FACTOR': 4}, num_warps=8
start 8192-16384-16384 (43/169)
finish 8192-16384-16384 -> Dense: 654.521681208715, Precomp WS: 1040.1583975063945, 10.1 WS: 1031.6003217435984
  Dense   best config: {'BLOCK_SIZE_M': 128, 'BLOCK_SIZE_N': 256, 'BLOCK_SIZE_K': 64, 'num_buffers': 3, 'num_acc_buffers': 1, 'SUBTILE_FACTOR': 4}, num_warps=8
  Sparse  best config: {'BLOCK_SIZE_M': 128, 'BLOCK_SIZE_N': 256, 'BLOCK_SIZE_K': 64, 'num_buffers': 4, 'SUBTILE_FACTOR': 8}, num_warps=8
  Runtime best config: {'BLOCK_SIZE_M': 128, 'BLOCK_SIZE_N': 256, 'BLOCK_SIZE_K': 64, 'num_buffers': 4, 'SUBTILE_FACTOR': 4}, num_warps=8
start 16384-16384-8192 (44/169)
finish 16384-16384-8192 -> Dense: 655.0391894681995, Precomp WS: 1035.8372502361883, 10.1 WS: 1022.9395034222086
  Dense   best config: {'BLOCK_SIZE_M': 128, 'BLOCK_SIZE_N': 256, 'BLOCK_SIZE_K': 64, 'num_buffers': 3, 'num_acc_buffers': 2, 'SUBTILE_FACTOR': 2}, num_warps=8
  Sparse  best config: {'BLOCK_SIZE_M': 128, 'BLOCK_SIZE_N': 256, 'BLOCK_SIZE_K': 64, 'num_buffers': 4, 'SUBTILE_FACTOR': 4}, num_warps=8
  Runtime best config: {'BLOCK_SIZE_M': 128, 'BLOCK_SIZE_N': 256, 'BLOCK_SIZE_K': 64, 'num_buffers': 4, 'SUBTILE_FACTOR': 2}, num_warps=8
start 32768-16384-4096 (45/169)
finish 32768-16384-4096 -> Dense: 646.6860097853499, Precomp WS: 1006.7131218145381, 10.1 WS: 983.1404965733765
  Dense   best config: {'BLOCK_SIZE_M': 128, 'BLOCK_SIZE_N': 256, 'BLOCK_SIZE_K': 64, 'num_buffers': 3, 'num_acc_buffers': 2, 'SUBTILE_FACTOR': 2}, num_warps=8
  Sparse  best config: {'BLOCK_SIZE_M': 128, 'BLOCK_SIZE_N': 256, 'BLOCK_SIZE_K': 64, 'num_buffers': 4, 'SUBTILE_FACTOR': 4}, num_warps=8
  Runtime best config: {'BLOCK_SIZE_M': 128, 'BLOCK_SIZE_N': 256, 'BLOCK_SIZE_K': 64, 'num_buffers': 4, 'SUBTILE_FACTOR': 2}, num_warps=8
start 2048-16384-49152 (46/169)
finish 2048-16384-49152 -> Dense: 663.4986482066225, Precomp WS: 1058.1001956405519, 10.1 WS: 1055.9664318880343
  Dense   best config: {'BLOCK_SIZE_M': 128, 'BLOCK_SIZE_N': 256, 'BLOCK_SIZE_K': 64, 'num_buffers': 4, 'num_acc_buffers': 1, 'SUBTILE_FACTOR': 8}, num_warps=8
  Sparse  best config: {'BLOCK_SIZE_M': 128, 'BLOCK_SIZE_N': 256, 'BLOCK_SIZE_K': 64, 'num_buffers': 4, 'SUBTILE_FACTOR': 4}, num_warps=8
  Runtime best config: {'BLOCK_SIZE_M': 128, 'BLOCK_SIZE_N': 256, 'BLOCK_SIZE_K': 64, 'num_buffers': 4, 'SUBTILE_FACTOR': 4}, num_warps=8
start 3072-16384-32768 (47/169)
finish 3072-16384-32768 -> Dense: 663.9304185039366, Precomp WS: 1057.455136449962, 10.1 WS: 1052.0778627568923
  Dense   best config: {'BLOCK_SIZE_M': 128, 'BLOCK_SIZE_N': 256, 'BLOCK_SIZE_K': 64, 'num_buffers': 3, 'num_acc_buffers': 1, 'SUBTILE_FACTOR': 4}, num_warps=8
  Sparse  best config: {'BLOCK_SIZE_M': 128, 'BLOCK_SIZE_N': 256, 'BLOCK_SIZE_K': 64, 'num_buffers': 4, 'SUBTILE_FACTOR': 8}, num_warps=8
  Runtime best config: {'BLOCK_SIZE_M': 128, 'BLOCK_SIZE_N': 256, 'BLOCK_SIZE_K': 64, 'num_buffers': 4, 'SUBTILE_FACTOR': 2}, num_warps=8
start 4096-16384-24576 (48/169)
finish 4096-16384-24576 -> Dense: 661.2669507835636, Precomp WS: 1051.7473990746657, 10.1 WS: 1047.5823223897498
  Dense   best config: {'BLOCK_SIZE_M': 128, 'BLOCK_SIZE_N': 256, 'BLOCK_SIZE_K': 64, 'num_buffers': 3, 'num_acc_buffers': 1, 'SUBTILE_FACTOR': 4}, num_warps=8
  Sparse  best config: {'BLOCK_SIZE_M': 128, 'BLOCK_SIZE_N': 256, 'BLOCK_SIZE_K': 64, 'num_buffers': 4, 'SUBTILE_FACTOR': 8}, num_warps=8
  Runtime best config: {'BLOCK_SIZE_M': 128, 'BLOCK_SIZE_N': 256, 'BLOCK_SIZE_K': 64, 'num_buffers': 4, 'SUBTILE_FACTOR': 4}, num_warps=8
start 6144-16384-16384 (49/169)
finish 6144-16384-16384 -> Dense: 655.9589471620978, Precomp WS: 1044.7461767645655, 10.1 WS: 1038.674593828175
  Dense   best config: {'BLOCK_SIZE_M': 128, 'BLOCK_SIZE_N': 256, 'BLOCK_SIZE_K': 64, 'num_buffers': 3, 'num_acc_buffers': 2, 'SUBTILE_FACTOR': 4}, num_warps=8
  Sparse  best config: {'BLOCK_SIZE_M': 128, 'BLOCK_SIZE_N': 256, 'BLOCK_SIZE_K': 64, 'num_buffers': 4, 'SUBTILE_FACTOR': 8}, num_warps=8
  Runtime best config: {'BLOCK_SIZE_M': 128, 'BLOCK_SIZE_N': 256, 'BLOCK_SIZE_K': 64, 'num_buffers': 4, 'SUBTILE_FACTOR': 4}, num_warps=8
start 8192-16384-12288 (50/169)
finish 8192-16384-12288 -> Dense: 654.6123091877479, Precomp WS: 1032.5854873111978, 10.1 WS: 1017.7345527471391
  Dense   best config: {'BLOCK_SIZE_M': 128, 'BLOCK_SIZE_N': 256, 'BLOCK_SIZE_K': 64, 'num_buffers': 3, 'num_acc_buffers': 2, 'SUBTILE_FACTOR': 2}, num_warps=8
  Sparse  best config: {'BLOCK_SIZE_M': 128, 'BLOCK_SIZE_N': 256, 'BLOCK_SIZE_K': 64, 'num_buffers': 4, 'SUBTILE_FACTOR': 8}, num_warps=8
  Runtime best config: {'BLOCK_SIZE_M': 128, 'BLOCK_SIZE_N': 256, 'BLOCK_SIZE_K': 64, 'num_buffers': 4, 'SUBTILE_FACTOR': 4}, num_warps=8
start 12288-16384-8192 (51/169)
finish 12288-16384-8192 -> Dense: 658.2164839345522, Precomp WS: 1039.4542439122745, 10.1 WS: 1024.607205284458
  Dense   best config: {'BLOCK_SIZE_M': 128, 'BLOCK_SIZE_N': 256, 'BLOCK_SIZE_K': 64, 'num_buffers': 3, 'num_acc_buffers': 1, 'SUBTILE_FACTOR': 2}, num_warps=8
  Sparse  best config: {'BLOCK_SIZE_M': 128, 'BLOCK_SIZE_N': 256, 'BLOCK_SIZE_K': 64, 'num_buffers': 4, 'SUBTILE_FACTOR': 4}, num_warps=8
  Runtime best config: {'BLOCK_SIZE_M': 128, 'BLOCK_SIZE_N': 256, 'BLOCK_SIZE_K': 64, 'num_buffers': 4, 'SUBTILE_FACTOR': 4}, num_warps=8
start 16384-16384-6144 (52/169)
finish 16384-16384-6144 -> Dense: 651.0936886696489, Precomp WS: 1023.7303287107827, 10.1 WS: 1006.2913600350578
  Dense   best config: {'BLOCK_SIZE_M': 128, 'BLOCK_SIZE_N': 256, 'BLOCK_SIZE_K': 64, 'num_buffers': 3, 'num_acc_buffers': 1, 'SUBTILE_FACTOR': 4}, num_warps=8
  Sparse  best config: {'BLOCK_SIZE_M': 128, 'BLOCK_SIZE_N': 256, 'BLOCK_SIZE_K': 64, 'num_buffers': 4, 'SUBTILE_FACTOR': 4}, num_warps=8
  Runtime best config: {'BLOCK_SIZE_M': 128, 'BLOCK_SIZE_N': 256, 'BLOCK_SIZE_K': 64, 'num_buffers': 4, 'SUBTILE_FACTOR': 4}, num_warps=8
start 24576-16384-4096 (53/169)
finish 24576-16384-4096 -> Dense: 645.2687820839637, Precomp WS: 1004.4390594280661, 10.1 WS: 983.0028505275416
  Dense   best config: {'BLOCK_SIZE_M': 128, 'BLOCK_SIZE_N': 256, 'BLOCK_SIZE_K': 64, 'num_buffers': 3, 'num_acc_buffers': 2, 'SUBTILE_FACTOR': 4}, num_warps=8
  Sparse  best config: {'BLOCK_SIZE_M': 128, 'BLOCK_SIZE_N': 256, 'BLOCK_SIZE_K': 64, 'num_buffers': 4, 'SUBTILE_FACTOR': 4}, num_warps=8
  Runtime best config: {'BLOCK_SIZE_M': 128, 'BLOCK_SIZE_N': 256, 'BLOCK_SIZE_K': 64, 'num_buffers': 4, 'SUBTILE_FACTOR': 2}, num_warps=8
start 32768-16384-3072 (54/169)
finish 32768-16384-3072 -> Dense: 642.2150869989226, Precomp WS: 991.3853119622553, 10.1 WS: 950.962448263948
  Dense   best config: {'BLOCK_SIZE_M': 128, 'BLOCK_SIZE_N': 256, 'BLOCK_SIZE_K': 64, 'num_buffers': 3, 'num_acc_buffers': 2, 'SUBTILE_FACTOR': 2}, num_warps=8
  Sparse  best config: {'BLOCK_SIZE_M': 128, 'BLOCK_SIZE_N': 256, 'BLOCK_SIZE_K': 64, 'num_buffers': 4, 'SUBTILE_FACTOR': 4}, num_warps=8
  Runtime best config: {'BLOCK_SIZE_M': 128, 'BLOCK_SIZE_N': 256, 'BLOCK_SIZE_K': 64, 'num_buffers': 4, 'SUBTILE_FACTOR': 4}, num_warps=8
start 49152-16384-2048 (55/169)
finish 49152-16384-2048 -> Dense: 629.1650685363408, Precomp WS: 961.161311555667, 10.1 WS: 911.2503275087884
  Dense   best config: {'BLOCK_SIZE_M': 128, 'BLOCK_SIZE_N': 256, 'BLOCK_SIZE_K': 64, 'num_buffers': 3, 'num_acc_buffers': 2, 'SUBTILE_FACTOR': 4}, num_warps=8
  Sparse  best config: {'BLOCK_SIZE_M': 128, 'BLOCK_SIZE_N': 256, 'BLOCK_SIZE_K': 64, 'num_buffers': 4, 'SUBTILE_FACTOR': 4}, num_warps=8
  Runtime best config: {'BLOCK_SIZE_M': 128, 'BLOCK_SIZE_N': 256, 'BLOCK_SIZE_K': 64, 'num_buffers': 4, 'SUBTILE_FACTOR': 2}, num_warps=8
start 1536-16384-49152 (56/169)
finish 1536-16384-49152 -> Dense: 662.2974939250445, Precomp WS: 1040.825274079514, 10.1 WS: 1039.3393573311255
  Dense   best config: {'BLOCK_SIZE_M': 256, 'BLOCK_SIZE_N': 128, 'BLOCK_SIZE_K': 64, 'num_buffers': 4, 'num_acc_buffers': 1, 'SUBTILE_FACTOR': 4}, num_warps=8
  Sparse  best config: {'BLOCK_SIZE_M': 128, 'BLOCK_SIZE_N': 256, 'BLOCK_SIZE_K': 64, 'num_buffers': 4, 'SUBTILE_FACTOR': 4}, num_warps=8
  Runtime best config: {'BLOCK_SIZE_M': 128, 'BLOCK_SIZE_N': 256, 'BLOCK_SIZE_K': 64, 'num_buffers': 4, 'SUBTILE_FACTOR': 4}, num_warps=8
start 3072-16384-24576 (57/169)
finish 3072-16384-24576 -> Dense: 659.4870804886863, Precomp WS: 1046.6372263835835, 10.1 WS: 1042.254053330625
  Dense   best config: {'BLOCK_SIZE_M': 128, 'BLOCK_SIZE_N': 256, 'BLOCK_SIZE_K': 64, 'num_buffers': 4, 'num_acc_buffers': 1, 'SUBTILE_FACTOR': 4}, num_warps=8
  Sparse  best config: {'BLOCK_SIZE_M': 128, 'BLOCK_SIZE_N': 256, 'BLOCK_SIZE_K': 64, 'num_buffers': 4, 'SUBTILE_FACTOR': 8}, num_warps=8
  Runtime best config: {'BLOCK_SIZE_M': 128, 'BLOCK_SIZE_N': 256, 'BLOCK_SIZE_K': 64, 'num_buffers': 4, 'SUBTILE_FACTOR': 4}, num_warps=8
start 6144-16384-12288 (58/169)
finish 6144-16384-12288 -> Dense: 654.6920740834146, Precomp WS: 1038.8156337514285, 10.1 WS: 1025.8560856337235
  Dense   best config: {'BLOCK_SIZE_M': 128, 'BLOCK_SIZE_N': 256, 'BLOCK_SIZE_K': 64, 'num_buffers': 4, 'num_acc_buffers': 1, 'SUBTILE_FACTOR': 4}, num_warps=8
  Sparse  best config: {'BLOCK_SIZE_M': 128, 'BLOCK_SIZE_N': 256, 'BLOCK_SIZE_K': 64, 'num_buffers': 4, 'SUBTILE_FACTOR': 4}, num_warps=8
  Runtime best config: {'BLOCK_SIZE_M': 128, 'BLOCK_SIZE_N': 256, 'BLOCK_SIZE_K': 64, 'num_buffers': 4, 'SUBTILE_FACTOR': 4}, num_warps=8
start 12288-16384-6144 (59/169)
finish 12288-16384-6144 -> Dense: 652.9834396389346, Precomp WS: 1030.2773360313663, 10.1 WS: 1010.4597144103521
  Dense   best config: {'BLOCK_SIZE_M': 128, 'BLOCK_SIZE_N': 256, 'BLOCK_SIZE_K': 64, 'num_buffers': 3, 'num_acc_buffers': 1, 'SUBTILE_FACTOR': 2}, num_warps=8
  Sparse  best config: {'BLOCK_SIZE_M': 128, 'BLOCK_SIZE_N': 256, 'BLOCK_SIZE_K': 64, 'num_buffers': 4, 'SUBTILE_FACTOR': 4}, num_warps=8
  Runtime best config: {'BLOCK_SIZE_M': 128, 'BLOCK_SIZE_N': 256, 'BLOCK_SIZE_K': 64, 'num_buffers': 4, 'SUBTILE_FACTOR': 2}, num_warps=8
start 24576-16384-3072 (60/169)
finish 24576-16384-3072 -> Dense: 641.9820365783634, Precomp WS: 988.3045226426472, 10.1 WS: 952.481711496466
  Dense   best config: {'BLOCK_SIZE_M': 128, 'BLOCK_SIZE_N': 256, 'BLOCK_SIZE_K': 64, 'num_buffers': 3, 'num_acc_buffers': 2, 'SUBTILE_FACTOR': 2}, num_warps=8
  Sparse  best config: {'BLOCK_SIZE_M': 128, 'BLOCK_SIZE_N': 256, 'BLOCK_SIZE_K': 64, 'num_buffers': 4, 'SUBTILE_FACTOR': 4}, num_warps=8
  Runtime best config: {'BLOCK_SIZE_M': 128, 'BLOCK_SIZE_N': 256, 'BLOCK_SIZE_K': 64, 'num_buffers': 4, 'SUBTILE_FACTOR': 4}, num_warps=8
start 49152-16384-1536 (61/169)
finish 49152-16384-1536 -> Dense: 619.798500273181, Precomp WS: 929.4972292384392, 10.1 WS: 863.503996705625
  Dense   best config: {'BLOCK_SIZE_M': 128, 'BLOCK_SIZE_N': 256, 'BLOCK_SIZE_K': 64, 'num_buffers': 3, 'num_acc_buffers': 2, 'SUBTILE_FACTOR': 2}, num_warps=8
  Sparse  best config: {'BLOCK_SIZE_M': 128, 'BLOCK_SIZE_N': 256, 'BLOCK_SIZE_K': 64, 'num_buffers': 4, 'SUBTILE_FACTOR': 4}, num_warps=8
  Runtime best config: {'BLOCK_SIZE_M': 128, 'BLOCK_SIZE_N': 256, 'BLOCK_SIZE_K': 64, 'num_buffers': 4, 'SUBTILE_FACTOR': 2}, num_warps=8
start 2048-16384-32768 (62/169)
finish 2048-16384-32768 -> Dense: 664.1600746398364, Precomp WS: 1056.1281310660988, 10.1 WS: 1053.2464407373416
  Dense   best config: {'BLOCK_SIZE_M': 128, 'BLOCK_SIZE_N': 256, 'BLOCK_SIZE_K': 64, 'num_buffers': 3, 'num_acc_buffers': 1, 'SUBTILE_FACTOR': 4}, num_warps=8
  Sparse  best config: {'BLOCK_SIZE_M': 128, 'BLOCK_SIZE_N': 256, 'BLOCK_SIZE_K': 64, 'num_buffers': 4, 'SUBTILE_FACTOR': 8}, num_warps=8
  Runtime best config: {'BLOCK_SIZE_M': 128, 'BLOCK_SIZE_N': 256, 'BLOCK_SIZE_K': 64, 'num_buffers': 4, 'SUBTILE_FACTOR': 4}, num_warps=8
start 4096-16384-16384 (63/169)
finish 4096-16384-16384 -> Dense: 657.3081879767618, Precomp WS: 1045.1800156359272, 10.1 WS: 1036.2992327509498
  Dense   best config: {'BLOCK_SIZE_M': 128, 'BLOCK_SIZE_N': 256, 'BLOCK_SIZE_K': 64, 'num_buffers': 4, 'num_acc_buffers': 1, 'SUBTILE_FACTOR': 4}, num_warps=8
  Sparse  best config: {'BLOCK_SIZE_M': 128, 'BLOCK_SIZE_N': 256, 'BLOCK_SIZE_K': 64, 'num_buffers': 4, 'SUBTILE_FACTOR': 8}, num_warps=8
  Runtime best config: {'BLOCK_SIZE_M': 128, 'BLOCK_SIZE_N': 256, 'BLOCK_SIZE_K': 64, 'num_buffers': 4, 'SUBTILE_FACTOR': 4}, num_warps=8
start 8192-16384-8192 (64/169)
finish 8192-16384-8192 -> Dense: 647.887875518571, Precomp WS: 1003.4587160296957, 10.1 WS: 985.6957477934486
  Dense   best config: {'BLOCK_SIZE_M': 128, 'BLOCK_SIZE_N': 256, 'BLOCK_SIZE_K': 64, 'num_buffers': 3, 'num_acc_buffers': 2, 'SUBTILE_FACTOR': 2}, num_warps=8
  Sparse  best config: {'BLOCK_SIZE_M': 128, 'BLOCK_SIZE_N': 256, 'BLOCK_SIZE_K': 64, 'num_buffers': 4, 'SUBTILE_FACTOR': 4}, num_warps=8
  Runtime best config: {'BLOCK_SIZE_M': 128, 'BLOCK_SIZE_N': 256, 'BLOCK_SIZE_K': 64, 'num_buffers': 4, 'SUBTILE_FACTOR': 4}, num_warps=8
start 16384-16384-4096 (65/169)
finish 16384-16384-4096 -> Dense: 645.5992999582381, Precomp WS: 1001.9602153470469, 10.1 WS: 977.6698527045285
  Dense   best config: {'BLOCK_SIZE_M': 128, 'BLOCK_SIZE_N': 256, 'BLOCK_SIZE_K': 64, 'num_buffers': 3, 'num_acc_buffers': 2, 'SUBTILE_FACTOR': 2}, num_warps=8
  Sparse  best config: {'BLOCK_SIZE_M': 128, 'BLOCK_SIZE_N': 256, 'BLOCK_SIZE_K': 64, 'num_buffers': 4, 'SUBTILE_FACTOR': 4}, num_warps=8
  Runtime best config: {'BLOCK_SIZE_M': 128, 'BLOCK_SIZE_N': 256, 'BLOCK_SIZE_K': 64, 'num_buffers': 4, 'SUBTILE_FACTOR': 2}, num_warps=8
start 32768-16384-2048 (66/169)
finish 32768-16384-2048 -> Dense: 629.9567592622999, Precomp WS: 949.656873321543, 10.1 WS: 905.5906535116138
  Dense   best config: {'BLOCK_SIZE_M': 128, 'BLOCK_SIZE_N': 256, 'BLOCK_SIZE_K': 64, 'num_buffers': 3, 'num_acc_buffers': 2, 'SUBTILE_FACTOR': 2}, num_warps=8
  Sparse  best config: {'BLOCK_SIZE_M': 256, 'BLOCK_SIZE_N': 128, 'BLOCK_SIZE_K': 64, 'num_buffers': 4, 'SUBTILE_FACTOR': 2}, num_warps=8
  Runtime best config: {'BLOCK_SIZE_M': 128, 'BLOCK_SIZE_N': 256, 'BLOCK_SIZE_K': 64, 'num_buffers': 4, 'SUBTILE_FACTOR': 2}, num_warps=8
start 1024-16384-49152 (67/169)
finish 1024-16384-49152 -> Dense: 663.8725517122285, Precomp WS: 1053.5808183168635, 10.1 WS: 1049.8095757517528
  Dense   best config: {'BLOCK_SIZE_M': 128, 'BLOCK_SIZE_N': 256, 'BLOCK_SIZE_K': 64, 'num_buffers': 4, 'num_acc_buffers': 1, 'SUBTILE_FACTOR': 4}, num_warps=8
  Sparse  best config: {'BLOCK_SIZE_M': 128, 'BLOCK_SIZE_N': 256, 'BLOCK_SIZE_K': 64, 'num_buffers': 4, 'SUBTILE_FACTOR': 8}, num_warps=8
  Runtime best config: {'BLOCK_SIZE_M': 128, 'BLOCK_SIZE_N': 256, 'BLOCK_SIZE_K': 64, 'num_buffers': 4, 'SUBTILE_FACTOR': 4}, num_warps=8
start 1536-16384-32768 (68/169)
finish 1536-16384-32768 -> Dense: 661.9009430798988, Precomp WS: 1037.2697632715453, 10.1 WS: 1034.1200804232517
  Dense   best config: {'BLOCK_SIZE_M': 256, 'BLOCK_SIZE_N': 128, 'BLOCK_SIZE_K': 64, 'num_buffers': 4, 'num_acc_buffers': 1, 'SUBTILE_FACTOR': 4}, num_warps=8
  Sparse  best config: {'BLOCK_SIZE_M': 128, 'BLOCK_SIZE_N': 256, 'BLOCK_SIZE_K': 64, 'num_buffers': 4, 'SUBTILE_FACTOR': 4}, num_warps=8
  Runtime best config: {'BLOCK_SIZE_M': 128, 'BLOCK_SIZE_N': 256, 'BLOCK_SIZE_K': 64, 'num_buffers': 4, 'SUBTILE_FACTOR': 2}, num_warps=8
start 2048-16384-24576 (69/169)
finish 2048-16384-24576 -> Dense: 662.5153115728209, Precomp WS: 1053.1678476046202, 10.1 WS: 1047.3478240329111
  Dense   best config: {'BLOCK_SIZE_M': 128, 'BLOCK_SIZE_N': 256, 'BLOCK_SIZE_K': 64, 'num_buffers': 4, 'num_acc_buffers': 1, 'SUBTILE_FACTOR': 4}, num_warps=8
  Sparse  best config: {'BLOCK_SIZE_M': 128, 'BLOCK_SIZE_N': 256, 'BLOCK_SIZE_K': 64, 'num_buffers': 4, 'SUBTILE_FACTOR': 8}, num_warps=8
  Runtime best config: {'BLOCK_SIZE_M': 128, 'BLOCK_SIZE_N': 256, 'BLOCK_SIZE_K': 64, 'num_buffers': 4, 'SUBTILE_FACTOR': 2}, num_warps=8
start 3072-16384-16384 (70/169)
finish 3072-16384-16384 -> Dense: 656.8451046707554, Precomp WS: 1045.7540199311663, 10.1 WS: 1037.5800523136745
  Dense   best config: {'BLOCK_SIZE_M': 128, 'BLOCK_SIZE_N': 256, 'BLOCK_SIZE_K': 64, 'num_buffers': 3, 'num_acc_buffers': 1, 'SUBTILE_FACTOR': 2}, num_warps=8
  Sparse  best config: {'BLOCK_SIZE_M': 128, 'BLOCK_SIZE_N': 256, 'BLOCK_SIZE_K': 64, 'num_buffers': 4, 'SUBTILE_FACTOR': 4}, num_warps=8
  Runtime best config: {'BLOCK_SIZE_M': 128, 'BLOCK_SIZE_N': 256, 'BLOCK_SIZE_K': 64, 'num_buffers': 4, 'SUBTILE_FACTOR': 2}, num_warps=8
start 4096-16384-12288 (71/169)
finish 4096-16384-12288 -> Dense: 654.911891634554, Precomp WS: 1037.4949669031137, 10.1 WS: 1027.613988890555
  Dense   best config: {'BLOCK_SIZE_M': 128, 'BLOCK_SIZE_N': 256, 'BLOCK_SIZE_K': 64, 'num_buffers': 4, 'num_acc_buffers': 1, 'SUBTILE_FACTOR': 4}, num_warps=8
  Sparse  best config: {'BLOCK_SIZE_M': 128, 'BLOCK_SIZE_N': 256, 'BLOCK_SIZE_K': 64, 'num_buffers': 4, 'SUBTILE_FACTOR': 8}, num_warps=8
  Runtime best config: {'BLOCK_SIZE_M': 128, 'BLOCK_SIZE_N': 256, 'BLOCK_SIZE_K': 64, 'num_buffers': 4, 'SUBTILE_FACTOR': 2}, num_warps=8
start 6144-16384-8192 (72/169)
finish 6144-16384-8192 -> Dense: 646.2842597932291, Precomp WS: 1002.5238722348261, 10.1 WS: 980.9460984515115
  Dense   best config: {'BLOCK_SIZE_M': 128, 'BLOCK_SIZE_N': 256, 'BLOCK_SIZE_K': 64, 'num_buffers': 3, 'num_acc_buffers': 2, 'SUBTILE_FACTOR': 4}, num_warps=8
  Sparse  best config: {'BLOCK_SIZE_M': 128, 'BLOCK_SIZE_N': 256, 'BLOCK_SIZE_K': 64, 'num_buffers': 4, 'SUBTILE_FACTOR': 4}, num_warps=8
  Runtime best config: {'BLOCK_SIZE_M': 128, 'BLOCK_SIZE_N': 256, 'BLOCK_SIZE_K': 64, 'num_buffers': 4, 'SUBTILE_FACTOR': 4}, num_warps=8
start 8192-16384-6144 (73/169)
finish 8192-16384-6144 -> Dense: 628.8796042208007, Precomp WS: 996.0353990444692, 10.1 WS: 972.5064279424247
  Dense   best config: {'BLOCK_SIZE_M': 128, 'BLOCK_SIZE_N': 256, 'BLOCK_SIZE_K': 64, 'num_buffers': 3, 'num_acc_buffers': 1, 'SUBTILE_FACTOR': 2}, num_warps=8
  Sparse  best config: {'BLOCK_SIZE_M': 128, 'BLOCK_SIZE_N': 256, 'BLOCK_SIZE_K': 64, 'num_buffers': 4, 'SUBTILE_FACTOR': 4}, num_warps=8
  Runtime best config: {'BLOCK_SIZE_M': 128, 'BLOCK_SIZE_N': 256, 'BLOCK_SIZE_K': 64, 'num_buffers': 4, 'SUBTILE_FACTOR': 2}, num_warps=8
start 12288-16384-4096 (74/169)
finish 12288-16384-4096 -> Dense: 645.2998414243515, Precomp WS: 1004.1575786495414, 10.1 WS: 982.5894072188472
  Dense   best config: {'BLOCK_SIZE_M': 128, 'BLOCK_SIZE_N': 256, 'BLOCK_SIZE_K': 64, 'num_buffers': 3, 'num_acc_buffers': 2, 'SUBTILE_FACTOR': 2}, num_warps=8
  Sparse  best config: {'BLOCK_SIZE_M': 128, 'BLOCK_SIZE_N': 256, 'BLOCK_SIZE_K': 64, 'num_buffers': 4, 'SUBTILE_FACTOR': 4}, num_warps=8
  Runtime best config: {'BLOCK_SIZE_M': 128, 'BLOCK_SIZE_N': 256, 'BLOCK_SIZE_K': 64, 'num_buffers': 4, 'SUBTILE_FACTOR': 2}, num_warps=8
start 16384-16384-3072 (75/169)
finish 16384-16384-3072 -> Dense: 639.4923361971757, Precomp WS: 982.4066229367589, 10.1 WS: 946.2678657726916
  Dense   best config: {'BLOCK_SIZE_M': 128, 'BLOCK_SIZE_N': 256, 'BLOCK_SIZE_K': 64, 'num_buffers': 3, 'num_acc_buffers': 2, 'SUBTILE_FACTOR': 2}, num_warps=8
  Sparse  best config: {'BLOCK_SIZE_M': 128, 'BLOCK_SIZE_N': 256, 'BLOCK_SIZE_K': 64, 'num_buffers': 4, 'SUBTILE_FACTOR': 4}, num_warps=8
  Runtime best config: {'BLOCK_SIZE_M': 128, 'BLOCK_SIZE_N': 256, 'BLOCK_SIZE_K': 64, 'num_buffers': 4, 'SUBTILE_FACTOR': 2}, num_warps=8
start 24576-16384-2048 (76/169)
finish 24576-16384-2048 -> Dense: 630.2710154620452, Precomp WS: 956.654902977212, 10.1 WS: 908.2567459554775
  Dense   best config: {'BLOCK_SIZE_M': 128, 'BLOCK_SIZE_N': 256, 'BLOCK_SIZE_K': 64, 'num_buffers': 3, 'num_acc_buffers': 2, 'SUBTILE_FACTOR': 2}, num_warps=8
  Sparse  best config: {'BLOCK_SIZE_M': 128, 'BLOCK_SIZE_N': 256, 'BLOCK_SIZE_K': 64, 'num_buffers': 4, 'SUBTILE_FACTOR': 4}, num_warps=8
  Runtime best config: {'BLOCK_SIZE_M': 128, 'BLOCK_SIZE_N': 256, 'BLOCK_SIZE_K': 64, 'num_buffers': 4, 'SUBTILE_FACTOR': 2}, num_warps=8
start 32768-16384-1536 (77/169)
finish 32768-16384-1536 -> Dense: 621.7211503279927, Precomp WS: 930.5416426364014, 10.1 WS: 865.7321859155625
  Dense   best config: {'BLOCK_SIZE_M': 128, 'BLOCK_SIZE_N': 256, 'BLOCK_SIZE_K': 64, 'num_buffers': 3, 'num_acc_buffers': 2, 'SUBTILE_FACTOR': 2}, num_warps=8
  Sparse  best config: {'BLOCK_SIZE_M': 128, 'BLOCK_SIZE_N': 256, 'BLOCK_SIZE_K': 64, 'num_buffers': 4, 'SUBTILE_FACTOR': 4}, num_warps=8
  Runtime best config: {'BLOCK_SIZE_M': 128, 'BLOCK_SIZE_N': 256, 'BLOCK_SIZE_K': 64, 'num_buffers': 4, 'SUBTILE_FACTOR': 2}, num_warps=8
start 49152-16384-1024 (78/169)
finish 49152-16384-1024 -> Dense: 593.6280560017642, Precomp WS: 862.2310290353239, 10.1 WS: 785.1943963818995
  Dense   best config: {'BLOCK_SIZE_M': 128, 'BLOCK_SIZE_N': 256, 'BLOCK_SIZE_K': 64, 'num_buffers': 3, 'num_acc_buffers': 2, 'SUBTILE_FACTOR': 2}, num_warps=8
  Sparse  best config: {'BLOCK_SIZE_M': 128, 'BLOCK_SIZE_N': 256, 'BLOCK_SIZE_K': 64, 'num_buffers': 4, 'SUBTILE_FACTOR': 4}, num_warps=8
  Runtime best config: {'BLOCK_SIZE_M': 128, 'BLOCK_SIZE_N': 256, 'BLOCK_SIZE_K': 64, 'num_buffers': 4, 'SUBTILE_FACTOR': 2}, num_warps=8
start 768-16384-49152 (79/169)
finish 768-16384-49152 -> Dense: 633.8705999457289, Precomp WS: 923.7945494606993, 10.1 WS: 1033.6906314375772
  Dense   best config: {'BLOCK_SIZE_M': 128, 'BLOCK_SIZE_N': 256, 'BLOCK_SIZE_K': 64, 'num_buffers': 3, 'num_acc_buffers': 2, 'SUBTILE_FACTOR': 2}, num_warps=8
  Sparse  best config: {'BLOCK_SIZE_M': 128, 'BLOCK_SIZE_N': 256, 'BLOCK_SIZE_K': 64, 'num_buffers': 4, 'SUBTILE_FACTOR': 4}, num_warps=8
  Runtime best config: {'BLOCK_SIZE_M': 128, 'BLOCK_SIZE_N': 256, 'BLOCK_SIZE_K': 64, 'num_buffers': 4, 'SUBTILE_FACTOR': 4}, num_warps=8
start 1536-16384-24576 (80/169)
finish 1536-16384-24576 -> Dense: 660.5842666864401, Precomp WS: 1035.8177340050497, 10.1 WS: 1029.0417033799738
  Dense   best config: {'BLOCK_SIZE_M': 256, 'BLOCK_SIZE_N': 128, 'BLOCK_SIZE_K': 64, 'num_buffers': 4, 'num_acc_buffers': 1, 'SUBTILE_FACTOR': 4}, num_warps=8
  Sparse  best config: {'BLOCK_SIZE_M': 128, 'BLOCK_SIZE_N': 256, 'BLOCK_SIZE_K': 64, 'num_buffers': 5, 'SUBTILE_FACTOR': 8}, num_warps=8
  Runtime best config: {'BLOCK_SIZE_M': 128, 'BLOCK_SIZE_N': 256, 'BLOCK_SIZE_K': 64, 'num_buffers': 4, 'SUBTILE_FACTOR': 4}, num_warps=8
start 3072-16384-12288 (81/169)
finish 3072-16384-12288 -> Dense: 656.1361044260589, Precomp WS: 1042.7238829313576, 10.1 WS: 1027.6380001558819
  Dense   best config: {'BLOCK_SIZE_M': 128, 'BLOCK_SIZE_N': 256, 'BLOCK_SIZE_K': 64, 'num_buffers': 4, 'num_acc_buffers': 1, 'SUBTILE_FACTOR': 4}, num_warps=8
  Sparse  best config: {'BLOCK_SIZE_M': 128, 'BLOCK_SIZE_N': 256, 'BLOCK_SIZE_K': 64, 'num_buffers': 4, 'SUBTILE_FACTOR': 4}, num_warps=8
  Runtime best config: {'BLOCK_SIZE_M': 128, 'BLOCK_SIZE_N': 256, 'BLOCK_SIZE_K': 64, 'num_buffers': 4, 'SUBTILE_FACTOR': 4}, num_warps=8
start 6144-16384-6144 (82/169)
finish 6144-16384-6144 -> Dense: 637.1628583602864, Precomp WS: 992.641118431098, 10.1 WS: 969.844367894367
  Dense   best config: {'BLOCK_SIZE_M': 128, 'BLOCK_SIZE_N': 256, 'BLOCK_SIZE_K': 64, 'num_buffers': 3, 'num_acc_buffers': 1, 'SUBTILE_FACTOR': 2}, num_warps=8
  Sparse  best config: {'BLOCK_SIZE_M': 128, 'BLOCK_SIZE_N': 256, 'BLOCK_SIZE_K': 64, 'num_buffers': 4, 'SUBTILE_FACTOR': 4}, num_warps=8
  Runtime best config: {'BLOCK_SIZE_M': 128, 'BLOCK_SIZE_N': 256, 'BLOCK_SIZE_K': 64, 'num_buffers': 4, 'SUBTILE_FACTOR': 2}, num_warps=8
start 12288-16384-3072 (83/169)
finish 12288-16384-3072 -> Dense: 637.1858478105178, Precomp WS: 989.1886408950725, 10.1 WS: 956.3903937399192
  Dense   best config: {'BLOCK_SIZE_M': 128, 'BLOCK_SIZE_N': 256, 'BLOCK_SIZE_K': 64, 'num_buffers': 3, 'num_acc_buffers': 1, 'SUBTILE_FACTOR': 2}, num_warps=8
  Sparse  best config: {'BLOCK_SIZE_M': 128, 'BLOCK_SIZE_N': 256, 'BLOCK_SIZE_K': 64, 'num_buffers': 4, 'SUBTILE_FACTOR': 4}, num_warps=8
  Runtime best config: {'BLOCK_SIZE_M': 128, 'BLOCK_SIZE_N': 256, 'BLOCK_SIZE_K': 64, 'num_buffers': 4, 'SUBTILE_FACTOR': 2}, num_warps=8
start 24576-16384-1536 (84/169)
finish 24576-16384-1536 -> Dense: 620.9035284483659, Precomp WS: 927.6134097762177, 10.1 WS: 863.6457416096391
  Dense   best config: {'BLOCK_SIZE_M': 128, 'BLOCK_SIZE_N': 256, 'BLOCK_SIZE_K': 64, 'num_buffers': 3, 'num_acc_buffers': 2, 'SUBTILE_FACTOR': 2}, num_warps=8
  Sparse  best config: {'BLOCK_SIZE_M': 128, 'BLOCK_SIZE_N': 256, 'BLOCK_SIZE_K': 64, 'num_buffers': 4, 'SUBTILE_FACTOR': 4}, num_warps=8
  Runtime best config: {'BLOCK_SIZE_M': 128, 'BLOCK_SIZE_N': 256, 'BLOCK_SIZE_K': 64, 'num_buffers': 4, 'SUBTILE_FACTOR': 2}, num_warps=8
start 49152-16384-768 (85/169)
finish 49152-16384-768 -> Dense: 569.5799433243, Precomp WS: 802.8099494563737, 10.1 WS: 716.986369426542
  Dense   best config: {'BLOCK_SIZE_M': 128, 'BLOCK_SIZE_N': 256, 'BLOCK_SIZE_K': 64, 'num_buffers': 4, 'num_acc_buffers': 2, 'SUBTILE_FACTOR': 4}, num_warps=8
  Sparse  best config: {'BLOCK_SIZE_M': 128, 'BLOCK_SIZE_N': 256, 'BLOCK_SIZE_K': 64, 'num_buffers': 5, 'SUBTILE_FACTOR': 8}, num_warps=8
  Runtime best config: {'BLOCK_SIZE_M': 128, 'BLOCK_SIZE_N': 256, 'BLOCK_SIZE_K': 64, 'num_buffers': 4, 'SUBTILE_FACTOR': 2}, num_warps=8
start 1024-16384-32768 (86/169)
finish 1024-16384-32768 -> Dense: 663.1079347301078, Precomp WS: 1056.558692535755, 10.1 WS: 1051.8702274812222
  Dense   best config: {'BLOCK_SIZE_M': 128, 'BLOCK_SIZE_N': 256, 'BLOCK_SIZE_K': 64, 'num_buffers': 3, 'num_acc_buffers': 2, 'SUBTILE_FACTOR': 2}, num_warps=8
  Sparse  best config: {'BLOCK_SIZE_M': 128, 'BLOCK_SIZE_N': 256, 'BLOCK_SIZE_K': 64, 'num_buffers': 4, 'SUBTILE_FACTOR': 8}, num_warps=8
  Runtime best config: {'BLOCK_SIZE_M': 128, 'BLOCK_SIZE_N': 256, 'BLOCK_SIZE_K': 64, 'num_buffers': 4, 'SUBTILE_FACTOR': 2}, num_warps=8
start 2048-16384-16384 (87/169)
finish 2048-16384-16384 -> Dense: 659.791763716685, Precomp WS: 1043.9213213153507, 10.1 WS: 1037.4636613036448
  Dense   best config: {'BLOCK_SIZE_M': 128, 'BLOCK_SIZE_N': 256, 'BLOCK_SIZE_K': 64, 'num_buffers': 4, 'num_acc_buffers': 1, 'SUBTILE_FACTOR': 4}, num_warps=8
  Sparse  best config: {'BLOCK_SIZE_M': 128, 'BLOCK_SIZE_N': 256, 'BLOCK_SIZE_K': 64, 'num_buffers': 4, 'SUBTILE_FACTOR': 8}, num_warps=8
  Runtime best config: {'BLOCK_SIZE_M': 128, 'BLOCK_SIZE_N': 256, 'BLOCK_SIZE_K': 64, 'num_buffers': 4, 'SUBTILE_FACTOR': 2}, num_warps=8
start 4096-16384-8192 (88/169)
finish 4096-16384-8192 -> Dense: 649.2228063011723, Precomp WS: 1022.4293127311176, 10.1 WS: 1009.3764381954865
  Dense   best config: {'BLOCK_SIZE_M': 128, 'BLOCK_SIZE_N': 256, 'BLOCK_SIZE_K': 64, 'num_buffers': 4, 'num_acc_buffers': 1, 'SUBTILE_FACTOR': 4}, num_warps=8
  Sparse  best config: {'BLOCK_SIZE_M': 128, 'BLOCK_SIZE_N': 256, 'BLOCK_SIZE_K': 64, 'num_buffers': 4, 'SUBTILE_FACTOR': 4}, num_warps=8
  Runtime best config: {'BLOCK_SIZE_M': 128, 'BLOCK_SIZE_N': 256, 'BLOCK_SIZE_K': 64, 'num_buffers': 4, 'SUBTILE_FACTOR': 2}, num_warps=8
start 8192-16384-4096 (89/169)
finish 8192-16384-4096 -> Dense: 604.5327582477881, Precomp WS: 972.3822259851784, 10.1 WS: 942.8920195414772
  Dense   best config: {'BLOCK_SIZE_M': 128, 'BLOCK_SIZE_N': 128, 'BLOCK_SIZE_K': 64, 'num_buffers': 5, 'num_acc_buffers': 1, 'SUBTILE_FACTOR': 4}, num_warps=8
  Sparse  best config: {'BLOCK_SIZE_M': 128, 'BLOCK_SIZE_N': 256, 'BLOCK_SIZE_K': 64, 'num_buffers': 4, 'SUBTILE_FACTOR': 4}, num_warps=8
  Runtime best config: {'BLOCK_SIZE_M': 128, 'BLOCK_SIZE_N': 256, 'BLOCK_SIZE_K': 64, 'num_buffers': 4, 'SUBTILE_FACTOR': 2}, num_warps=8
start 16384-16384-2048 (90/169)
finish 16384-16384-2048 -> Dense: 621.1456517391654, Precomp WS: 947.7333323808977, 10.1 WS: 906.6945857154177
  Dense   best config: {'BLOCK_SIZE_M': 128, 'BLOCK_SIZE_N': 256, 'BLOCK_SIZE_K': 64, 'num_buffers': 3, 'num_acc_buffers': 1, 'SUBTILE_FACTOR': 2}, num_warps=8
  Sparse  best config: {'BLOCK_SIZE_M': 256, 'BLOCK_SIZE_N': 128, 'BLOCK_SIZE_K': 64, 'num_buffers': 4, 'SUBTILE_FACTOR': 2}, num_warps=8
  Runtime best config: {'BLOCK_SIZE_M': 128, 'BLOCK_SIZE_N': 256, 'BLOCK_SIZE_K': 64, 'num_buffers': 4, 'SUBTILE_FACTOR': 2}, num_warps=8
start 32768-16384-1024 (91/169)
finish 32768-16384-1024 -> Dense: 591.2328588668391, Precomp WS: 860.508705088281, 10.1 WS: 782.5588369366665
  Dense   best config: {'BLOCK_SIZE_M': 128, 'BLOCK_SIZE_N': 256, 'BLOCK_SIZE_K': 64, 'num_buffers': 3, 'num_acc_buffers': 2, 'SUBTILE_FACTOR': 4}, num_warps=8
  Sparse  best config: {'BLOCK_SIZE_M': 128, 'BLOCK_SIZE_N': 256, 'BLOCK_SIZE_K': 64, 'num_buffers': 4, 'SUBTILE_FACTOR': 4}, num_warps=8
  Runtime best config: {'BLOCK_SIZE_M': 128, 'BLOCK_SIZE_N': 256, 'BLOCK_SIZE_K': 64, 'num_buffers': 4, 'SUBTILE_FACTOR': 2}, num_warps=8
start 768-16384-32768 (92/169)
finish 768-16384-32768 -> Dense: 632.1103298130232, Precomp WS: 930.7375112426027, 10.1 WS: 1029.2419896960303
  Dense   best config: {'BLOCK_SIZE_M': 128, 'BLOCK_SIZE_N': 256, 'BLOCK_SIZE_K': 64, 'num_buffers': 3, 'num_acc_buffers': 2, 'SUBTILE_FACTOR': 4}, num_warps=8
  Sparse  best config: {'BLOCK_SIZE_M': 128, 'BLOCK_SIZE_N': 256, 'BLOCK_SIZE_K': 64, 'num_buffers': 4, 'SUBTILE_FACTOR': 4}, num_warps=8
  Runtime best config: {'BLOCK_SIZE_M': 128, 'BLOCK_SIZE_N': 256, 'BLOCK_SIZE_K': 64, 'num_buffers': 4, 'SUBTILE_FACTOR': 2}, num_warps=8
start 1024-16384-24576 (93/169)
finish 1024-16384-24576 -> Dense: 661.4313162565956, Precomp WS: 1045.5124361442604, 10.1 WS: 1044.0032391568752
  Dense   best config: {'BLOCK_SIZE_M': 128, 'BLOCK_SIZE_N': 256, 'BLOCK_SIZE_K': 64, 'num_buffers': 4, 'num_acc_buffers': 1, 'SUBTILE_FACTOR': 4}, num_warps=8
  Sparse  best config: {'BLOCK_SIZE_M': 128, 'BLOCK_SIZE_N': 256, 'BLOCK_SIZE_K': 64, 'num_buffers': 4, 'SUBTILE_FACTOR': 4}, num_warps=8
  Runtime best config: {'BLOCK_SIZE_M': 128, 'BLOCK_SIZE_N': 256, 'BLOCK_SIZE_K': 64, 'num_buffers': 4, 'SUBTILE_FACTOR': 4}, num_warps=8
start 1536-16384-16384 (94/169)
finish 1536-16384-16384 -> Dense: 653.8471887078779, Precomp WS: 1026.2138650868333, 10.1 WS: 1020.4520402345671
  Dense   best config: {'BLOCK_SIZE_M': 128, 'BLOCK_SIZE_N': 256, 'BLOCK_SIZE_K': 64, 'num_buffers': 3, 'num_acc_buffers': 1, 'SUBTILE_FACTOR': 4}, num_warps=8
  Sparse  best config: {'BLOCK_SIZE_M': 128, 'BLOCK_SIZE_N': 256, 'BLOCK_SIZE_K': 64, 'num_buffers': 4, 'SUBTILE_FACTOR': 4}, num_warps=8
  Runtime best config: {'BLOCK_SIZE_M': 128, 'BLOCK_SIZE_N': 256, 'BLOCK_SIZE_K': 64, 'num_buffers': 4, 'SUBTILE_FACTOR': 4}, num_warps=8
start 2048-16384-12288 (95/169)
finish 2048-16384-12288 -> Dense: 656.2870205653335, Precomp WS: 1035.6529921822012, 10.1 WS: 1025.254263226831
  Dense   best config: {'BLOCK_SIZE_M': 128, 'BLOCK_SIZE_N': 256, 'BLOCK_SIZE_K': 64, 'num_buffers': 3, 'num_acc_buffers': 1, 'SUBTILE_FACTOR': 2}, num_warps=8
  Sparse  best config: {'BLOCK_SIZE_M': 128, 'BLOCK_SIZE_N': 256, 'BLOCK_SIZE_K': 64, 'num_buffers': 4, 'SUBTILE_FACTOR': 4}, num_warps=8
  Runtime best config: {'BLOCK_SIZE_M': 128, 'BLOCK_SIZE_N': 256, 'BLOCK_SIZE_K': 64, 'num_buffers': 4, 'SUBTILE_FACTOR': 4}, num_warps=8
start 3072-16384-8192 (96/169)
finish 3072-16384-8192 -> Dense: 650.2800257893139, Precomp WS: 1024.9603328577314, 10.1 WS: 1008.2312023109391
  Dense   best config: {'BLOCK_SIZE_M': 128, 'BLOCK_SIZE_N': 256, 'BLOCK_SIZE_K': 64, 'num_buffers': 3, 'num_acc_buffers': 1, 'SUBTILE_FACTOR': 4}, num_warps=8
  Sparse  best config: {'BLOCK_SIZE_M': 128, 'BLOCK_SIZE_N': 256, 'BLOCK_SIZE_K': 64, 'num_buffers': 4, 'SUBTILE_FACTOR': 4}, num_warps=8
  Runtime best config: {'BLOCK_SIZE_M': 128, 'BLOCK_SIZE_N': 256, 'BLOCK_SIZE_K': 64, 'num_buffers': 4, 'SUBTILE_FACTOR': 2}, num_warps=8
start 4096-16384-6144 (97/169)
finish 4096-16384-6144 -> Dense: 643.9006788102637, Precomp WS: 1011.6432398575696, 10.1 WS: 977.4808872969842
  Dense   best config: {'BLOCK_SIZE_M': 128, 'BLOCK_SIZE_N': 256, 'BLOCK_SIZE_K': 64, 'num_buffers': 4, 'num_acc_buffers': 1, 'SUBTILE_FACTOR': 4}, num_warps=8
  Sparse  best config: {'BLOCK_SIZE_M': 128, 'BLOCK_SIZE_N': 256, 'BLOCK_SIZE_K': 64, 'num_buffers': 4, 'SUBTILE_FACTOR': 4}, num_warps=8
  Runtime best config: {'BLOCK_SIZE_M': 128, 'BLOCK_SIZE_N': 256, 'BLOCK_SIZE_K': 64, 'num_buffers': 4, 'SUBTILE_FACTOR': 2}, num_warps=8
start 6144-16384-4096 (98/169)
finish 6144-16384-4096 -> Dense: 621.2662741043716, Precomp WS: 972.2598805082035, 10.1 WS: 938.7328643468262
  Dense   best config: {'BLOCK_SIZE_M': 128, 'BLOCK_SIZE_N': 256, 'BLOCK_SIZE_K': 64, 'num_buffers': 3, 'num_acc_buffers': 2, 'SUBTILE_FACTOR': 2}, num_warps=8
  Sparse  best config: {'BLOCK_SIZE_M': 128, 'BLOCK_SIZE_N': 256, 'BLOCK_SIZE_K': 64, 'num_buffers': 4, 'SUBTILE_FACTOR': 4}, num_warps=8
  Runtime best config: {'BLOCK_SIZE_M': 128, 'BLOCK_SIZE_N': 256, 'BLOCK_SIZE_K': 64, 'num_buffers': 4, 'SUBTILE_FACTOR': 2}, num_warps=8
start 8192-16384-3072 (99/169)
finish 8192-16384-3072 -> Dense: 612.27095931308, Precomp WS: 955.4787543078927, 10.1 WS: 923.7732511327018
  Dense   best config: {'BLOCK_SIZE_M': 128, 'BLOCK_SIZE_N': 128, 'BLOCK_SIZE_K': 64, 'num_buffers': 5, 'num_acc_buffers': 2, 'SUBTILE_FACTOR': 2}, num_warps=8
  Sparse  best config: {'BLOCK_SIZE_M': 128, 'BLOCK_SIZE_N': 256, 'BLOCK_SIZE_K': 64, 'num_buffers': 4, 'SUBTILE_FACTOR': 4}, num_warps=8
  Runtime best config: {'BLOCK_SIZE_M': 128, 'BLOCK_SIZE_N': 256, 'BLOCK_SIZE_K': 64, 'num_buffers': 4, 'SUBTILE_FACTOR': 2}, num_warps=8
start 12288-16384-2048 (100/169)
finish 12288-16384-2048 -> Dense: 619.3187011419814, Precomp WS: 954.3411749577238, 10.1 WS: 905.575875841814
  Dense   best config: {'BLOCK_SIZE_M': 128, 'BLOCK_SIZE_N': 256, 'BLOCK_SIZE_K': 64, 'num_buffers': 4, 'num_acc_buffers': 1, 'SUBTILE_FACTOR': 4}, num_warps=8
  Sparse  best config: {'BLOCK_SIZE_M': 128, 'BLOCK_SIZE_N': 256, 'BLOCK_SIZE_K': 64, 'num_buffers': 4, 'SUBTILE_FACTOR': 4}, num_warps=8
  Runtime best config: {'BLOCK_SIZE_M': 128, 'BLOCK_SIZE_N': 256, 'BLOCK_SIZE_K': 64, 'num_buffers': 4, 'SUBTILE_FACTOR': 2}, num_warps=8
start 16384-16384-1536 (101/169)
finish 16384-16384-1536 -> Dense: 620.0531104263018, Precomp WS: 926.5285537618757, 10.1 WS: 861.9941592356992
  Dense   best config: {'BLOCK_SIZE_M': 128, 'BLOCK_SIZE_N': 256, 'BLOCK_SIZE_K': 64, 'num_buffers': 3, 'num_acc_buffers': 2, 'SUBTILE_FACTOR': 2}, num_warps=8
  Sparse  best config: {'BLOCK_SIZE_M': 128, 'BLOCK_SIZE_N': 256, 'BLOCK_SIZE_K': 64, 'num_buffers': 4, 'SUBTILE_FACTOR': 4}, num_warps=8
  Runtime best config: {'BLOCK_SIZE_M': 128, 'BLOCK_SIZE_N': 256, 'BLOCK_SIZE_K': 64, 'num_buffers': 4, 'SUBTILE_FACTOR': 2}, num_warps=8
start 24576-16384-1024 (102/169)
finish 24576-16384-1024 -> Dense: 593.7885334345935, Precomp WS: 857.4537744500591, 10.1 WS: 782.487469810862
  Dense   best config: {'BLOCK_SIZE_M': 128, 'BLOCK_SIZE_N': 256, 'BLOCK_SIZE_K': 64, 'num_buffers': 3, 'num_acc_buffers': 2, 'SUBTILE_FACTOR': 2}, num_warps=8
  Sparse  best config: {'BLOCK_SIZE_M': 128, 'BLOCK_SIZE_N': 256, 'BLOCK_SIZE_K': 64, 'num_buffers': 4, 'SUBTILE_FACTOR': 4}, num_warps=8
  Runtime best config: {'BLOCK_SIZE_M': 128, 'BLOCK_SIZE_N': 256, 'BLOCK_SIZE_K': 64, 'num_buffers': 4, 'SUBTILE_FACTOR': 2}, num_warps=8
start 32768-16384-768 (103/169)
finish 32768-16384-768 -> Dense: 564.1722972002807, Precomp WS: 798.7967790224308, 10.1 WS: 715.4268092928683
  Dense   best config: {'BLOCK_SIZE_M': 128, 'BLOCK_SIZE_N': 256, 'BLOCK_SIZE_K': 64, 'num_buffers': 3, 'num_acc_buffers': 2, 'SUBTILE_FACTOR': 4}, num_warps=8
  Sparse  best config: {'BLOCK_SIZE_M': 128, 'BLOCK_SIZE_N': 256, 'BLOCK_SIZE_K': 64, 'num_buffers': 5, 'SUBTILE_FACTOR': 8}, num_warps=8
  Runtime best config: {'BLOCK_SIZE_M': 128, 'BLOCK_SIZE_N': 256, 'BLOCK_SIZE_K': 64, 'num_buffers': 4, 'SUBTILE_FACTOR': 2}, num_warps=8
start 768-16384-24576 (104/169)
finish 768-16384-24576 -> Dense: 628.0998433717238, Precomp WS: 934.2163767772329, 10.1 WS: 1023.9823688767194
  Dense   best config: {'BLOCK_SIZE_M': 128, 'BLOCK_SIZE_N': 256, 'BLOCK_SIZE_K': 64, 'num_buffers': 3, 'num_acc_buffers': 2, 'SUBTILE_FACTOR': 4}, num_warps=8
  Sparse  best config: {'BLOCK_SIZE_M': 128, 'BLOCK_SIZE_N': 256, 'BLOCK_SIZE_K': 64, 'num_buffers': 5, 'SUBTILE_FACTOR': 8}, num_warps=8
  Runtime best config: {'BLOCK_SIZE_M': 128, 'BLOCK_SIZE_N': 256, 'BLOCK_SIZE_K': 64, 'num_buffers': 4, 'SUBTILE_FACTOR': 2}, num_warps=8
start 1536-16384-12288 (105/169)
finish 1536-16384-12288 -> Dense: 656.5857360647723, Precomp WS: 1018.773061906551, 10.1 WS: 1012.0325659767725
  Dense   best config: {'BLOCK_SIZE_M': 256, 'BLOCK_SIZE_N': 128, 'BLOCK_SIZE_K': 64, 'num_buffers': 4, 'num_acc_buffers': 1, 'SUBTILE_FACTOR': 4}, num_warps=8
  Sparse  best config: {'BLOCK_SIZE_M': 128, 'BLOCK_SIZE_N': 256, 'BLOCK_SIZE_K': 64, 'num_buffers': 4, 'SUBTILE_FACTOR': 4}, num_warps=8
  Runtime best config: {'BLOCK_SIZE_M': 128, 'BLOCK_SIZE_N': 256, 'BLOCK_SIZE_K': 64, 'num_buffers': 4, 'SUBTILE_FACTOR': 2}, num_warps=8
start 3072-16384-6144 (106/169)
finish 3072-16384-6144 -> Dense: 644.4820716958427, Precomp WS: 1013.988655647512, 10.1 WS: 989.0810442367722
  Dense   best config: {'BLOCK_SIZE_M': 128, 'BLOCK_SIZE_N': 256, 'BLOCK_SIZE_K': 64, 'num_buffers': 3, 'num_acc_buffers': 1, 'SUBTILE_FACTOR': 2}, num_warps=8
  Sparse  best config: {'BLOCK_SIZE_M': 128, 'BLOCK_SIZE_N': 256, 'BLOCK_SIZE_K': 64, 'num_buffers': 4, 'SUBTILE_FACTOR': 4}, num_warps=8
  Runtime best config: {'BLOCK_SIZE_M': 128, 'BLOCK_SIZE_N': 256, 'BLOCK_SIZE_K': 64, 'num_buffers': 4, 'SUBTILE_FACTOR': 2}, num_warps=8
start 6144-16384-3072 (107/169)
finish 6144-16384-3072 -> Dense: 616.6738934418522, Precomp WS: 955.716833518529, 10.1 WS: 918.4931342864681
  Dense   best config: {'BLOCK_SIZE_M': 128, 'BLOCK_SIZE_N': 128, 'BLOCK_SIZE_K': 64, 'num_buffers': 5, 'num_acc_buffers': 2, 'SUBTILE_FACTOR': 2}, num_warps=8
  Sparse  best config: {'BLOCK_SIZE_M': 128, 'BLOCK_SIZE_N': 256, 'BLOCK_SIZE_K': 64, 'num_buffers': 4, 'SUBTILE_FACTOR': 4}, num_warps=8
  Runtime best config: {'BLOCK_SIZE_M': 128, 'BLOCK_SIZE_N': 256, 'BLOCK_SIZE_K': 64, 'num_buffers': 4, 'SUBTILE_FACTOR': 2}, num_warps=8
start 12288-16384-1536 (108/169)
finish 12288-16384-1536 -> Dense: 615.4450908336294, Precomp WS: 918.8229607084761, 10.1 WS: 859.2410629081015
  Dense   best config: {'BLOCK_SIZE_M': 128, 'BLOCK_SIZE_N': 256, 'BLOCK_SIZE_K': 64, 'num_buffers': 3, 'num_acc_buffers': 2, 'SUBTILE_FACTOR': 2}, num_warps=8
  Sparse  best config: {'BLOCK_SIZE_M': 128, 'BLOCK_SIZE_N': 256, 'BLOCK_SIZE_K': 64, 'num_buffers': 4, 'SUBTILE_FACTOR': 4}, num_warps=8
  Runtime best config: {'BLOCK_SIZE_M': 128, 'BLOCK_SIZE_N': 256, 'BLOCK_SIZE_K': 64, 'num_buffers': 4, 'SUBTILE_FACTOR': 2}, num_warps=8
start 24576-16384-768 (109/169)
finish 24576-16384-768 -> Dense: 567.3717396883753, Precomp WS: 795.9967013851422, 10.1 WS: 715.2127635532153
  Dense   best config: {'BLOCK_SIZE_M': 128, 'BLOCK_SIZE_N': 256, 'BLOCK_SIZE_K': 64, 'num_buffers': 3, 'num_acc_buffers': 2, 'SUBTILE_FACTOR': 2}, num_warps=8
  Sparse  best config: {'BLOCK_SIZE_M': 128, 'BLOCK_SIZE_N': 256, 'BLOCK_SIZE_K': 64, 'num_buffers': 5, 'SUBTILE_FACTOR': 8}, num_warps=8
  Runtime best config: {'BLOCK_SIZE_M': 128, 'BLOCK_SIZE_N': 256, 'BLOCK_SIZE_K': 64, 'num_buffers': 4, 'SUBTILE_FACTOR': 2}, num_warps=8
start 1024-16384-16384 (110/169)
finish 1024-16384-16384 -> Dense: 660.9641547116537, Precomp WS: 1046.2621268206847, 10.1 WS: 1043.5477736696837
  Dense   best config: {'BLOCK_SIZE_M': 128, 'BLOCK_SIZE_N': 256, 'BLOCK_SIZE_K': 64, 'num_buffers': 3, 'num_acc_buffers': 1, 'SUBTILE_FACTOR': 4}, num_warps=8
  Sparse  best config: {'BLOCK_SIZE_M': 128, 'BLOCK_SIZE_N': 256, 'BLOCK_SIZE_K': 64, 'num_buffers': 5, 'SUBTILE_FACTOR': 8}, num_warps=8
  Runtime best config: {'BLOCK_SIZE_M': 128, 'BLOCK_SIZE_N': 256, 'BLOCK_SIZE_K': 64, 'num_buffers': 4, 'SUBTILE_FACTOR': 2}, num_warps=8
start 2048-16384-8192 (111/169)
finish 2048-16384-8192 -> Dense: 649.9928530317027, Precomp WS: 1021.1775903172569, 10.1 WS: 1008.6016429039494
  Dense   best config: {'BLOCK_SIZE_M': 128, 'BLOCK_SIZE_N': 256, 'BLOCK_SIZE_K': 64, 'num_buffers': 3, 'num_acc_buffers': 1, 'SUBTILE_FACTOR': 2}, num_warps=8
  Sparse  best config: {'BLOCK_SIZE_M': 128, 'BLOCK_SIZE_N': 256, 'BLOCK_SIZE_K': 64, 'num_buffers': 4, 'SUBTILE_FACTOR': 4}, num_warps=8
  Runtime best config: {'BLOCK_SIZE_M': 128, 'BLOCK_SIZE_N': 256, 'BLOCK_SIZE_K': 64, 'num_buffers': 4, 'SUBTILE_FACTOR': 2}, num_warps=8
start 4096-16384-4096 (112/169)
finish 4096-16384-4096 -> Dense: 615.714946204716, Precomp WS: 983.7835991623549, 10.1 WS: 952.8412081733316
  Dense   best config: {'BLOCK_SIZE_M': 128, 'BLOCK_SIZE_N': 256, 'BLOCK_SIZE_K': 64, 'num_buffers': 4, 'num_acc_buffers': 1, 'SUBTILE_FACTOR': 4}, num_warps=8
  Sparse  best config: {'BLOCK_SIZE_M': 128, 'BLOCK_SIZE_N': 256, 'BLOCK_SIZE_K': 64, 'num_buffers': 4, 'SUBTILE_FACTOR': 4}, num_warps=8
  Runtime best config: {'BLOCK_SIZE_M': 128, 'BLOCK_SIZE_N': 256, 'BLOCK_SIZE_K': 64, 'num_buffers': 4, 'SUBTILE_FACTOR': 2}, num_warps=8
start 8192-16384-2048 (113/169)
finish 8192-16384-2048 -> Dense: 605.477583945771, Precomp WS: 935.9290981841468, 10.1 WS: 869.9088507670269
  Dense   best config: {'BLOCK_SIZE_M': 128, 'BLOCK_SIZE_N': 128, 'BLOCK_SIZE_K': 64, 'num_buffers': 5, 'num_acc_buffers': 2, 'SUBTILE_FACTOR': 2}, num_warps=8
  Sparse  best config: {'BLOCK_SIZE_M': 256, 'BLOCK_SIZE_N': 128, 'BLOCK_SIZE_K': 64, 'num_buffers': 4, 'SUBTILE_FACTOR': 2}, num_warps=8
  Runtime best config: {'BLOCK_SIZE_M': 128, 'BLOCK_SIZE_N': 256, 'BLOCK_SIZE_K': 64, 'num_buffers': 4, 'SUBTILE_FACTOR': 2}, num_warps=8
start 16384-16384-1024 (114/169)
finish 16384-16384-1024 -> Dense: 587.9563578939485, Precomp WS: 856.8323607717912, 10.1 WS: 779.472737592619
  Dense   best config: {'BLOCK_SIZE_M': 128, 'BLOCK_SIZE_N': 256, 'BLOCK_SIZE_K': 64, 'num_buffers': 3, 'num_acc_buffers': 2, 'SUBTILE_FACTOR': 4}, num_warps=8
  Sparse  best config: {'BLOCK_SIZE_M': 128, 'BLOCK_SIZE_N': 256, 'BLOCK_SIZE_K': 64, 'num_buffers': 4, 'SUBTILE_FACTOR': 4}, num_warps=8
  Runtime best config: {'BLOCK_SIZE_M': 128, 'BLOCK_SIZE_N': 256, 'BLOCK_SIZE_K': 64, 'num_buffers': 4, 'SUBTILE_FACTOR': 2}, num_warps=8
start 768-16384-16384 (115/169)
finish 768-16384-16384 -> Dense: 629.0988418924409, Precomp WS: 921.9368007503496, 10.1 WS: 1015.9301168839596
  Dense   best config: {'BLOCK_SIZE_M': 128, 'BLOCK_SIZE_N': 256, 'BLOCK_SIZE_K': 64, 'num_buffers': 3, 'num_acc_buffers': 2, 'SUBTILE_FACTOR': 4}, num_warps=8
  Sparse  best config: {'BLOCK_SIZE_M': 128, 'BLOCK_SIZE_N': 256, 'BLOCK_SIZE_K': 64, 'num_buffers': 4, 'SUBTILE_FACTOR': 4}, num_warps=8
  Runtime best config: {'BLOCK_SIZE_M': 128, 'BLOCK_SIZE_N': 256, 'BLOCK_SIZE_K': 64, 'num_buffers': 4, 'SUBTILE_FACTOR': 4}, num_warps=8
start 1024-16384-12288 (116/169)
finish 1024-16384-12288 -> Dense: 653.6299170910656, Precomp WS: 1038.0089329386076, 10.1 WS: 1031.9158670743234
  Dense   best config: {'BLOCK_SIZE_M': 128, 'BLOCK_SIZE_N': 256, 'BLOCK_SIZE_K': 64, 'num_buffers': 3, 'num_acc_buffers': 2, 'SUBTILE_FACTOR': 2}, num_warps=8
  Sparse  best config: {'BLOCK_SIZE_M': 128, 'BLOCK_SIZE_N': 256, 'BLOCK_SIZE_K': 64, 'num_buffers': 4, 'SUBTILE_FACTOR': 4}, num_warps=8
  Runtime best config: {'BLOCK_SIZE_M': 128, 'BLOCK_SIZE_N': 256, 'BLOCK_SIZE_K': 64, 'num_buffers': 4, 'SUBTILE_FACTOR': 2}, num_warps=8
start 1536-16384-8192 (117/169)
finish 1536-16384-8192 -> Dense: 647.1601850802623, Precomp WS: 1012.6877873298807, 10.1 WS: 992.4977982010766
  Dense   best config: {'BLOCK_SIZE_M': 128, 'BLOCK_SIZE_N': 256, 'BLOCK_SIZE_K': 64, 'num_buffers': 4, 'num_acc_buffers': 1, 'SUBTILE_FACTOR': 4}, num_warps=8
  Sparse  best config: {'BLOCK_SIZE_M': 128, 'BLOCK_SIZE_N': 256, 'BLOCK_SIZE_K': 64, 'num_buffers': 5, 'SUBTILE_FACTOR': 8}, num_warps=8
  Runtime best config: {'BLOCK_SIZE_M': 128, 'BLOCK_SIZE_N': 256, 'BLOCK_SIZE_K': 64, 'num_buffers': 4, 'SUBTILE_FACTOR': 4}, num_warps=8
start 2048-16384-6144 (118/169)
finish 2048-16384-6144 -> Dense: 644.5246958531532, Precomp WS: 1012.8890358939043, 10.1 WS: 994.1490167685531
  Dense   best config: {'BLOCK_SIZE_M': 128, 'BLOCK_SIZE_N': 256, 'BLOCK_SIZE_K': 64, 'num_buffers': 3, 'num_acc_buffers': 1, 'SUBTILE_FACTOR': 8}, num_warps=8
  Sparse  best config: {'BLOCK_SIZE_M': 128, 'BLOCK_SIZE_N': 256, 'BLOCK_SIZE_K': 64, 'num_buffers': 5, 'SUBTILE_FACTOR': 8}, num_warps=8
  Runtime best config: {'BLOCK_SIZE_M': 128, 'BLOCK_SIZE_N': 256, 'BLOCK_SIZE_K': 64, 'num_buffers': 4, 'SUBTILE_FACTOR': 4}, num_warps=8
start 3072-16384-4096 (119/169)
finish 3072-16384-4096 -> Dense: 633.5569441218032, Precomp WS: 987.6982083282447, 10.1 WS: 966.2567562461104
  Dense   best config: {'BLOCK_SIZE_M': 128, 'BLOCK_SIZE_N': 256, 'BLOCK_SIZE_K': 64, 'num_buffers': 3, 'num_acc_buffers': 2, 'SUBTILE_FACTOR': 2}, num_warps=8
  Sparse  best config: {'BLOCK_SIZE_M': 128, 'BLOCK_SIZE_N': 256, 'BLOCK_SIZE_K': 64, 'num_buffers': 4, 'SUBTILE_FACTOR': 4}, num_warps=8
  Runtime best config: {'BLOCK_SIZE_M': 128, 'BLOCK_SIZE_N': 256, 'BLOCK_SIZE_K': 64, 'num_buffers': 4, 'SUBTILE_FACTOR': 2}, num_warps=8
start 4096-16384-3072 (120/169)
finish 4096-16384-3072 -> Dense: 618.225571306222, Precomp WS: 972.9397094708853, 10.1 WS: 918.2596445112168
  Dense   best config: {'BLOCK_SIZE_M': 128, 'BLOCK_SIZE_N': 256, 'BLOCK_SIZE_K': 64, 'num_buffers': 3, 'num_acc_buffers': 1, 'SUBTILE_FACTOR': 2}, num_warps=8
  Sparse  best config: {'BLOCK_SIZE_M': 128, 'BLOCK_SIZE_N': 256, 'BLOCK_SIZE_K': 64, 'num_buffers': 4, 'SUBTILE_FACTOR': 4}, num_warps=8
  Runtime best config: {'BLOCK_SIZE_M': 128, 'BLOCK_SIZE_N': 256, 'BLOCK_SIZE_K': 64, 'num_buffers': 4, 'SUBTILE_FACTOR': 2}, num_warps=8
start 6144-16384-2048 (121/169)
finish 6144-16384-2048 -> Dense: 599.8419756094308, Precomp WS: 940.5258573322521, 10.1 WS: 872.5768846883501
  Dense   best config: {'BLOCK_SIZE_M': 128, 'BLOCK_SIZE_N': 256, 'BLOCK_SIZE_K': 64, 'num_buffers': 3, 'num_acc_buffers': 1, 'SUBTILE_FACTOR': 2}, num_warps=8
  Sparse  best config: {'BLOCK_SIZE_M': 128, 'BLOCK_SIZE_N': 256, 'BLOCK_SIZE_K': 64, 'num_buffers': 4, 'SUBTILE_FACTOR': 4}, num_warps=8
  Runtime best config: {'BLOCK_SIZE_M': 128, 'BLOCK_SIZE_N': 256, 'BLOCK_SIZE_K': 64, 'num_buffers': 4, 'SUBTILE_FACTOR': 2}, num_warps=8
start 8192-16384-1536 (122/169)
finish 8192-16384-1536 -> Dense: 592.9115350102265, Precomp WS: 900.9754741532525, 10.1 WS: 841.1472883752882
  Dense   best config: {'BLOCK_SIZE_M': 128, 'BLOCK_SIZE_N': 128, 'BLOCK_SIZE_K': 64, 'num_buffers': 5, 'num_acc_buffers': 2, 'SUBTILE_FACTOR': 2}, num_warps=8
  Sparse  best config: {'BLOCK_SIZE_M': 256, 'BLOCK_SIZE_N': 128, 'BLOCK_SIZE_K': 64, 'num_buffers': 4, 'SUBTILE_FACTOR': 2}, num_warps=8
  Runtime best config: {'BLOCK_SIZE_M': 128, 'BLOCK_SIZE_N': 256, 'BLOCK_SIZE_K': 64, 'num_buffers': 4, 'SUBTILE_FACTOR': 2}, num_warps=8
start 12288-16384-1024 (123/169)
finish 12288-16384-1024 -> Dense: 591.8178373012857, Precomp WS: 850.5576377323202, 10.1 WS: 778.4006326700938
  Dense   best config: {'BLOCK_SIZE_M': 128, 'BLOCK_SIZE_N': 256, 'BLOCK_SIZE_K': 64, 'num_buffers': 3, 'num_acc_buffers': 2, 'SUBTILE_FACTOR': 2}, num_warps=8
  Sparse  best config: {'BLOCK_SIZE_M': 128, 'BLOCK_SIZE_N': 256, 'BLOCK_SIZE_K': 64, 'num_buffers': 4, 'SUBTILE_FACTOR': 4}, num_warps=8
  Runtime best config: {'BLOCK_SIZE_M': 128, 'BLOCK_SIZE_N': 256, 'BLOCK_SIZE_K': 64, 'num_buffers': 4, 'SUBTILE_FACTOR': 2}, num_warps=8
start 16384-16384-768 (124/169)
finish 16384-16384-768 -> Dense: 561.3515313833555, Precomp WS: 795.8388194759142, 10.1 WS: 708.7833744219199
  Dense   best config: {'BLOCK_SIZE_M': 128, 'BLOCK_SIZE_N': 256, 'BLOCK_SIZE_K': 64, 'num_buffers': 3, 'num_acc_buffers': 2, 'SUBTILE_FACTOR': 4}, num_warps=8
  Sparse  best config: {'BLOCK_SIZE_M': 128, 'BLOCK_SIZE_N': 256, 'BLOCK_SIZE_K': 64, 'num_buffers': 5, 'SUBTILE_FACTOR': 8}, num_warps=8
  Runtime best config: {'BLOCK_SIZE_M': 128, 'BLOCK_SIZE_N': 256, 'BLOCK_SIZE_K': 64, 'num_buffers': 4, 'SUBTILE_FACTOR': 2}, num_warps=8
start 768-16384-12288 (125/169)
finish 768-16384-12288 -> Dense: 626.5531010062014, Precomp WS: 919.6438137973465, 10.1 WS: 1004.5073023564403
  Dense   best config: {'BLOCK_SIZE_M': 128, 'BLOCK_SIZE_N': 256, 'BLOCK_SIZE_K': 64, 'num_buffers': 3, 'num_acc_buffers': 2, 'SUBTILE_FACTOR': 4}, num_warps=8
  Sparse  best config: {'BLOCK_SIZE_M': 128, 'BLOCK_SIZE_N': 256, 'BLOCK_SIZE_K': 64, 'num_buffers': 5, 'SUBTILE_FACTOR': 8}, num_warps=8
  Runtime best config: {'BLOCK_SIZE_M': 128, 'BLOCK_SIZE_N': 256, 'BLOCK_SIZE_K': 64, 'num_buffers': 4, 'SUBTILE_FACTOR': 4}, num_warps=8
start 1536-16384-6144 (126/169)
finish 1536-16384-6144 -> Dense: 645.2476020750179, Precomp WS: 993.0721258154803, 10.1 WS: 970.9963007228209
  Dense   best config: {'BLOCK_SIZE_M': 256, 'BLOCK_SIZE_N': 128, 'BLOCK_SIZE_K': 64, 'num_buffers': 4, 'num_acc_buffers': 1, 'SUBTILE_FACTOR': 4}, num_warps=8
  Sparse  best config: {'BLOCK_SIZE_M': 128, 'BLOCK_SIZE_N': 256, 'BLOCK_SIZE_K': 64, 'num_buffers': 5, 'SUBTILE_FACTOR': 8}, num_warps=8
  Runtime best config: {'BLOCK_SIZE_M': 128, 'BLOCK_SIZE_N': 256, 'BLOCK_SIZE_K': 64, 'num_buffers': 4, 'SUBTILE_FACTOR': 2}, num_warps=8
start 3072-16384-3072 (127/169)
finish 3072-16384-3072 -> Dense: 627.7323182108714, Precomp WS: 976.6622802360394, 10.1 WS: 935.0891563077253
  Dense   best config: {'BLOCK_SIZE_M': 128, 'BLOCK_SIZE_N': 256, 'BLOCK_SIZE_K': 64, 'num_buffers': 3, 'num_acc_buffers': 2, 'SUBTILE_FACTOR': 2}, num_warps=8
  Sparse  best config: {'BLOCK_SIZE_M': 128, 'BLOCK_SIZE_N': 256, 'BLOCK_SIZE_K': 64, 'num_buffers': 4, 'SUBTILE_FACTOR': 4}, num_warps=8
  Runtime best config: {'BLOCK_SIZE_M': 128, 'BLOCK_SIZE_N': 256, 'BLOCK_SIZE_K': 64, 'num_buffers': 4, 'SUBTILE_FACTOR': 4}, num_warps=8
start 6144-16384-1536 (128/169)
finish 6144-16384-1536 -> Dense: 586.435570448975, Precomp WS: 885.194546009485, 10.1 WS: 835.2022467244825
  Dense   best config: {'BLOCK_SIZE_M': 128, 'BLOCK_SIZE_N': 256, 'BLOCK_SIZE_K': 64, 'num_buffers': 3, 'num_acc_buffers': 1, 'SUBTILE_FACTOR': 2}, num_warps=8
  Sparse  best config: {'BLOCK_SIZE_M': 128, 'BLOCK_SIZE_N': 256, 'BLOCK_SIZE_K': 64, 'num_buffers': 5, 'SUBTILE_FACTOR': 8}, num_warps=8
  Runtime best config: {'BLOCK_SIZE_M': 128, 'BLOCK_SIZE_N': 256, 'BLOCK_SIZE_K': 64, 'num_buffers': 4, 'SUBTILE_FACTOR': 2}, num_warps=8
start 12288-16384-768 (129/169)
finish 12288-16384-768 -> Dense: 563.4200302383537, Precomp WS: 794.4699193004654, 10.1 WS: 709.5686346704358
  Dense   best config: {'BLOCK_SIZE_M': 256, 'BLOCK_SIZE_N': 128, 'BLOCK_SIZE_K': 64, 'num_buffers': 4, 'num_acc_buffers': 2, 'SUBTILE_FACTOR': 4}, num_warps=8
  Sparse  best config: {'BLOCK_SIZE_M': 256, 'BLOCK_SIZE_N': 128, 'BLOCK_SIZE_K': 64, 'num_buffers': 5, 'SUBTILE_FACTOR': 4}, num_warps=8
  Runtime best config: {'BLOCK_SIZE_M': 128, 'BLOCK_SIZE_N': 256, 'BLOCK_SIZE_K': 64, 'num_buffers': 4, 'SUBTILE_FACTOR': 2}, num_warps=8
start 1024-16384-8192 (130/169)
finish 1024-16384-8192 -> Dense: 641.7372545949446, Precomp WS: 1027.4675484503452, 10.1 WS: 1016.0136996252712
  Dense   best config: {'BLOCK_SIZE_M': 256, 'BLOCK_SIZE_N': 128, 'BLOCK_SIZE_K': 64, 'num_buffers': 4, 'num_acc_buffers': 1, 'SUBTILE_FACTOR': 8}, num_warps=8
  Sparse  best config: {'BLOCK_SIZE_M': 128, 'BLOCK_SIZE_N': 256, 'BLOCK_SIZE_K': 64, 'num_buffers': 5, 'SUBTILE_FACTOR': 8}, num_warps=8
  Runtime best config: {'BLOCK_SIZE_M': 128, 'BLOCK_SIZE_N': 256, 'BLOCK_SIZE_K': 64, 'num_buffers': 4, 'SUBTILE_FACTOR': 2}, num_warps=8
start 2048-16384-4096 (131/169)
finish 2048-16384-4096 -> Dense: 635.5851208577761, Precomp WS: 992.0446171898354, 10.1 WS: 965.3281889243916
  Dense   best config: {'BLOCK_SIZE_M': 128, 'BLOCK_SIZE_N': 256, 'BLOCK_SIZE_K': 64, 'num_buffers': 3, 'num_acc_buffers': 1, 'SUBTILE_FACTOR': 2}, num_warps=8
  Sparse  best config: {'BLOCK_SIZE_M': 128, 'BLOCK_SIZE_N': 256, 'BLOCK_SIZE_K': 64, 'num_buffers': 4, 'SUBTILE_FACTOR': 4}, num_warps=8
  Runtime best config: {'BLOCK_SIZE_M': 128, 'BLOCK_SIZE_N': 256, 'BLOCK_SIZE_K': 64, 'num_buffers': 4, 'SUBTILE_FACTOR': 4}, num_warps=8
start 4096-16384-2048 (132/169)
finish 4096-16384-2048 -> Dense: 613.063394561824, Precomp WS: 935.1820200460426, 10.1 WS: 889.8606397579356
  Dense   best config: {'BLOCK_SIZE_M': 128, 'BLOCK_SIZE_N': 256, 'BLOCK_SIZE_K': 64, 'num_buffers': 3, 'num_acc_buffers': 2, 'SUBTILE_FACTOR': 2}, num_warps=8
  Sparse  best config: {'BLOCK_SIZE_M': 128, 'BLOCK_SIZE_N': 256, 'BLOCK_SIZE_K': 64, 'num_buffers': 4, 'SUBTILE_FACTOR': 4}, num_warps=8
  Runtime best config: {'BLOCK_SIZE_M': 128, 'BLOCK_SIZE_N': 256, 'BLOCK_SIZE_K': 64, 'num_buffers': 4, 'SUBTILE_FACTOR': 2}, num_warps=8
start 8192-16384-1024 (133/169)
finish 8192-16384-1024 -> Dense: 586.5425321739895, Precomp WS: 850.4157362466686, 10.1 WS: 770.5216224673239
  Dense   best config: {'BLOCK_SIZE_M': 128, 'BLOCK_SIZE_N': 256, 'BLOCK_SIZE_K': 64, 'num_buffers': 3, 'num_acc_buffers': 2, 'SUBTILE_FACTOR': 2}, num_warps=8
  Sparse  best config: {'BLOCK_SIZE_M': 128, 'BLOCK_SIZE_N': 256, 'BLOCK_SIZE_K': 64, 'num_buffers': 4, 'SUBTILE_FACTOR': 4}, num_warps=8
  Runtime best config: {'BLOCK_SIZE_M': 128, 'BLOCK_SIZE_N': 256, 'BLOCK_SIZE_K': 64, 'num_buffers': 4, 'SUBTILE_FACTOR': 2}, num_warps=8
start 768-16384-8192 (134/169)
finish 768-16384-8192 -> Dense: 621.9833715879726, Precomp WS: 906.8895466433997, 10.1 WS: 984.3870374992287
  Dense   best config: {'BLOCK_SIZE_M': 128, 'BLOCK_SIZE_N': 256, 'BLOCK_SIZE_K': 64, 'num_buffers': 3, 'num_acc_buffers': 2, 'SUBTILE_FACTOR': 2}, num_warps=8
  Sparse  best config: {'BLOCK_SIZE_M': 128, 'BLOCK_SIZE_N': 256, 'BLOCK_SIZE_K': 64, 'num_buffers': 4, 'SUBTILE_FACTOR': 4}, num_warps=8
  Runtime best config: {'BLOCK_SIZE_M': 128, 'BLOCK_SIZE_N': 256, 'BLOCK_SIZE_K': 64, 'num_buffers': 4, 'SUBTILE_FACTOR': 2}, num_warps=8
start 1024-16384-6144 (135/169)
finish 1024-16384-6144 -> Dense: 648.3136288081295, Precomp WS: 1020.4946083679149, 10.1 WS: 987.5660043316584
  Dense   best config: {'BLOCK_SIZE_M': 128, 'BLOCK_SIZE_N': 256, 'BLOCK_SIZE_K': 64, 'num_buffers': 3, 'num_acc_buffers': 1, 'SUBTILE_FACTOR': 4}, num_warps=8
  Sparse  best config: {'BLOCK_SIZE_M': 128, 'BLOCK_SIZE_N': 256, 'BLOCK_SIZE_K': 64, 'num_buffers': 5, 'SUBTILE_FACTOR': 8}, num_warps=8
  Runtime best config: {'BLOCK_SIZE_M': 128, 'BLOCK_SIZE_N': 256, 'BLOCK_SIZE_K': 64, 'num_buffers': 4, 'SUBTILE_FACTOR': 4}, num_warps=8
start 1536-16384-4096 (136/169)
finish 1536-16384-4096 -> Dense: 633.4276044899232, Precomp WS: 974.048795716695, 10.1 WS: 936.8284481711548
  Dense   best config: {'BLOCK_SIZE_M': 128, 'BLOCK_SIZE_N': 256, 'BLOCK_SIZE_K': 64, 'num_buffers': 3, 'num_acc_buffers': 2, 'SUBTILE_FACTOR': 4}, num_warps=8
  Sparse  best config: {'BLOCK_SIZE_M': 128, 'BLOCK_SIZE_N': 256, 'BLOCK_SIZE_K': 64, 'num_buffers': 5, 'SUBTILE_FACTOR': 8}, num_warps=8
  Runtime best config: {'BLOCK_SIZE_M': 128, 'BLOCK_SIZE_N': 256, 'BLOCK_SIZE_K': 64, 'num_buffers': 4, 'SUBTILE_FACTOR': 2}, num_warps=8
start 2048-16384-3072 (137/169)
finish 2048-16384-3072 -> Dense: 628.3171265097078, Precomp WS: 965.0497435627565, 10.1 WS: 931.6562222063235
  Dense   best config: {'BLOCK_SIZE_M': 128, 'BLOCK_SIZE_N': 256, 'BLOCK_SIZE_K': 64, 'num_buffers': 3, 'num_acc_buffers': 1, 'SUBTILE_FACTOR': 2}, num_warps=8
  Sparse  best config: {'BLOCK_SIZE_M': 128, 'BLOCK_SIZE_N': 256, 'BLOCK_SIZE_K': 64, 'num_buffers': 4, 'SUBTILE_FACTOR': 4}, num_warps=8
  Runtime best config: {'BLOCK_SIZE_M': 128, 'BLOCK_SIZE_N': 256, 'BLOCK_SIZE_K': 64, 'num_buffers': 4, 'SUBTILE_FACTOR': 4}, num_warps=8
start 3072-16384-2048 (138/169)
finish 3072-16384-2048 -> Dense: 614.4443254914955, Precomp WS: 926.087845933793, 10.1 WS: 886.764225162684
  Dense   best config: {'BLOCK_SIZE_M': 128, 'BLOCK_SIZE_N': 256, 'BLOCK_SIZE_K': 64, 'num_buffers': 3, 'num_acc_buffers': 2, 'SUBTILE_FACTOR': 4}, num_warps=8
  Sparse  best config: {'BLOCK_SIZE_M': 128, 'BLOCK_SIZE_N': 256, 'BLOCK_SIZE_K': 64, 'num_buffers': 4, 'SUBTILE_FACTOR': 8}, num_warps=8
  Runtime best config: {'BLOCK_SIZE_M': 128, 'BLOCK_SIZE_N': 256, 'BLOCK_SIZE_K': 64, 'num_buffers': 4, 'SUBTILE_FACTOR': 2}, num_warps=8
start 4096-16384-1536 (139/169)
finish 4096-16384-1536 -> Dense: 601.781009954515, Precomp WS: 894.7325146013799, 10.1 WS: 842.8123535246071
  Dense   best config: {'BLOCK_SIZE_M': 128, 'BLOCK_SIZE_N': 256, 'BLOCK_SIZE_K': 64, 'num_buffers': 4, 'num_acc_buffers': 2, 'SUBTILE_FACTOR': 4}, num_warps=8
  Sparse  best config: {'BLOCK_SIZE_M': 128, 'BLOCK_SIZE_N': 256, 'BLOCK_SIZE_K': 64, 'num_buffers': 4, 'SUBTILE_FACTOR': 4}, num_warps=8
  Runtime best config: {'BLOCK_SIZE_M': 128, 'BLOCK_SIZE_N': 256, 'BLOCK_SIZE_K': 64, 'num_buffers': 4, 'SUBTILE_FACTOR': 2}, num_warps=8
start 6144-16384-1024 (140/169)
finish 6144-16384-1024 -> Dense: 577.6017438759985, Precomp WS: 836.7270063388947, 10.1 WS: 767.37147728406
  Dense   best config: {'BLOCK_SIZE_M': 128, 'BLOCK_SIZE_N': 256, 'BLOCK_SIZE_K': 64, 'num_buffers': 4, 'num_acc_buffers': 2, 'SUBTILE_FACTOR': 4}, num_warps=8
  Sparse  best config: {'BLOCK_SIZE_M': 128, 'BLOCK_SIZE_N': 256, 'BLOCK_SIZE_K': 64, 'num_buffers': 4, 'SUBTILE_FACTOR': 4}, num_warps=8
  Runtime best config: {'BLOCK_SIZE_M': 128, 'BLOCK_SIZE_N': 256, 'BLOCK_SIZE_K': 64, 'num_buffers': 4, 'SUBTILE_FACTOR': 2}, num_warps=8
start 8192-16384-768 (141/169)
finish 8192-16384-768 -> Dense: 557.8947824566134, Precomp WS: 785.3501688877627, 10.1 WS: 704.6489203848428
  Dense   best config: {'BLOCK_SIZE_M': 128, 'BLOCK_SIZE_N': 256, 'BLOCK_SIZE_K': 64, 'num_buffers': 3, 'num_acc_buffers': 2, 'SUBTILE_FACTOR': 2}, num_warps=8
  Sparse  best config: {'BLOCK_SIZE_M': 128, 'BLOCK_SIZE_N': 256, 'BLOCK_SIZE_K': 64, 'num_buffers': 5, 'SUBTILE_FACTOR': 8}, num_warps=8
  Runtime best config: {'BLOCK_SIZE_M': 128, 'BLOCK_SIZE_N': 256, 'BLOCK_SIZE_K': 64, 'num_buffers': 4, 'SUBTILE_FACTOR': 2}, num_warps=8
start 768-16384-6144 (142/169)
finish 768-16384-6144 -> Dense: 616.6740187070169, Precomp WS: 908.9027850933245, 10.1 WS: 976.4619700375129
  Dense   best config: {'BLOCK_SIZE_M': 128, 'BLOCK_SIZE_N': 256, 'BLOCK_SIZE_K': 64, 'num_buffers': 3, 'num_acc_buffers': 2, 'SUBTILE_FACTOR': 2}, num_warps=8
  Sparse  best config: {'BLOCK_SIZE_M': 128, 'BLOCK_SIZE_N': 256, 'BLOCK_SIZE_K': 64, 'num_buffers': 5, 'SUBTILE_FACTOR': 8}, num_warps=8
  Runtime best config: {'BLOCK_SIZE_M': 128, 'BLOCK_SIZE_N': 256, 'BLOCK_SIZE_K': 64, 'num_buffers': 4, 'SUBTILE_FACTOR': 2}, num_warps=8
start 1536-16384-3072 (143/169)
finish 1536-16384-3072 -> Dense: 622.9058160564515, Precomp WS: 958.6489400032154, 10.1 WS: 915.0899958900911
  Dense   best config: {'BLOCK_SIZE_M': 256, 'BLOCK_SIZE_N': 128, 'BLOCK_SIZE_K': 64, 'num_buffers': 4, 'num_acc_buffers': 1, 'SUBTILE_FACTOR': 4}, num_warps=8
  Sparse  best config: {'BLOCK_SIZE_M': 128, 'BLOCK_SIZE_N': 256, 'BLOCK_SIZE_K': 64, 'num_buffers': 5, 'SUBTILE_FACTOR': 8}, num_warps=8
  Runtime best config: {'BLOCK_SIZE_M': 128, 'BLOCK_SIZE_N': 256, 'BLOCK_SIZE_K': 64, 'num_buffers': 4, 'SUBTILE_FACTOR': 2}, num_warps=8
start 3072-16384-1536 (144/169)
finish 3072-16384-1536 -> Dense: 600.4584662487513, Precomp WS: 902.9295419938891, 10.1 WS: 845.3252973224364
  Dense   best config: {'BLOCK_SIZE_M': 128, 'BLOCK_SIZE_N': 256, 'BLOCK_SIZE_K': 64, 'num_buffers': 3, 'num_acc_buffers': 2, 'SUBTILE_FACTOR': 4}, num_warps=8
  Sparse  best config: {'BLOCK_SIZE_M': 128, 'BLOCK_SIZE_N': 256, 'BLOCK_SIZE_K': 64, 'num_buffers': 5, 'SUBTILE_FACTOR': 8}, num_warps=8
  Runtime best config: {'BLOCK_SIZE_M': 128, 'BLOCK_SIZE_N': 256, 'BLOCK_SIZE_K': 64, 'num_buffers': 4, 'SUBTILE_FACTOR': 2}, num_warps=8
start 6144-16384-768 (145/169)
finish 6144-16384-768 -> Dense: 552.059831234313, Precomp WS: 772.9836440012175, 10.1 WS: 691.9596928459762
  Dense   best config: {'BLOCK_SIZE_M': 256, 'BLOCK_SIZE_N': 128, 'BLOCK_SIZE_K': 64, 'num_buffers': 4, 'num_acc_buffers': 2, 'SUBTILE_FACTOR': 4}, num_warps=8
  Sparse  best config: {'BLOCK_SIZE_M': 128, 'BLOCK_SIZE_N': 256, 'BLOCK_SIZE_K': 64, 'num_buffers': 5, 'SUBTILE_FACTOR': 8}, num_warps=8
  Runtime best config: {'BLOCK_SIZE_M': 128, 'BLOCK_SIZE_N': 256, 'BLOCK_SIZE_K': 64, 'num_buffers': 4, 'SUBTILE_FACTOR': 4}, num_warps=8
start 1024-16384-4096 (146/169)
finish 1024-16384-4096 -> Dense: 641.990022783792, Precomp WS: 992.2789296283854, 10.1 WS: 975.5580693300705
  Dense   best config: {'BLOCK_SIZE_M': 128, 'BLOCK_SIZE_N': 256, 'BLOCK_SIZE_K': 64, 'num_buffers': 3, 'num_acc_buffers': 2, 'SUBTILE_FACTOR': 4}, num_warps=8
  Sparse  best config: {'BLOCK_SIZE_M': 128, 'BLOCK_SIZE_N': 256, 'BLOCK_SIZE_K': 64, 'num_buffers': 5, 'SUBTILE_FACTOR': 8}, num_warps=8
  Runtime best config: {'BLOCK_SIZE_M': 128, 'BLOCK_SIZE_N': 256, 'BLOCK_SIZE_K': 64, 'num_buffers': 4, 'SUBTILE_FACTOR': 2}, num_warps=8
start 2048-16384-2048 (147/169)
finish 2048-16384-2048 -> Dense: 617.0663153739243, Precomp WS: 936.9495608998708, 10.1 WS: 894.7712995340572
  Dense   best config: {'BLOCK_SIZE_M': 128, 'BLOCK_SIZE_N': 256, 'BLOCK_SIZE_K': 64, 'num_buffers': 3, 'num_acc_buffers': 2, 'SUBTILE_FACTOR': 4}, num_warps=8
  Sparse  best config: {'BLOCK_SIZE_M': 128, 'BLOCK_SIZE_N': 256, 'BLOCK_SIZE_K': 64, 'num_buffers': 4, 'SUBTILE_FACTOR': 4}, num_warps=8
  Runtime best config: {'BLOCK_SIZE_M': 128, 'BLOCK_SIZE_N': 256, 'BLOCK_SIZE_K': 64, 'num_buffers': 4, 'SUBTILE_FACTOR': 2}, num_warps=8
start 4096-16384-1024 (148/169)
finish 4096-16384-1024 -> Dense: 577.79788737758, Precomp WS: 834.4638601070784, 10.1 WS: 768.571505944235
  Dense   best config: {'BLOCK_SIZE_M': 256, 'BLOCK_SIZE_N': 128, 'BLOCK_SIZE_K': 64, 'num_buffers': 4, 'num_acc_buffers': 2, 'SUBTILE_FACTOR': 4}, num_warps=8
  Sparse  best config: {'BLOCK_SIZE_M': 128, 'BLOCK_SIZE_N': 256, 'BLOCK_SIZE_K': 64, 'num_buffers': 4, 'SUBTILE_FACTOR': 4}, num_warps=8
  Runtime best config: {'BLOCK_SIZE_M': 128, 'BLOCK_SIZE_N': 256, 'BLOCK_SIZE_K': 64, 'num_buffers': 4, 'SUBTILE_FACTOR': 2}, num_warps=8
start 768-16384-4096 (149/169)
finish 768-16384-4096 -> Dense: 612.4349527877963, Precomp WS: 881.6084711699309, 10.1 WS: 923.5338565497821
  Dense   best config: {'BLOCK_SIZE_M': 256, 'BLOCK_SIZE_N': 128, 'BLOCK_SIZE_K': 64, 'num_buffers': 4, 'num_acc_buffers': 2, 'SUBTILE_FACTOR': 4}, num_warps=8
  Sparse  best config: {'BLOCK_SIZE_M': 128, 'BLOCK_SIZE_N': 256, 'BLOCK_SIZE_K': 64, 'num_buffers': 4, 'SUBTILE_FACTOR': 4}, num_warps=8
  Runtime best config: {'BLOCK_SIZE_M': 128, 'BLOCK_SIZE_N': 256, 'BLOCK_SIZE_K': 64, 'num_buffers': 4, 'SUBTILE_FACTOR': 2}, num_warps=8
start 1024-16384-3072 (150/169)
finish 1024-16384-3072 -> Dense: 631.8434362292462, Precomp WS: 958.4217058651318, 10.1 WS: 932.2596010686409
  Dense   best config: {'BLOCK_SIZE_M': 128, 'BLOCK_SIZE_N': 256, 'BLOCK_SIZE_K': 64, 'num_buffers': 4, 'num_acc_buffers': 1, 'SUBTILE_FACTOR': 2}, num_warps=8
  Sparse  best config: {'BLOCK_SIZE_M': 128, 'BLOCK_SIZE_N': 256, 'BLOCK_SIZE_K': 64, 'num_buffers': 5, 'SUBTILE_FACTOR': 8}, num_warps=8
  Runtime best config: {'BLOCK_SIZE_M': 128, 'BLOCK_SIZE_N': 256, 'BLOCK_SIZE_K': 64, 'num_buffers': 4, 'SUBTILE_FACTOR': 2}, num_warps=8
start 1536-16384-2048 (151/169)
finish 1536-16384-2048 -> Dense: 614.284174077785, Precomp WS: 931.5475821590015, 10.1 WS: 856.198297327635
  Dense   best config: {'BLOCK_SIZE_M': 256, 'BLOCK_SIZE_N': 128, 'BLOCK_SIZE_K': 64, 'num_buffers': 4, 'num_acc_buffers': 2, 'SUBTILE_FACTOR': 4}, num_warps=8
  Sparse  best config: {'BLOCK_SIZE_M': 256, 'BLOCK_SIZE_N': 128, 'BLOCK_SIZE_K': 64, 'num_buffers': 5, 'SUBTILE_FACTOR': 4}, num_warps=8
  Runtime best config: {'BLOCK_SIZE_M': 128, 'BLOCK_SIZE_N': 256, 'BLOCK_SIZE_K': 64, 'num_buffers': 4, 'SUBTILE_FACTOR': 2}, num_warps=8
start 2048-16384-1536 (152/169)
finish 2048-16384-1536 -> Dense: 600.5577809216497, Precomp WS: 884.9822452601445, 10.1 WS: 829.5511909159937
  Dense   best config: {'BLOCK_SIZE_M': 256, 'BLOCK_SIZE_N': 128, 'BLOCK_SIZE_K': 64, 'num_buffers': 4, 'num_acc_buffers': 2, 'SUBTILE_FACTOR': 4}, num_warps=8
  Sparse  best config: {'BLOCK_SIZE_M': 128, 'BLOCK_SIZE_N': 256, 'BLOCK_SIZE_K': 64, 'num_buffers': 5, 'SUBTILE_FACTOR': 8}, num_warps=8
  Runtime best config: {'BLOCK_SIZE_M': 128, 'BLOCK_SIZE_N': 256, 'BLOCK_SIZE_K': 64, 'num_buffers': 4, 'SUBTILE_FACTOR': 4}, num_warps=8
start 3072-16384-1024 (153/169)
finish 3072-16384-1024 -> Dense: 574.8014655043997, Precomp WS: 813.9258418606895, 10.1 WS: 755.880459169347
  Dense   best config: {'BLOCK_SIZE_M': 128, 'BLOCK_SIZE_N': 256, 'BLOCK_SIZE_K': 64, 'num_buffers': 4, 'num_acc_buffers': 1, 'SUBTILE_FACTOR': 2}, num_warps=8
  Sparse  best config: {'BLOCK_SIZE_M': 128, 'BLOCK_SIZE_N': 256, 'BLOCK_SIZE_K': 64, 'num_buffers': 4, 'SUBTILE_FACTOR': 8}, num_warps=8
  Runtime best config: {'BLOCK_SIZE_M': 128, 'BLOCK_SIZE_N': 256, 'BLOCK_SIZE_K': 64, 'num_buffers': 4, 'SUBTILE_FACTOR': 4}, num_warps=8
start 4096-16384-768 (154/169)
finish 4096-16384-768 -> Dense: 551.8628246787033, Precomp WS: 773.3845601468106, 10.1 WS: 690.5217004287174
  Dense   best config: {'BLOCK_SIZE_M': 128, 'BLOCK_SIZE_N': 256, 'BLOCK_SIZE_K': 64, 'num_buffers': 4, 'num_acc_buffers': 1, 'SUBTILE_FACTOR': 2}, num_warps=8
  Sparse  best config: {'BLOCK_SIZE_M': 128, 'BLOCK_SIZE_N': 256, 'BLOCK_SIZE_K': 64, 'num_buffers': 5, 'SUBTILE_FACTOR': 8}, num_warps=8
  Runtime best config: {'BLOCK_SIZE_M': 128, 'BLOCK_SIZE_N': 256, 'BLOCK_SIZE_K': 64, 'num_buffers': 4, 'SUBTILE_FACTOR': 4}, num_warps=8
start 768-16384-3072 (155/169)
finish 768-16384-3072 -> Dense: 610.0287647392637, Precomp WS: 873.1533325718539, 10.1 WS: 891.092567487701
  Dense   best config: {'BLOCK_SIZE_M': 128, 'BLOCK_SIZE_N': 256, 'BLOCK_SIZE_K': 64, 'num_buffers': 4, 'num_acc_buffers': 1, 'SUBTILE_FACTOR': 2}, num_warps=8
  Sparse  best config: {'BLOCK_SIZE_M': 128, 'BLOCK_SIZE_N': 256, 'BLOCK_SIZE_K': 64, 'num_buffers': 5, 'SUBTILE_FACTOR': 8}, num_warps=8
  Runtime best config: {'BLOCK_SIZE_M': 128, 'BLOCK_SIZE_N': 256, 'BLOCK_SIZE_K': 64, 'num_buffers': 4, 'SUBTILE_FACTOR': 2}, num_warps=8
start 1536-16384-1536 (156/169)
finish 1536-16384-1536 -> Dense: 592.3501881117696, Precomp WS: 875.4411960557909, 10.1 WS: 799.4667407716935
  Dense   best config: {'BLOCK_SIZE_M': 256, 'BLOCK_SIZE_N': 128, 'BLOCK_SIZE_K': 64, 'num_buffers': 4, 'num_acc_buffers': 2, 'SUBTILE_FACTOR': 4}, num_warps=8
  Sparse  best config: {'BLOCK_SIZE_M': 128, 'BLOCK_SIZE_N': 256, 'BLOCK_SIZE_K': 64, 'num_buffers': 5, 'SUBTILE_FACTOR': 8}, num_warps=8
  Runtime best config: {'BLOCK_SIZE_M': 128, 'BLOCK_SIZE_N': 256, 'BLOCK_SIZE_K': 64, 'num_buffers': 4, 'SUBTILE_FACTOR': 2}, num_warps=8
start 3072-16384-768 (157/169)
finish 3072-16384-768 -> Dense: 550.2143699054393, Precomp WS: 768.3854473231664, 10.1 WS: 686.8951355179103
  Dense   best config: {'BLOCK_SIZE_M': 128, 'BLOCK_SIZE_N': 256, 'BLOCK_SIZE_K': 64, 'num_buffers': 4, 'num_acc_buffers': 2, 'SUBTILE_FACTOR': 4}, num_warps=8
  Sparse  best config: {'BLOCK_SIZE_M': 128, 'BLOCK_SIZE_N': 256, 'BLOCK_SIZE_K': 64, 'num_buffers': 5, 'SUBTILE_FACTOR': 8}, num_warps=8
  Runtime best config: {'BLOCK_SIZE_M': 128, 'BLOCK_SIZE_N': 256, 'BLOCK_SIZE_K': 64, 'num_buffers': 4, 'SUBTILE_FACTOR': 4}, num_warps=8
start 1024-16384-2048 (158/169)
finish 1024-16384-2048 -> Dense: 615.2941704384059, Precomp WS: 921.5449718190027, 10.1 WS: 901.3370084447387
  Dense   best config: {'BLOCK_SIZE_M': 128, 'BLOCK_SIZE_N': 256, 'BLOCK_SIZE_K': 64, 'num_buffers': 4, 'num_acc_buffers': 2, 'SUBTILE_FACTOR': 4}, num_warps=8
  Sparse  best config: {'BLOCK_SIZE_M': 128, 'BLOCK_SIZE_N': 256, 'BLOCK_SIZE_K': 64, 'num_buffers': 4, 'SUBTILE_FACTOR': 4}, num_warps=8
  Runtime best config: {'BLOCK_SIZE_M': 128, 'BLOCK_SIZE_N': 256, 'BLOCK_SIZE_K': 64, 'num_buffers': 4, 'SUBTILE_FACTOR': 2}, num_warps=8
start 2048-16384-1024 (159/169)
finish 2048-16384-1024 -> Dense: 566.3305668017751, Precomp WS: 836.473936177558, 10.1 WS: 751.0470914968423
  Dense   best config: {'BLOCK_SIZE_M': 128, 'BLOCK_SIZE_N': 256, 'BLOCK_SIZE_K': 64, 'num_buffers': 4, 'num_acc_buffers': 1, 'SUBTILE_FACTOR': 2}, num_warps=8
  Sparse  best config: {'BLOCK_SIZE_M': 128, 'BLOCK_SIZE_N': 256, 'BLOCK_SIZE_K': 64, 'num_buffers': 5, 'SUBTILE_FACTOR': 8}, num_warps=8
  Runtime best config: {'BLOCK_SIZE_M': 128, 'BLOCK_SIZE_N': 256, 'BLOCK_SIZE_K': 64, 'num_buffers': 4, 'SUBTILE_FACTOR': 2}, num_warps=8
start 768-16384-2048 (160/169)
finish 768-16384-2048 -> Dense: 585.6027022544823, Precomp WS: 836.4911928994092, 10.1 WS: 860.8210933310963
  Dense   best config: {'BLOCK_SIZE_M': 128, 'BLOCK_SIZE_N': 256, 'BLOCK_SIZE_K': 64, 'num_buffers': 4, 'num_acc_buffers': 1, 'SUBTILE_FACTOR': 2}, num_warps=8
  Sparse  best config: {'BLOCK_SIZE_M': 128, 'BLOCK_SIZE_N': 256, 'BLOCK_SIZE_K': 64, 'num_buffers': 5, 'SUBTILE_FACTOR': 8}, num_warps=8
  Runtime best config: {'BLOCK_SIZE_M': 128, 'BLOCK_SIZE_N': 256, 'BLOCK_SIZE_K': 64, 'num_buffers': 4, 'SUBTILE_FACTOR': 4}, num_warps=8
start 1024-16384-1536 (161/169)
finish 1024-16384-1536 -> Dense: 621.494865189924, Precomp WS: 894.5698150266536, 10.1 WS: 841.7090081668451
  Dense   best config: {'BLOCK_SIZE_M': 128, 'BLOCK_SIZE_N': 256, 'BLOCK_SIZE_K': 64, 'num_buffers': 4, 'num_acc_buffers': 2, 'SUBTILE_FACTOR': 4}, num_warps=8
  Sparse  best config: {'BLOCK_SIZE_M': 128, 'BLOCK_SIZE_N': 256, 'BLOCK_SIZE_K': 64, 'num_buffers': 4, 'SUBTILE_FACTOR': 8}, num_warps=8
  Runtime best config: {'BLOCK_SIZE_M': 128, 'BLOCK_SIZE_N': 256, 'BLOCK_SIZE_K': 64, 'num_buffers': 4, 'SUBTILE_FACTOR': 4}, num_warps=8
start 1536-16384-1024 (162/169)
finish 1536-16384-1024 -> Dense: 572.2419994144217, Precomp WS: 839.8032883075413, 10.1 WS: 745.5368602921552
  Dense   best config: {'BLOCK_SIZE_M': 128, 'BLOCK_SIZE_N': 256, 'BLOCK_SIZE_K': 64, 'num_buffers': 4, 'num_acc_buffers': 1, 'SUBTILE_FACTOR': 2}, num_warps=8
  Sparse  best config: {'BLOCK_SIZE_M': 256, 'BLOCK_SIZE_N': 128, 'BLOCK_SIZE_K': 64, 'num_buffers': 5, 'SUBTILE_FACTOR': 4}, num_warps=8
  Runtime best config: {'BLOCK_SIZE_M': 128, 'BLOCK_SIZE_N': 256, 'BLOCK_SIZE_K': 64, 'num_buffers': 4, 'SUBTILE_FACTOR': 4}, num_warps=8
start 2048-16384-768 (163/169)
finish 2048-16384-768 -> Dense: 554.2654735497244, Precomp WS: 780.3789900748908, 10.1 WS: 695.4750517056012
  Dense   best config: {'BLOCK_SIZE_M': 256, 'BLOCK_SIZE_N': 128, 'BLOCK_SIZE_K': 64, 'num_buffers': 4, 'num_acc_buffers': 2, 'SUBTILE_FACTOR': 4}, num_warps=8
  Sparse  best config: {'BLOCK_SIZE_M': 128, 'BLOCK_SIZE_N': 256, 'BLOCK_SIZE_K': 64, 'num_buffers': 5, 'SUBTILE_FACTOR': 8}, num_warps=8
  Runtime best config: {'BLOCK_SIZE_M': 128, 'BLOCK_SIZE_N': 256, 'BLOCK_SIZE_K': 64, 'num_buffers': 4, 'SUBTILE_FACTOR': 4}, num_warps=8
start 768-16384-1536 (164/169)
finish 768-16384-1536 -> Dense: 582.5875605443196, Precomp WS: 816.3021563133537, 10.1 WS: 806.8525349237439
  Dense   best config: {'BLOCK_SIZE_M': 256, 'BLOCK_SIZE_N': 128, 'BLOCK_SIZE_K': 64, 'num_buffers': 4, 'num_acc_buffers': 2, 'SUBTILE_FACTOR': 4}, num_warps=8
  Sparse  best config: {'BLOCK_SIZE_M': 128, 'BLOCK_SIZE_N': 256, 'BLOCK_SIZE_K': 64, 'num_buffers': 5, 'SUBTILE_FACTOR': 8}, num_warps=8
  Runtime best config: {'BLOCK_SIZE_M': 128, 'BLOCK_SIZE_N': 256, 'BLOCK_SIZE_K': 64, 'num_buffers': 4, 'SUBTILE_FACTOR': 4}, num_warps=8
start 1536-16384-768 (165/169)
finish 1536-16384-768 -> Dense: 557.7977237565262, Precomp WS: 777.2594075515088, 10.1 WS: 689.9127797454036
  Dense   best config: {'BLOCK_SIZE_M': 128, 'BLOCK_SIZE_N': 256, 'BLOCK_SIZE_K': 64, 'num_buffers': 4, 'num_acc_buffers': 2, 'SUBTILE_FACTOR': 4}, num_warps=8
  Sparse  best config: {'BLOCK_SIZE_M': 256, 'BLOCK_SIZE_N': 128, 'BLOCK_SIZE_K': 64, 'num_buffers': 5, 'SUBTILE_FACTOR': 4}, num_warps=8
  Runtime best config: {'BLOCK_SIZE_M': 128, 'BLOCK_SIZE_N': 256, 'BLOCK_SIZE_K': 64, 'num_buffers': 4, 'SUBTILE_FACTOR': 4}, num_warps=8
start 1024-16384-1024 (166/169)
finish 1024-16384-1024 -> Dense: 579.6996409310856, Precomp WS: 830.5054060296218, 10.1 WS: 757.1068234448464
  Dense   best config: {'BLOCK_SIZE_M': 128, 'BLOCK_SIZE_N': 256, 'BLOCK_SIZE_K': 64, 'num_buffers': 4, 'num_acc_buffers': 1, 'SUBTILE_FACTOR': 2}, num_warps=8
  Sparse  best config: {'BLOCK_SIZE_M': 128, 'BLOCK_SIZE_N': 256, 'BLOCK_SIZE_K': 64, 'num_buffers': 5, 'SUBTILE_FACTOR': 8}, num_warps=8
  Runtime best config: {'BLOCK_SIZE_M': 128, 'BLOCK_SIZE_N': 256, 'BLOCK_SIZE_K': 64, 'num_buffers': 4, 'SUBTILE_FACTOR': 2}, num_warps=8
start 768-16384-1024 (167/169)
finish 768-16384-1024 -> Dense: 558.6009749855083, Precomp WS: 747.9649779953912, 10.1 WS: 719.6406518907581
  Dense   best config: {'BLOCK_SIZE_M': 128, 'BLOCK_SIZE_N': 256, 'BLOCK_SIZE_K': 64, 'num_buffers': 4, 'num_acc_buffers': 1, 'SUBTILE_FACTOR': 2}, num_warps=8
  Sparse  best config: {'BLOCK_SIZE_M': 128, 'BLOCK_SIZE_N': 256, 'BLOCK_SIZE_K': 64, 'num_buffers': 5, 'SUBTILE_FACTOR': 8}, num_warps=8
  Runtime best config: {'BLOCK_SIZE_M': 128, 'BLOCK_SIZE_N': 256, 'BLOCK_SIZE_K': 64, 'num_buffers': 4, 'SUBTILE_FACTOR': 2}, num_warps=8
start 1024-16384-768 (168/169)
finish 1024-16384-768 -> Dense: 548.8090640897693, Precomp WS: 751.0841907466531, 10.1 WS: 682.7625701618917
  Dense   best config: {'BLOCK_SIZE_M': 128, 'BLOCK_SIZE_N': 256, 'BLOCK_SIZE_K': 64, 'num_buffers': 4, 'num_acc_buffers': 1, 'SUBTILE_FACTOR': 2}, num_warps=8
  Sparse  best config: {'BLOCK_SIZE_M': 128, 'BLOCK_SIZE_N': 256, 'BLOCK_SIZE_K': 64, 'num_buffers': 4, 'SUBTILE_FACTOR': 8}, num_warps=8
  Runtime best config: {'BLOCK_SIZE_M': 128, 'BLOCK_SIZE_N': 256, 'BLOCK_SIZE_K': 64, 'num_buffers': 4, 'SUBTILE_FACTOR': 2}, num_warps=8
start 768-16384-768 (169/169)
finish 768-16384-768 -> Dense: 532.0224865204231, Precomp WS: 694.709209071071, 10.1 WS: 681.6534736757694
  Dense   best config: {'BLOCK_SIZE_M': 128, 'BLOCK_SIZE_N': 256, 'BLOCK_SIZE_K': 64, 'num_buffers': 4, 'num_acc_buffers': 1, 'SUBTILE_FACTOR': 2}, num_warps=8
  Sparse  best config: {'BLOCK_SIZE_M': 128, 'BLOCK_SIZE_N': 256, 'BLOCK_SIZE_K': 64, 'num_buffers': 4, 'SUBTILE_FACTOR': 8}, num_warps=8
  Runtime best config: {'BLOCK_SIZE_M': 128, 'BLOCK_SIZE_N': 256, 'BLOCK_SIZE_K': 64, 'num_buffers': 4, 'SUBTILE_FACTOR': 2}, num_warps=8
1.4950701459298739

[INFO] Optimization charts successfully compiled and saved to 'Benchmark/v10.1/v10.1_Benchmark_16384.png'

scontrol show job 706955
JobId=706955 JobName=10.1_N=16384
   UserId=notming(3159615) GroupId=notming(3159615) MCS_label=N/A
   Priority=1410047 Nice=0 Account=rrg-mmehride QOS=normal
   JobState=COMPLETING Reason=None Dependency=(null)
   Requeue=0 Restarts=0 BatchFlag=1 Reboot=0 ExitCode=0:0
   RunTime=05:00:23 TimeLimit=16:00:00 TimeMin=N/A
   SubmitTime=2026-08-02T23:20:33 EligibleTime=2026-08-02T23:20:33
   AccrueTime=2026-08-02T23:20:33
   StartTime=2026-08-02T23:23:27 EndTime=2026-08-03T04:23:50 Deadline=N/A
   SuspendTime=None SecsPreSuspend=0 LastSchedEval=2026-08-02T23:23:27 Scheduler=Main
   Partition=compute AllocNode:Sid=trig-login01:3822448
   ReqNodeList=(null) ExcNodeList=(null)
   NodeList=trig0034
   BatchHost=trig0034
   NumNodes=1 NumCPUs=24 NumTasks=1 CPUs/Task=1 ReqB:S:C:T=0:0:*:*
   ReqTRES=cpu=1,mem=187.50G,node=1,billing=1,gres/gpu=1
   AllocTRES=cpu=24,mem=187.50G,node=1,billing=1,gres/gpu=1
   Socks/Node=* NtasksPerN:B:S:C=0:0:*:* CoreSpec=*
   MinCPUsNode=1 MinMemoryNode=187.50G MinTmpDiskNode=0
   Features=(null) DelayBoot=00:00:00
   OverSubscribe=OK Contiguous=0 Licenses=(null) LicensesAlloc=(null) Network=(null)
   Command=/scratch/notming/compression/sbatch_sh/trillium/10.1_benchmark_all.sh
   SubmitLine=SBATCH --comment /opt/slurm/bin/sbatch --export=NONE --get-user-env sbatch_sh/trillium/10.1_benchmark_all.sh --export=NONE --get-user-env sbatch_sh/trillium/10.1_benchmark_all.sh
   WorkDir=/scratch/notming/compression
   Comment=/opt/slurm/bin/sbatch --export=NONE --get-user-env sbatch_sh/trillium/10.1_benchmark_all.sh
   StdErr=
   StdIn=/dev/null
   StdOut=/scratch/notming/compression/10.1_N=16384_706955.out
   CpusPerTres=gpu:24
   TresPerNode=gres/gpu:1

sacct -j 706955
JobID           JobName    Account    Elapsed  MaxVMSize     MaxRSS  SystemCPU    UserCPU ExitCode 
------------ ---------- ---------- ---------- ---------- ---------- ---------- ---------- -------- 
706955       10.1_N=16+ rrg-mmehr+   05:00:23                         00:00:00   00:00:00      0:0 
706955.batch      batch rrg-mmehr+   05:00:23                         00:00:00   00:00:00      0:0 
706955.exte+     extern rrg-mmehr+   05:00:23                         00:00:00   00:00:00      0:0 

