Fri Jul  3 13:57:48 2026       
+-----------------------------------------------------------------------------------------+
| NVIDIA-SMI 580.159.04             Driver Version: 580.159.04     CUDA Version: 13.2     |
+-----------------------------------------+------------------------+----------------------+
| GPU  Name                 Persistence-M | Bus-Id          Disp.A | Volatile Uncorr. ECC |
| Fan  Temp   Perf          Pwr:Usage/Cap |           Memory-Usage | GPU-Util  Compute M. |
|                                         |                        |               MIG M. |
|=========================================+========================+======================|
|   0  NVIDIA H100 80GB HBM3          On  |   00000000:06:00.0 Off |                    0 |
| N/A   41C    P0             70W /  700W |       0MiB /  81559MiB |      0%      Default |
|                                         |                        |             Disabled |
+-----------------------------------------+------------------------+----------------------+

+-----------------------------------------------------------------------------------------+
| Processes:                                                                              |
|  GPU   GI   CI              PID   Type   Process name                        GPU Memory |
|        ID   ID                                                               Usage      |
|=========================================================================================|
|  No running processes found                                                             |
+-----------------------------------------------------------------------------------------+
INFO:    Setting 'NVIDIA_VISIBLE_DEVICES=all' to emulate legacy GPU binding.
INFO:    Setting --writable-tmpfs (required by nvidia-container-cli)
CUDA Available: True
Device Count: 1
INFO:    Setting 'NVIDIA_VISIBLE_DEVICES=all' to emulate legacy GPU binding.
INFO:    Setting --writable-tmpfs (required by nvidia-container-cli)
================================================================================
Benchmarking WS Kernels for N=4096
================================================================================
start 49152-4096-49152 (1/167)
finish dense ws
finish sparse ws
finish compression ws
finish 49152-4096-49152 -> Dense: 668.4788461546775, Precomp WS: 1012.2242463441431, 7.6 WS: 282.4398877202994
  Dense   best config: {'BLOCK_SIZE_M': 128, 'BLOCK_SIZE_N': 256, 'BLOCK_SIZE_K': 64, 'num_buffers': 4, 'SUBTILE_FACTOR': 4}, num_warps=8
  Sparse  best config: {'BLOCK_SIZE_M': 128, 'BLOCK_SIZE_N': 256, 'BLOCK_SIZE_K': 64, 'num_buffers': 4, 'SUBTILE_FACTOR': 8}, num_warps=8
  Runtime best config: {'BLOCK_SIZE_M': 64, 'BLOCK_SIZE_N': 256, 'BLOCK_SIZE_K': 64, 'num_buffers': 3, 'SUBTILE_FACTOR': 1, 'num_warps_compress': 4, 'a_comp_layout': NVMMASharedLayout(swizzle_byte_width=64, element_bitwidth=16, rank=2, transposed=False, fp4_padded=False, cga_layout=[]), 'e_layout': NVMMASharedLayout(swizzle_byte_width=0, element_bitwidth=16, rank=2, transposed=False, fp4_padded=False, cga_layout=[]), 'a_comp_shape_0': 64, 'a_comp_shape_1': 32, 'e_shape_0': 4, 'e_shape_1': 64}, num_warps=16
start 24576-4096-49152 (2/167)
finish dense ws
finish sparse ws
finish compression ws
finish 24576-4096-49152 -> Dense: 642.5657245632846, Precomp WS: 998.2954166068924, 7.6 WS: 308.97069490092247
  Dense   best config: {'BLOCK_SIZE_M': 128, 'BLOCK_SIZE_N': 256, 'BLOCK_SIZE_K': 64, 'num_buffers': 3, 'SUBTILE_FACTOR': 2}, num_warps=8
  Sparse  best config: {'BLOCK_SIZE_M': 128, 'BLOCK_SIZE_N': 256, 'BLOCK_SIZE_K': 64, 'num_buffers': 4, 'SUBTILE_FACTOR': 8}, num_warps=8
  Runtime best config: {'BLOCK_SIZE_M': 64, 'BLOCK_SIZE_N': 256, 'BLOCK_SIZE_K': 64, 'num_buffers': 3, 'SUBTILE_FACTOR': 1, 'num_warps_compress': 4, 'a_comp_layout': NVMMASharedLayout(swizzle_byte_width=64, element_bitwidth=16, rank=2, transposed=False, fp4_padded=False, cga_layout=[]), 'e_layout': NVMMASharedLayout(swizzle_byte_width=0, element_bitwidth=16, rank=2, transposed=False, fp4_padded=False, cga_layout=[]), 'a_comp_shape_0': 64, 'a_comp_shape_1': 32, 'e_shape_0': 4, 'e_shape_1': 64}, num_warps=8
start 49152-4096-24576 (3/167)
finish dense ws
finish sparse ws
finish compression ws
finish 49152-4096-24576 -> Dense: 651.7142307324451, Precomp WS: 1006.3879034996376, 7.6 WS: 331.98456465164094
  Dense   best config: {'BLOCK_SIZE_M': 128, 'BLOCK_SIZE_N': 256, 'BLOCK_SIZE_K': 64, 'num_buffers': 3, 'SUBTILE_FACTOR': 2}, num_warps=8
  Sparse  best config: {'BLOCK_SIZE_M': 128, 'BLOCK_SIZE_N': 256, 'BLOCK_SIZE_K': 64, 'num_buffers': 4, 'SUBTILE_FACTOR': 8}, num_warps=8
  Runtime best config: {'BLOCK_SIZE_M': 64, 'BLOCK_SIZE_N': 256, 'BLOCK_SIZE_K': 64, 'num_buffers': 3, 'SUBTILE_FACTOR': 1, 'num_warps_compress': 4, 'a_comp_layout': NVMMASharedLayout(swizzle_byte_width=64, element_bitwidth=16, rank=2, transposed=False, fp4_padded=False, cga_layout=[]), 'e_layout': NVMMASharedLayout(swizzle_byte_width=0, element_bitwidth=16, rank=2, transposed=False, fp4_padded=False, cga_layout=[]), 'a_comp_shape_0': 64, 'a_comp_shape_1': 32, 'e_shape_0': 4, 'e_shape_1': 64}, num_warps=16
start 32768-4096-32768 (4/167)
finish dense ws
finish sparse ws
finish compression ws
finish 32768-4096-32768 -> Dense: 646.2715051941041, Precomp WS: 1009.1164377933005, 7.6 WS: 362.84239958072965
  Dense   best config: {'BLOCK_SIZE_M': 128, 'BLOCK_SIZE_N': 256, 'BLOCK_SIZE_K': 64, 'num_buffers': 3, 'SUBTILE_FACTOR': 8}, num_warps=8
  Sparse  best config: {'BLOCK_SIZE_M': 128, 'BLOCK_SIZE_N': 256, 'BLOCK_SIZE_K': 64, 'num_buffers': 4, 'SUBTILE_FACTOR': 8}, num_warps=8
  Runtime best config: {'BLOCK_SIZE_M': 64, 'BLOCK_SIZE_N': 256, 'BLOCK_SIZE_K': 64, 'num_buffers': 3, 'SUBTILE_FACTOR': 1, 'num_warps_compress': 4, 'a_comp_layout': NVMMASharedLayout(swizzle_byte_width=64, element_bitwidth=16, rank=2, transposed=False, fp4_padded=False, cga_layout=[]), 'e_layout': NVMMASharedLayout(swizzle_byte_width=0, element_bitwidth=16, rank=2, transposed=False, fp4_padded=False, cga_layout=[]), 'a_comp_shape_0': 64, 'a_comp_shape_1': 32, 'e_shape_0': 4, 'e_shape_1': 64}, num_warps=16
start 16384-4096-49152 (5/167)
finish dense ws
finish sparse ws
finish compression ws
finish 16384-4096-49152 -> Dense: 619.5011943366693, Precomp WS: 984.6910231026451, 7.6 WS: 356.5664122602107
  Dense   best config: {'BLOCK_SIZE_M': 256, 'BLOCK_SIZE_N': 128, 'BLOCK_SIZE_K': 64, 'num_buffers': 4, 'SUBTILE_FACTOR': 4}, num_warps=16
  Sparse  best config: {'BLOCK_SIZE_M': 128, 'BLOCK_SIZE_N': 256, 'BLOCK_SIZE_K': 64, 'num_buffers': 4, 'SUBTILE_FACTOR': 4}, num_warps=8
  Runtime best config: {'BLOCK_SIZE_M': 64, 'BLOCK_SIZE_N': 256, 'BLOCK_SIZE_K': 64, 'num_buffers': 3, 'SUBTILE_FACTOR': 1, 'num_warps_compress': 4, 'a_comp_layout': NVMMASharedLayout(swizzle_byte_width=64, element_bitwidth=16, rank=2, transposed=False, fp4_padded=False, cga_layout=[]), 'e_layout': NVMMASharedLayout(swizzle_byte_width=0, element_bitwidth=16, rank=2, transposed=False, fp4_padded=False, cga_layout=[]), 'a_comp_shape_0': 64, 'a_comp_shape_1': 32, 'e_shape_0': 4, 'e_shape_1': 64}, num_warps=16
start 24576-4096-32768 (6/167)
finish dense ws
finish sparse ws
finish compression ws
finish 24576-4096-32768 -> Dense: 639.4924237069428, Precomp WS: 986.9487280170133, 7.6 WS: 357.72254063183965
  Dense   best config: {'BLOCK_SIZE_M': 128, 'BLOCK_SIZE_N': 256, 'BLOCK_SIZE_K': 64, 'num_buffers': 3, 'SUBTILE_FACTOR': 4}, num_warps=8
  Sparse  best config: {'BLOCK_SIZE_M': 128, 'BLOCK_SIZE_N': 256, 'BLOCK_SIZE_K': 64, 'num_buffers': 4, 'SUBTILE_FACTOR': 8}, num_warps=8
  Runtime best config: {'BLOCK_SIZE_M': 64, 'BLOCK_SIZE_N': 256, 'BLOCK_SIZE_K': 64, 'num_buffers': 3, 'SUBTILE_FACTOR': 1, 'num_warps_compress': 4, 'a_comp_layout': NVMMASharedLayout(swizzle_byte_width=64, element_bitwidth=16, rank=2, transposed=False, fp4_padded=False, cga_layout=[]), 'e_layout': NVMMASharedLayout(swizzle_byte_width=0, element_bitwidth=16, rank=2, transposed=False, fp4_padded=False, cga_layout=[]), 'a_comp_shape_0': 64, 'a_comp_shape_1': 32, 'e_shape_0': 4, 'e_shape_1': 64}, num_warps=16
start 32768-4096-24576 (7/167)
finish dense ws
finish sparse ws
finish compression ws
finish 32768-4096-24576 -> Dense: 564.1554145496737, Precomp WS: 995.1278437670242, 7.6 WS: 339.6057734104549
  Dense   best config: {'BLOCK_SIZE_M': 128, 'BLOCK_SIZE_N': 128, 'BLOCK_SIZE_K': 64, 'num_buffers': 6, 'SUBTILE_FACTOR': 8}, num_warps=4
  Sparse  best config: {'BLOCK_SIZE_M': 128, 'BLOCK_SIZE_N': 256, 'BLOCK_SIZE_K': 64, 'num_buffers': 4, 'SUBTILE_FACTOR': 8}, num_warps=8
  Runtime best config: {'BLOCK_SIZE_M': 64, 'BLOCK_SIZE_N': 256, 'BLOCK_SIZE_K': 64, 'num_buffers': 3, 'SUBTILE_FACTOR': 1, 'num_warps_compress': 4, 'a_comp_layout': NVMMASharedLayout(swizzle_byte_width=64, element_bitwidth=16, rank=2, transposed=False, fp4_padded=False, cga_layout=[]), 'e_layout': NVMMASharedLayout(swizzle_byte_width=0, element_bitwidth=16, rank=2, transposed=False, fp4_padded=False, cga_layout=[]), 'a_comp_shape_0': 64, 'a_comp_shape_1': 32, 'e_shape_0': 4, 'e_shape_1': 64}, num_warps=8
start 49152-4096-16384 (8/167)
finish dense ws
finish sparse ws
finish compression ws
finish 49152-4096-16384 -> Dense: 650.9603835351594, Precomp WS: 993.0044403397361, 7.6 WS: 362.39568615001855
  Dense   best config: {'BLOCK_SIZE_M': 128, 'BLOCK_SIZE_N': 256, 'BLOCK_SIZE_K': 64, 'num_buffers': 3, 'SUBTILE_FACTOR': 4}, num_warps=8
  Sparse  best config: {'BLOCK_SIZE_M': 128, 'BLOCK_SIZE_N': 256, 'BLOCK_SIZE_K': 64, 'num_buffers': 4, 'SUBTILE_FACTOR': 8}, num_warps=8
  Runtime best config: {'BLOCK_SIZE_M': 64, 'BLOCK_SIZE_N': 256, 'BLOCK_SIZE_K': 64, 'num_buffers': 3, 'SUBTILE_FACTOR': 1, 'num_warps_compress': 4, 'a_comp_layout': NVMMASharedLayout(swizzle_byte_width=64, element_bitwidth=16, rank=2, transposed=False, fp4_padded=False, cga_layout=[]), 'e_layout': NVMMASharedLayout(swizzle_byte_width=0, element_bitwidth=16, rank=2, transposed=False, fp4_padded=False, cga_layout=[]), 'a_comp_shape_0': 64, 'a_comp_shape_1': 32, 'e_shape_0': 4, 'e_shape_1': 64}, num_warps=16
start 12288-4096-49152 (9/167)
finish dense ws
finish sparse ws
finish compression ws
finish 12288-4096-49152 -> Dense: 634.543630036241, Precomp WS: 951.1853349789488, 7.6 WS: 350.75698145450696
  Dense   best config: {'BLOCK_SIZE_M': 128, 'BLOCK_SIZE_N': 256, 'BLOCK_SIZE_K': 64, 'num_buffers': 3, 'SUBTILE_FACTOR': 2}, num_warps=8
  Sparse  best config: {'BLOCK_SIZE_M': 128, 'BLOCK_SIZE_N': 256, 'BLOCK_SIZE_K': 64, 'num_buffers': 4, 'SUBTILE_FACTOR': 8}, num_warps=8
  Runtime best config: {'BLOCK_SIZE_M': 64, 'BLOCK_SIZE_N': 256, 'BLOCK_SIZE_K': 64, 'num_buffers': 3, 'SUBTILE_FACTOR': 1, 'num_warps_compress': 4, 'a_comp_layout': NVMMASharedLayout(swizzle_byte_width=64, element_bitwidth=16, rank=2, transposed=False, fp4_padded=False, cga_layout=[]), 'e_layout': NVMMASharedLayout(swizzle_byte_width=0, element_bitwidth=16, rank=2, transposed=False, fp4_padded=False, cga_layout=[]), 'a_comp_shape_0': 64, 'a_comp_shape_1': 32, 'e_shape_0': 4, 'e_shape_1': 64}, num_warps=8
start 24576-4096-24576 (10/167)
finish dense ws
finish sparse ws
finish compression ws
finish 24576-4096-24576 -> Dense: 626.9006119647929, Precomp WS: 947.9458893268204, 7.6 WS: 366.5946233298422
  Dense   best config: {'BLOCK_SIZE_M': 128, 'BLOCK_SIZE_N': 256, 'BLOCK_SIZE_K': 64, 'num_buffers': 3, 'SUBTILE_FACTOR': 2}, num_warps=8
  Sparse  best config: {'BLOCK_SIZE_M': 128, 'BLOCK_SIZE_N': 256, 'BLOCK_SIZE_K': 64, 'num_buffers': 4, 'SUBTILE_FACTOR': 8}, num_warps=8
  Runtime best config: {'BLOCK_SIZE_M': 64, 'BLOCK_SIZE_N': 256, 'BLOCK_SIZE_K': 64, 'num_buffers': 3, 'SUBTILE_FACTOR': 1, 'num_warps_compress': 4, 'a_comp_layout': NVMMASharedLayout(swizzle_byte_width=64, element_bitwidth=16, rank=2, transposed=False, fp4_padded=False, cga_layout=[]), 'e_layout': NVMMASharedLayout(swizzle_byte_width=0, element_bitwidth=16, rank=2, transposed=False, fp4_padded=False, cga_layout=[]), 'a_comp_shape_0': 64, 'a_comp_shape_1': 32, 'e_shape_0': 4, 'e_shape_1': 64}, num_warps=8
start 49152-4096-12288 (11/167)
finish dense ws
finish sparse ws
finish compression ws
finish 49152-4096-12288 -> Dense: 634.9036380661499, Precomp WS: 964.6174903471125, 7.6 WS: 361.2320472782804
  Dense   best config: {'BLOCK_SIZE_M': 128, 'BLOCK_SIZE_N': 256, 'BLOCK_SIZE_K': 64, 'num_buffers': 3, 'SUBTILE_FACTOR': 2}, num_warps=8
  Sparse  best config: {'BLOCK_SIZE_M': 128, 'BLOCK_SIZE_N': 256, 'BLOCK_SIZE_K': 64, 'num_buffers': 4, 'SUBTILE_FACTOR': 8}, num_warps=8
  Runtime best config: {'BLOCK_SIZE_M': 64, 'BLOCK_SIZE_N': 256, 'BLOCK_SIZE_K': 64, 'num_buffers': 3, 'SUBTILE_FACTOR': 1, 'num_warps_compress': 4, 'a_comp_layout': NVMMASharedLayout(swizzle_byte_width=64, element_bitwidth=16, rank=2, transposed=False, fp4_padded=False, cga_layout=[]), 'e_layout': NVMMASharedLayout(swizzle_byte_width=0, element_bitwidth=16, rank=2, transposed=False, fp4_padded=False, cga_layout=[]), 'a_comp_shape_0': 64, 'a_comp_shape_1': 32, 'e_shape_0': 4, 'e_shape_1': 64}, num_warps=16
start 16384-4096-32768 (12/167)
finish dense ws
finish sparse ws
finish compression ws
finish 16384-4096-32768 -> Dense: 634.2921231697281, Precomp WS: 934.5285765566616, 7.6 WS: 363.5880214762058
  Dense   best config: {'BLOCK_SIZE_M': 128, 'BLOCK_SIZE_N': 256, 'BLOCK_SIZE_K': 64, 'num_buffers': 3, 'SUBTILE_FACTOR': 8}, num_warps=8
  Sparse  best config: {'BLOCK_SIZE_M': 128, 'BLOCK_SIZE_N': 256, 'BLOCK_SIZE_K': 64, 'num_buffers': 4, 'SUBTILE_FACTOR': 8}, num_warps=8
  Runtime best config: {'BLOCK_SIZE_M': 64, 'BLOCK_SIZE_N': 256, 'BLOCK_SIZE_K': 64, 'num_buffers': 3, 'SUBTILE_FACTOR': 1, 'num_warps_compress': 4, 'a_comp_layout': NVMMASharedLayout(swizzle_byte_width=64, element_bitwidth=16, rank=2, transposed=False, fp4_padded=False, cga_layout=[]), 'e_layout': NVMMASharedLayout(swizzle_byte_width=0, element_bitwidth=16, rank=2, transposed=False, fp4_padded=False, cga_layout=[]), 'a_comp_shape_0': 64, 'a_comp_shape_1': 32, 'e_shape_0': 4, 'e_shape_1': 64}, num_warps=8
start 32768-4096-16384 (13/167)
finish dense ws
finish sparse ws
finish compression ws
finish 32768-4096-16384 -> Dense: 622.263055760693, Precomp WS: 935.5205743911754, 7.6 WS: 363.50399367713703
  Dense   best config: {'BLOCK_SIZE_M': 128, 'BLOCK_SIZE_N': 256, 'BLOCK_SIZE_K': 64, 'num_buffers': 3, 'SUBTILE_FACTOR': 4}, num_warps=8
  Sparse  best config: {'BLOCK_SIZE_M': 128, 'BLOCK_SIZE_N': 256, 'BLOCK_SIZE_K': 64, 'num_buffers': 4, 'SUBTILE_FACTOR': 8}, num_warps=8
  Runtime best config: {'BLOCK_SIZE_M': 64, 'BLOCK_SIZE_N': 256, 'BLOCK_SIZE_K': 64, 'num_buffers': 3, 'SUBTILE_FACTOR': 1, 'num_warps_compress': 4, 'a_comp_layout': NVMMASharedLayout(swizzle_byte_width=64, element_bitwidth=16, rank=2, transposed=False, fp4_padded=False, cga_layout=[]), 'e_layout': NVMMASharedLayout(swizzle_byte_width=0, element_bitwidth=16, rank=2, transposed=False, fp4_padded=False, cga_layout=[]), 'a_comp_shape_0': 64, 'a_comp_shape_1': 32, 'e_shape_0': 4, 'e_shape_1': 64}, num_warps=16
start 8192-4096-49152 (14/167)
finish dense ws
finish sparse ws
finish compression ws
finish 8192-4096-49152 -> Dense: 618.9006541659884, Precomp WS: 900.532065456473, 7.6 WS: 370.99686025835774
  Dense   best config: {'BLOCK_SIZE_M': 128, 'BLOCK_SIZE_N': 256, 'BLOCK_SIZE_K': 64, 'num_buffers': 3, 'SUBTILE_FACTOR': 2}, num_warps=8
  Sparse  best config: {'BLOCK_SIZE_M': 128, 'BLOCK_SIZE_N': 256, 'BLOCK_SIZE_K': 64, 'num_buffers': 4, 'SUBTILE_FACTOR': 8}, num_warps=8
  Runtime best config: {'BLOCK_SIZE_M': 64, 'BLOCK_SIZE_N': 256, 'BLOCK_SIZE_K': 64, 'num_buffers': 3, 'SUBTILE_FACTOR': 1, 'num_warps_compress': 4, 'a_comp_layout': NVMMASharedLayout(swizzle_byte_width=64, element_bitwidth=16, rank=2, transposed=False, fp4_padded=False, cga_layout=[]), 'e_layout': NVMMASharedLayout(swizzle_byte_width=0, element_bitwidth=16, rank=2, transposed=False, fp4_padded=False, cga_layout=[]), 'a_comp_shape_0': 64, 'a_comp_shape_1': 32, 'e_shape_0': 4, 'e_shape_1': 64}, num_warps=8
start 12288-4096-32768 (15/167)
finish dense ws
finish sparse ws
finish compression ws
finish 12288-4096-32768 -> Dense: 616.2338935785531, Precomp WS: 925.5836401730352, 7.6 WS: 363.00725374612637
  Dense   best config: {'BLOCK_SIZE_M': 128, 'BLOCK_SIZE_N': 256, 'BLOCK_SIZE_K': 64, 'num_buffers': 4, 'SUBTILE_FACTOR': 4}, num_warps=8
  Sparse  best config: {'BLOCK_SIZE_M': 128, 'BLOCK_SIZE_N': 256, 'BLOCK_SIZE_K': 64, 'num_buffers': 4, 'SUBTILE_FACTOR': 8}, num_warps=8
  Runtime best config: {'BLOCK_SIZE_M': 64, 'BLOCK_SIZE_N': 256, 'BLOCK_SIZE_K': 64, 'num_buffers': 3, 'SUBTILE_FACTOR': 1, 'num_warps_compress': 4, 'a_comp_layout': NVMMASharedLayout(swizzle_byte_width=64, element_bitwidth=16, rank=2, transposed=False, fp4_padded=False, cga_layout=[]), 'e_layout': NVMMASharedLayout(swizzle_byte_width=0, element_bitwidth=16, rank=2, transposed=False, fp4_padded=False, cga_layout=[]), 'a_comp_shape_0': 64, 'a_comp_shape_1': 32, 'e_shape_0': 4, 'e_shape_1': 64}, num_warps=8
start 16384-4096-24576 (16/167)
finish dense ws
finish sparse ws
finish compression ws
finish 16384-4096-24576 -> Dense: 614.9387382185041, Precomp WS: 918.0921394521025, 7.6 WS: 366.93990650453287
  Dense   best config: {'BLOCK_SIZE_M': 128, 'BLOCK_SIZE_N': 256, 'BLOCK_SIZE_K': 64, 'num_buffers': 3, 'SUBTILE_FACTOR': 2}, num_warps=8
  Sparse  best config: {'BLOCK_SIZE_M': 128, 'BLOCK_SIZE_N': 256, 'BLOCK_SIZE_K': 64, 'num_buffers': 4, 'SUBTILE_FACTOR': 8}, num_warps=8
  Runtime best config: {'BLOCK_SIZE_M': 64, 'BLOCK_SIZE_N': 256, 'BLOCK_SIZE_K': 64, 'num_buffers': 3, 'SUBTILE_FACTOR': 1, 'num_warps_compress': 4, 'a_comp_layout': NVMMASharedLayout(swizzle_byte_width=64, element_bitwidth=16, rank=2, transposed=False, fp4_padded=False, cga_layout=[]), 'e_layout': NVMMASharedLayout(swizzle_byte_width=0, element_bitwidth=16, rank=2, transposed=False, fp4_padded=False, cga_layout=[]), 'a_comp_shape_0': 64, 'a_comp_shape_1': 32, 'e_shape_0': 4, 'e_shape_1': 64}, num_warps=8
start 24576-4096-16384 (17/167)
finish dense ws
finish sparse ws
finish compression ws
finish 24576-4096-16384 -> Dense: 615.089835193482, Precomp WS: 908.9320167713948, 7.6 WS: 371.1886163730461
  Dense   best config: {'BLOCK_SIZE_M': 128, 'BLOCK_SIZE_N': 256, 'BLOCK_SIZE_K': 64, 'num_buffers': 3, 'SUBTILE_FACTOR': 4}, num_warps=8
  Sparse  best config: {'BLOCK_SIZE_M': 128, 'BLOCK_SIZE_N': 256, 'BLOCK_SIZE_K': 64, 'num_buffers': 4, 'SUBTILE_FACTOR': 8}, num_warps=8
  Runtime best config: {'BLOCK_SIZE_M': 64, 'BLOCK_SIZE_N': 256, 'BLOCK_SIZE_K': 64, 'num_buffers': 3, 'SUBTILE_FACTOR': 1, 'num_warps_compress': 4, 'a_comp_layout': NVMMASharedLayout(swizzle_byte_width=64, element_bitwidth=16, rank=2, transposed=False, fp4_padded=False, cga_layout=[]), 'e_layout': NVMMASharedLayout(swizzle_byte_width=0, element_bitwidth=16, rank=2, transposed=False, fp4_padded=False, cga_layout=[]), 'a_comp_shape_0': 64, 'a_comp_shape_1': 32, 'e_shape_0': 4, 'e_shape_1': 64}, num_warps=8
start 32768-4096-12288 (18/167)
finish dense ws
finish sparse ws
finish compression ws
finish 32768-4096-12288 -> Dense: 610.0230260642044, Precomp WS: 910.9995136027411, 7.6 WS: 365.8053010415649
  Dense   best config: {'BLOCK_SIZE_M': 128, 'BLOCK_SIZE_N': 256, 'BLOCK_SIZE_K': 64, 'num_buffers': 3, 'SUBTILE_FACTOR': 2}, num_warps=8
  Sparse  best config: {'BLOCK_SIZE_M': 128, 'BLOCK_SIZE_N': 256, 'BLOCK_SIZE_K': 64, 'num_buffers': 4, 'SUBTILE_FACTOR': 8}, num_warps=8
  Runtime best config: {'BLOCK_SIZE_M': 64, 'BLOCK_SIZE_N': 256, 'BLOCK_SIZE_K': 64, 'num_buffers': 3, 'SUBTILE_FACTOR': 1, 'num_warps_compress': 4, 'a_comp_layout': NVMMASharedLayout(swizzle_byte_width=64, element_bitwidth=16, rank=2, transposed=False, fp4_padded=False, cga_layout=[]), 'e_layout': NVMMASharedLayout(swizzle_byte_width=0, element_bitwidth=16, rank=2, transposed=False, fp4_padded=False, cga_layout=[]), 'a_comp_shape_0': 64, 'a_comp_shape_1': 32, 'e_shape_0': 4, 'e_shape_1': 64}, num_warps=8
start 49152-4096-8192 (19/167)
finish dense ws
finish sparse ws
finish compression ws
finish 49152-4096-8192 -> Dense: 612.3938627813279, Precomp WS: 896.1461838961385, 7.6 WS: 356.66745740594206
  Dense   best config: {'BLOCK_SIZE_M': 256, 'BLOCK_SIZE_N': 128, 'BLOCK_SIZE_K': 64, 'num_buffers': 4, 'SUBTILE_FACTOR': 8}, num_warps=8
  Sparse  best config: {'BLOCK_SIZE_M': 128, 'BLOCK_SIZE_N': 256, 'BLOCK_SIZE_K': 64, 'num_buffers': 4, 'SUBTILE_FACTOR': 8}, num_warps=8
  Runtime best config: {'BLOCK_SIZE_M': 64, 'BLOCK_SIZE_N': 256, 'BLOCK_SIZE_K': 64, 'num_buffers': 3, 'SUBTILE_FACTOR': 1, 'num_warps_compress': 4, 'a_comp_layout': NVMMASharedLayout(swizzle_byte_width=64, element_bitwidth=16, rank=2, transposed=False, fp4_padded=False, cga_layout=[]), 'e_layout': NVMMASharedLayout(swizzle_byte_width=0, element_bitwidth=16, rank=2, transposed=False, fp4_padded=False, cga_layout=[]), 'a_comp_shape_0': 64, 'a_comp_shape_1': 32, 'e_shape_0': 4, 'e_shape_1': 64}, num_warps=16
start 6144-4096-49152 (20/167)
finish dense ws
finish sparse ws
finish compression ws
finish 6144-4096-49152 -> Dense: 595.7330375757165, Precomp WS: 879.1268100294113, 7.6 WS: 364.62624477786704
  Dense   best config: {'BLOCK_SIZE_M': 128, 'BLOCK_SIZE_N': 256, 'BLOCK_SIZE_K': 64, 'num_buffers': 4, 'SUBTILE_FACTOR': 4}, num_warps=8
  Sparse  best config: {'BLOCK_SIZE_M': 128, 'BLOCK_SIZE_N': 256, 'BLOCK_SIZE_K': 64, 'num_buffers': 4, 'SUBTILE_FACTOR': 8}, num_warps=8
  Runtime best config: {'BLOCK_SIZE_M': 64, 'BLOCK_SIZE_N': 256, 'BLOCK_SIZE_K': 64, 'num_buffers': 3, 'SUBTILE_FACTOR': 1, 'num_warps_compress': 4, 'a_comp_layout': NVMMASharedLayout(swizzle_byte_width=64, element_bitwidth=16, rank=2, transposed=False, fp4_padded=False, cga_layout=[]), 'e_layout': NVMMASharedLayout(swizzle_byte_width=0, element_bitwidth=16, rank=2, transposed=False, fp4_padded=False, cga_layout=[]), 'a_comp_shape_0': 64, 'a_comp_shape_1': 32, 'e_shape_0': 4, 'e_shape_1': 64}, num_warps=8
start 12288-4096-24576 (21/167)
finish dense ws
finish sparse ws
finish compression ws
finish 12288-4096-24576 -> Dense: 596.1812841360507, Precomp WS: 866.4387377960442, 7.6 WS: 360.50099508053074
  Dense   best config: {'BLOCK_SIZE_M': 128, 'BLOCK_SIZE_N': 256, 'BLOCK_SIZE_K': 64, 'num_buffers': 3, 'SUBTILE_FACTOR': 2}, num_warps=8
  Sparse  best config: {'BLOCK_SIZE_M': 128, 'BLOCK_SIZE_N': 256, 'BLOCK_SIZE_K': 64, 'num_buffers': 4, 'SUBTILE_FACTOR': 8}, num_warps=8
  Runtime best config: {'BLOCK_SIZE_M': 64, 'BLOCK_SIZE_N': 256, 'BLOCK_SIZE_K': 64, 'num_buffers': 3, 'SUBTILE_FACTOR': 1, 'num_warps_compress': 4, 'a_comp_layout': NVMMASharedLayout(swizzle_byte_width=64, element_bitwidth=16, rank=2, transposed=False, fp4_padded=False, cga_layout=[]), 'e_layout': NVMMASharedLayout(swizzle_byte_width=0, element_bitwidth=16, rank=2, transposed=False, fp4_padded=False, cga_layout=[]), 'a_comp_shape_0': 64, 'a_comp_shape_1': 32, 'e_shape_0': 4, 'e_shape_1': 64}, num_warps=8
start 24576-4096-12288 (22/167)
finish dense ws
finish sparse ws
finish compression ws
finish 24576-4096-12288 -> Dense: 591.9668992640457, Precomp WS: 851.9634943528216, 7.6 WS: 362.9659171829361
  Dense   best config: {'BLOCK_SIZE_M': 128, 'BLOCK_SIZE_N': 256, 'BLOCK_SIZE_K': 64, 'num_buffers': 3, 'SUBTILE_FACTOR': 2}, num_warps=8
  Sparse  best config: {'BLOCK_SIZE_M': 128, 'BLOCK_SIZE_N': 256, 'BLOCK_SIZE_K': 64, 'num_buffers': 4, 'SUBTILE_FACTOR': 8}, num_warps=8
  Runtime best config: {'BLOCK_SIZE_M': 64, 'BLOCK_SIZE_N': 256, 'BLOCK_SIZE_K': 64, 'num_buffers': 3, 'SUBTILE_FACTOR': 1, 'num_warps_compress': 4, 'a_comp_layout': NVMMASharedLayout(swizzle_byte_width=64, element_bitwidth=16, rank=2, transposed=False, fp4_padded=False, cga_layout=[]), 'e_layout': NVMMASharedLayout(swizzle_byte_width=0, element_bitwidth=16, rank=2, transposed=False, fp4_padded=False, cga_layout=[]), 'a_comp_shape_0': 64, 'a_comp_shape_1': 32, 'e_shape_0': 4, 'e_shape_1': 64}, num_warps=8
start 49152-4096-6144 (23/167)
finish dense ws
finish sparse ws
finish compression ws
finish 49152-4096-6144 -> Dense: 586.6621079534629, Precomp WS: 847.1923792744697, 7.6 WS: 359.5252665836775
  Dense   best config: {'BLOCK_SIZE_M': 128, 'BLOCK_SIZE_N': 256, 'BLOCK_SIZE_K': 64, 'num_buffers': 3, 'SUBTILE_FACTOR': 4}, num_warps=8
  Sparse  best config: {'BLOCK_SIZE_M': 128, 'BLOCK_SIZE_N': 256, 'BLOCK_SIZE_K': 64, 'num_buffers': 4, 'SUBTILE_FACTOR': 8}, num_warps=8
  Runtime best config: {'BLOCK_SIZE_M': 64, 'BLOCK_SIZE_N': 256, 'BLOCK_SIZE_K': 64, 'num_buffers': 3, 'SUBTILE_FACTOR': 1, 'num_warps_compress': 4, 'a_comp_layout': NVMMASharedLayout(swizzle_byte_width=64, element_bitwidth=16, rank=2, transposed=False, fp4_padded=False, cga_layout=[]), 'e_layout': NVMMASharedLayout(swizzle_byte_width=0, element_bitwidth=16, rank=2, transposed=False, fp4_padded=False, cga_layout=[]), 'a_comp_shape_0': 64, 'a_comp_shape_1': 32, 'e_shape_0': 4, 'e_shape_1': 64}, num_warps=8
start 8192-4096-32768 (24/167)
finish dense ws
finish sparse ws
finish compression ws
finish 8192-4096-32768 -> Dense: 593.4883740324753, Precomp WS: 836.7706574933559, 7.6 WS: 360.0255884161485
  Dense   best config: {'BLOCK_SIZE_M': 128, 'BLOCK_SIZE_N': 256, 'BLOCK_SIZE_K': 64, 'num_buffers': 3, 'SUBTILE_FACTOR': 4}, num_warps=8
  Sparse  best config: {'BLOCK_SIZE_M': 128, 'BLOCK_SIZE_N': 256, 'BLOCK_SIZE_K': 64, 'num_buffers': 5, 'SUBTILE_FACTOR': 8}, num_warps=8
  Runtime best config: {'BLOCK_SIZE_M': 64, 'BLOCK_SIZE_N': 256, 'BLOCK_SIZE_K': 64, 'num_buffers': 3, 'SUBTILE_FACTOR': 1, 'num_warps_compress': 4, 'a_comp_layout': NVMMASharedLayout(swizzle_byte_width=64, element_bitwidth=16, rank=2, transposed=False, fp4_padded=False, cga_layout=[]), 'e_layout': NVMMASharedLayout(swizzle_byte_width=0, element_bitwidth=16, rank=2, transposed=False, fp4_padded=False, cga_layout=[]), 'a_comp_shape_0': 64, 'a_comp_shape_1': 32, 'e_shape_0': 4, 'e_shape_1': 64}, num_warps=8
start 16384-4096-16384 (25/167)
finish dense ws
finish sparse ws
finish compression ws
finish 16384-4096-16384 -> Dense: 182.80138809124327, Precomp WS: 833.6622254656168, 7.6 WS: 358.33336433477183
  Dense   best config: {'BLOCK_SIZE_M': 128, 'BLOCK_SIZE_N': 256, 'BLOCK_SIZE_K': 64, 'num_buffers': 4, 'SUBTILE_FACTOR': 4}, num_warps=8
  Sparse  best config: {'BLOCK_SIZE_M': 256, 'BLOCK_SIZE_N': 128, 'BLOCK_SIZE_K': 128, 'num_buffers': 3, 'SUBTILE_FACTOR': 8}, num_warps=8
  Runtime best config: {'BLOCK_SIZE_M': 64, 'BLOCK_SIZE_N': 256, 'BLOCK_SIZE_K': 64, 'num_buffers': 3, 'SUBTILE_FACTOR': 1, 'num_warps_compress': 4, 'a_comp_layout': NVMMASharedLayout(swizzle_byte_width=64, element_bitwidth=16, rank=2, transposed=False, fp4_padded=False, cga_layout=[]), 'e_layout': NVMMASharedLayout(swizzle_byte_width=0, element_bitwidth=16, rank=2, transposed=False, fp4_padded=False, cga_layout=[]), 'a_comp_shape_0': 64, 'a_comp_shape_1': 32, 'e_shape_0': 4, 'e_shape_1': 64}, num_warps=8
start 32768-4096-8192 (26/167)
finish dense ws
finish sparse ws
finish compression ws
finish 32768-4096-8192 -> Dense: 584.3972561102257, Precomp WS: 827.6688635828959, 7.6 WS: 357.26874967019376
  Dense   best config: {'BLOCK_SIZE_M': 128, 'BLOCK_SIZE_N': 256, 'BLOCK_SIZE_K': 64, 'num_buffers': 3, 'SUBTILE_FACTOR': 4}, num_warps=8
  Sparse  best config: {'BLOCK_SIZE_M': 128, 'BLOCK_SIZE_N': 256, 'BLOCK_SIZE_K': 64, 'num_buffers': 4, 'SUBTILE_FACTOR': 4}, num_warps=8
  Runtime best config: {'BLOCK_SIZE_M': 64, 'BLOCK_SIZE_N': 256, 'BLOCK_SIZE_K': 64, 'num_buffers': 3, 'SUBTILE_FACTOR': 1, 'num_warps_compress': 4, 'a_comp_layout': NVMMASharedLayout(swizzle_byte_width=64, element_bitwidth=16, rank=2, transposed=False, fp4_padded=False, cga_layout=[]), 'e_layout': NVMMASharedLayout(swizzle_byte_width=0, element_bitwidth=16, rank=2, transposed=False, fp4_padded=False, cga_layout=[]), 'a_comp_shape_0': 64, 'a_comp_shape_1': 32, 'e_shape_0': 4, 'e_shape_1': 64}, num_warps=8
start 4096-4096-49152 (27/167)
finish dense ws
finish sparse ws
finish compression ws
finish 4096-4096-49152 -> Dense: 570.3574976712595, Precomp WS: 772.6071379012743, 7.6 WS: 354.00586507808856
  Dense   best config: {'BLOCK_SIZE_M': 128, 'BLOCK_SIZE_N': 256, 'BLOCK_SIZE_K': 64, 'num_buffers': 3, 'SUBTILE_FACTOR': 4}, num_warps=8
  Sparse  best config: {'BLOCK_SIZE_M': 256, 'BLOCK_SIZE_N': 128, 'BLOCK_SIZE_K': 128, 'num_buffers': 3, 'SUBTILE_FACTOR': 8}, num_warps=8
  Runtime best config: {'BLOCK_SIZE_M': 64, 'BLOCK_SIZE_N': 256, 'BLOCK_SIZE_K': 64, 'num_buffers': 3, 'SUBTILE_FACTOR': 1, 'num_warps_compress': 4, 'a_comp_layout': NVMMASharedLayout(swizzle_byte_width=64, element_bitwidth=16, rank=2, transposed=False, fp4_padded=False, cga_layout=[]), 'e_layout': NVMMASharedLayout(swizzle_byte_width=0, element_bitwidth=16, rank=2, transposed=False, fp4_padded=False, cga_layout=[]), 'a_comp_shape_0': 64, 'a_comp_shape_1': 32, 'e_shape_0': 4, 'e_shape_1': 64}, num_warps=8
start 6144-4096-32768 (28/167)
finish dense ws
finish sparse ws
finish compression ws
finish 6144-4096-32768 -> Dense: 562.4322880825483, Precomp WS: 773.0258616386739, 7.6 WS: 351.0892775171319
  Dense   best config: {'BLOCK_SIZE_M': 128, 'BLOCK_SIZE_N': 256, 'BLOCK_SIZE_K': 64, 'num_buffers': 4, 'SUBTILE_FACTOR': 4}, num_warps=8
  Sparse  best config: {'BLOCK_SIZE_M': 256, 'BLOCK_SIZE_N': 128, 'BLOCK_SIZE_K': 128, 'num_buffers': 3, 'SUBTILE_FACTOR': 8}, num_warps=16
  Runtime best config: {'BLOCK_SIZE_M': 64, 'BLOCK_SIZE_N': 256, 'BLOCK_SIZE_K': 64, 'num_buffers': 3, 'SUBTILE_FACTOR': 1, 'num_warps_compress': 4, 'a_comp_layout': NVMMASharedLayout(swizzle_byte_width=64, element_bitwidth=16, rank=2, transposed=False, fp4_padded=False, cga_layout=[]), 'e_layout': NVMMASharedLayout(swizzle_byte_width=0, element_bitwidth=16, rank=2, transposed=False, fp4_padded=False, cga_layout=[]), 'a_comp_shape_0': 64, 'a_comp_shape_1': 32, 'e_shape_0': 4, 'e_shape_1': 64}, num_warps=8
start 8192-4096-24576 (29/167)
finish dense ws
finish sparse ws
finish compression ws
finish 8192-4096-24576 -> Dense: 541.2707497585077, Precomp WS: 776.2659811011443, 7.6 WS: 347.3664890781783
  Dense   best config: {'BLOCK_SIZE_M': 256, 'BLOCK_SIZE_N': 128, 'BLOCK_SIZE_K': 64, 'num_buffers': 4, 'SUBTILE_FACTOR': 4}, num_warps=8
  Sparse  best config: {'BLOCK_SIZE_M': 128, 'BLOCK_SIZE_N': 256, 'BLOCK_SIZE_K': 64, 'num_buffers': 4, 'SUBTILE_FACTOR': 8}, num_warps=8
  Runtime best config: {'BLOCK_SIZE_M': 64, 'BLOCK_SIZE_N': 256, 'BLOCK_SIZE_K': 64, 'num_buffers': 3, 'SUBTILE_FACTOR': 1, 'num_warps_compress': 4, 'a_comp_layout': NVMMASharedLayout(swizzle_byte_width=64, element_bitwidth=16, rank=2, transposed=False, fp4_padded=False, cga_layout=[]), 'e_layout': NVMMASharedLayout(swizzle_byte_width=0, element_bitwidth=16, rank=2, transposed=False, fp4_padded=False, cga_layout=[]), 'a_comp_shape_0': 64, 'a_comp_shape_1': 32, 'e_shape_0': 4, 'e_shape_1': 64}, num_warps=8
start 12288-4096-16384 (30/167)
finish dense ws
finish sparse ws
finish compression ws
finish 12288-4096-16384 -> Dense: 561.7906171645764, Precomp WS: 776.1683383694472, 7.6 WS: 349.0393728808319
  Dense   best config: {'BLOCK_SIZE_M': 128, 'BLOCK_SIZE_N': 256, 'BLOCK_SIZE_K': 64, 'num_buffers': 3, 'SUBTILE_FACTOR': 8}, num_warps=8
  Sparse  best config: {'BLOCK_SIZE_M': 128, 'BLOCK_SIZE_N': 256, 'BLOCK_SIZE_K': 64, 'num_buffers': 4, 'SUBTILE_FACTOR': 8}, num_warps=8
  Runtime best config: {'BLOCK_SIZE_M': 64, 'BLOCK_SIZE_N': 256, 'BLOCK_SIZE_K': 64, 'num_buffers': 3, 'SUBTILE_FACTOR': 1, 'num_warps_compress': 4, 'a_comp_layout': NVMMASharedLayout(swizzle_byte_width=64, element_bitwidth=16, rank=2, transposed=False, fp4_padded=False, cga_layout=[]), 'e_layout': NVMMASharedLayout(swizzle_byte_width=0, element_bitwidth=16, rank=2, transposed=False, fp4_padded=False, cga_layout=[]), 'a_comp_shape_0': 64, 'a_comp_shape_1': 32, 'e_shape_0': 4, 'e_shape_1': 64}, num_warps=8
start 16384-4096-12288 (31/167)
finish dense ws
finish sparse ws
finish compression ws
finish 16384-4096-12288 -> Dense: 561.0282460085774, Precomp WS: 759.8300166272763, 7.6 WS: 343.1990293126386
  Dense   best config: {'BLOCK_SIZE_M': 128, 'BLOCK_SIZE_N': 256, 'BLOCK_SIZE_K': 64, 'num_buffers': 3, 'SUBTILE_FACTOR': 4}, num_warps=8
  Sparse  best config: {'BLOCK_SIZE_M': 128, 'BLOCK_SIZE_N': 256, 'BLOCK_SIZE_K': 64, 'num_buffers': 4, 'SUBTILE_FACTOR': 8}, num_warps=8
  Runtime best config: {'BLOCK_SIZE_M': 64, 'BLOCK_SIZE_N': 256, 'BLOCK_SIZE_K': 64, 'num_buffers': 3, 'SUBTILE_FACTOR': 1, 'num_warps_compress': 4, 'a_comp_layout': NVMMASharedLayout(swizzle_byte_width=64, element_bitwidth=16, rank=2, transposed=False, fp4_padded=False, cga_layout=[]), 'e_layout': NVMMASharedLayout(swizzle_byte_width=0, element_bitwidth=16, rank=2, transposed=False, fp4_padded=False, cga_layout=[]), 'a_comp_shape_0': 64, 'a_comp_shape_1': 32, 'e_shape_0': 4, 'e_shape_1': 64}, num_warps=8
start 24576-4096-8192 (32/167)
finish dense ws
finish sparse ws
finish compression ws
finish 24576-4096-8192 -> Dense: 551.2759664066049, Precomp WS: 770.1093174768782, 7.6 WS: 346.41709542664705
  Dense   best config: {'BLOCK_SIZE_M': 128, 'BLOCK_SIZE_N': 256, 'BLOCK_SIZE_K': 64, 'num_buffers': 4, 'SUBTILE_FACTOR': 4}, num_warps=8
  Sparse  best config: {'BLOCK_SIZE_M': 128, 'BLOCK_SIZE_N': 256, 'BLOCK_SIZE_K': 64, 'num_buffers': 4, 'SUBTILE_FACTOR': 8}, num_warps=8
  Runtime best config: {'BLOCK_SIZE_M': 64, 'BLOCK_SIZE_N': 256, 'BLOCK_SIZE_K': 64, 'num_buffers': 3, 'SUBTILE_FACTOR': 1, 'num_warps_compress': 4, 'a_comp_layout': NVMMASharedLayout(swizzle_byte_width=64, element_bitwidth=16, rank=2, transposed=False, fp4_padded=False, cga_layout=[]), 'e_layout': NVMMASharedLayout(swizzle_byte_width=0, element_bitwidth=16, rank=2, transposed=False, fp4_padded=False, cga_layout=[]), 'a_comp_shape_0': 64, 'a_comp_shape_1': 32, 'e_shape_0': 4, 'e_shape_1': 64}, num_warps=8
start 32768-4096-6144 (33/167)
finish dense ws
finish sparse ws
finish compression ws
finish 32768-4096-6144 -> Dense: 548.3882921115573, Precomp WS: 757.2350820322823, 7.6 WS: 343.0068094762022
  Dense   best config: {'BLOCK_SIZE_M': 128, 'BLOCK_SIZE_N': 256, 'BLOCK_SIZE_K': 64, 'num_buffers': 3, 'SUBTILE_FACTOR': 4}, num_warps=8
  Sparse  best config: {'BLOCK_SIZE_M': 128, 'BLOCK_SIZE_N': 256, 'BLOCK_SIZE_K': 64, 'num_buffers': 4, 'SUBTILE_FACTOR': 8}, num_warps=8
  Runtime best config: {'BLOCK_SIZE_M': 64, 'BLOCK_SIZE_N': 256, 'BLOCK_SIZE_K': 64, 'num_buffers': 3, 'SUBTILE_FACTOR': 1, 'num_warps_compress': 4, 'a_comp_layout': NVMMASharedLayout(swizzle_byte_width=64, element_bitwidth=16, rank=2, transposed=False, fp4_padded=False, cga_layout=[]), 'e_layout': NVMMASharedLayout(swizzle_byte_width=0, element_bitwidth=16, rank=2, transposed=False, fp4_padded=False, cga_layout=[]), 'a_comp_shape_0': 64, 'a_comp_shape_1': 32, 'e_shape_0': 4, 'e_shape_1': 64}, num_warps=8
start 49152-4096-4096 (34/167)
finish dense ws
finish sparse ws
finish compression ws
finish 49152-4096-4096 -> Dense: 554.6688070069335, Precomp WS: 759.8640613365808, 7.6 WS: 346.7930809819824
  Dense   best config: {'BLOCK_SIZE_M': 128, 'BLOCK_SIZE_N': 256, 'BLOCK_SIZE_K': 64, 'num_buffers': 3, 'SUBTILE_FACTOR': 2}, num_warps=8
  Sparse  best config: {'BLOCK_SIZE_M': 128, 'BLOCK_SIZE_N': 256, 'BLOCK_SIZE_K': 64, 'num_buffers': 4, 'SUBTILE_FACTOR': 8}, num_warps=8
  Runtime best config: {'BLOCK_SIZE_M': 64, 'BLOCK_SIZE_N': 256, 'BLOCK_SIZE_K': 64, 'num_buffers': 3, 'SUBTILE_FACTOR': 1, 'num_warps_compress': 4, 'a_comp_layout': NVMMASharedLayout(swizzle_byte_width=64, element_bitwidth=16, rank=2, transposed=False, fp4_padded=False, cga_layout=[]), 'e_layout': NVMMASharedLayout(swizzle_byte_width=0, element_bitwidth=16, rank=2, transposed=False, fp4_padded=False, cga_layout=[]), 'a_comp_shape_0': 64, 'a_comp_shape_1': 32, 'e_shape_0': 4, 'e_shape_1': 64}, num_warps=8
start 3072-4096-49152 (35/167)
finish dense ws
finish sparse ws
finish compression ws
finish 3072-4096-49152 -> Dense: 526.860559320166, Precomp WS: 707.8308495206298, 7.6 WS: 337.9178606164935
  Dense   best config: {'BLOCK_SIZE_M': 128, 'BLOCK_SIZE_N': 256, 'BLOCK_SIZE_K': 64, 'num_buffers': 3, 'SUBTILE_FACTOR': 2}, num_warps=8
  Sparse  best config: {'BLOCK_SIZE_M': 128, 'BLOCK_SIZE_N': 256, 'BLOCK_SIZE_K': 64, 'num_buffers': 4, 'SUBTILE_FACTOR': 8}, num_warps=8
  Runtime best config: {'BLOCK_SIZE_M': 64, 'BLOCK_SIZE_N': 256, 'BLOCK_SIZE_K': 64, 'num_buffers': 3, 'SUBTILE_FACTOR': 1, 'num_warps_compress': 4, 'a_comp_layout': NVMMASharedLayout(swizzle_byte_width=64, element_bitwidth=16, rank=2, transposed=False, fp4_padded=False, cga_layout=[]), 'e_layout': NVMMASharedLayout(swizzle_byte_width=0, element_bitwidth=16, rank=2, transposed=False, fp4_padded=False, cga_layout=[]), 'a_comp_shape_0': 64, 'a_comp_shape_1': 32, 'e_shape_0': 4, 'e_shape_1': 64}, num_warps=8
start 6144-4096-24576 (36/167)
finish dense ws
finish sparse ws
finish compression ws
finish 6144-4096-24576 -> Dense: 526.8198733381358, Precomp WS: 704.2312535503788, 7.6 WS: 336.11840612234585
  Dense   best config: {'BLOCK_SIZE_M': 128, 'BLOCK_SIZE_N': 256, 'BLOCK_SIZE_K': 64, 'num_buffers': 4, 'SUBTILE_FACTOR': 4}, num_warps=8
  Sparse  best config: {'BLOCK_SIZE_M': 128, 'BLOCK_SIZE_N': 256, 'BLOCK_SIZE_K': 64, 'num_buffers': 5, 'SUBTILE_FACTOR': 8}, num_warps=8
  Runtime best config: {'BLOCK_SIZE_M': 64, 'BLOCK_SIZE_N': 256, 'BLOCK_SIZE_K': 64, 'num_buffers': 3, 'SUBTILE_FACTOR': 1, 'num_warps_compress': 4, 'a_comp_layout': NVMMASharedLayout(swizzle_byte_width=64, element_bitwidth=16, rank=2, transposed=False, fp4_padded=False, cga_layout=[]), 'e_layout': NVMMASharedLayout(swizzle_byte_width=0, element_bitwidth=16, rank=2, transposed=False, fp4_padded=False, cga_layout=[]), 'a_comp_shape_0': 64, 'a_comp_shape_1': 32, 'e_shape_0': 4, 'e_shape_1': 64}, num_warps=8
start 12288-4096-12288 (37/167)
finish dense ws
finish sparse ws
finish compression ws
finish 12288-4096-12288 -> Dense: 524.0376570490174, Precomp WS: 705.0816125263359, 7.6 WS: 331.8285303683343
  Dense   best config: {'BLOCK_SIZE_M': 128, 'BLOCK_SIZE_N': 256, 'BLOCK_SIZE_K': 64, 'num_buffers': 3, 'SUBTILE_FACTOR': 4}, num_warps=8
  Sparse  best config: {'BLOCK_SIZE_M': 128, 'BLOCK_SIZE_N': 256, 'BLOCK_SIZE_K': 64, 'num_buffers': 4, 'SUBTILE_FACTOR': 8}, num_warps=8
  Runtime best config: {'BLOCK_SIZE_M': 64, 'BLOCK_SIZE_N': 256, 'BLOCK_SIZE_K': 64, 'num_buffers': 3, 'SUBTILE_FACTOR': 1, 'num_warps_compress': 4, 'a_comp_layout': NVMMASharedLayout(swizzle_byte_width=64, element_bitwidth=16, rank=2, transposed=False, fp4_padded=False, cga_layout=[]), 'e_layout': NVMMASharedLayout(swizzle_byte_width=0, element_bitwidth=16, rank=2, transposed=False, fp4_padded=False, cga_layout=[]), 'a_comp_shape_0': 64, 'a_comp_shape_1': 32, 'e_shape_0': 4, 'e_shape_1': 64}, num_warps=8
start 24576-4096-6144 (38/167)
finish dense ws
finish sparse ws
finish compression ws
finish 24576-4096-6144 -> Dense: 519.6335597266185, Precomp WS: 655.4370618472589, 7.6 WS: 333.40037122083834
  Dense   best config: {'BLOCK_SIZE_M': 128, 'BLOCK_SIZE_N': 256, 'BLOCK_SIZE_K': 64, 'num_buffers': 3, 'SUBTILE_FACTOR': 4}, num_warps=8
  Sparse  best config: {'BLOCK_SIZE_M': 256, 'BLOCK_SIZE_N': 128, 'BLOCK_SIZE_K': 64, 'num_buffers': 6, 'SUBTILE_FACTOR': 8}, num_warps=8
  Runtime best config: {'BLOCK_SIZE_M': 64, 'BLOCK_SIZE_N': 256, 'BLOCK_SIZE_K': 64, 'num_buffers': 3, 'SUBTILE_FACTOR': 1, 'num_warps_compress': 4, 'a_comp_layout': NVMMASharedLayout(swizzle_byte_width=64, element_bitwidth=16, rank=2, transposed=False, fp4_padded=False, cga_layout=[]), 'e_layout': NVMMASharedLayout(swizzle_byte_width=0, element_bitwidth=16, rank=2, transposed=False, fp4_padded=False, cga_layout=[]), 'a_comp_shape_0': 64, 'a_comp_shape_1': 32, 'e_shape_0': 4, 'e_shape_1': 64}, num_warps=8
start 49152-4096-3072 (39/167)
finish dense ws
finish sparse ws
finish compression ws
finish 49152-4096-3072 -> Dense: 515.7276004206433, Precomp WS: 685.2538195511304, 7.6 WS: 335.8450474362757
  Dense   best config: {'BLOCK_SIZE_M': 128, 'BLOCK_SIZE_N': 256, 'BLOCK_SIZE_K': 64, 'num_buffers': 3, 'SUBTILE_FACTOR': 4}, num_warps=8
  Sparse  best config: {'BLOCK_SIZE_M': 128, 'BLOCK_SIZE_N': 256, 'BLOCK_SIZE_K': 64, 'num_buffers': 4, 'SUBTILE_FACTOR': 8}, num_warps=8
  Runtime best config: {'BLOCK_SIZE_M': 64, 'BLOCK_SIZE_N': 256, 'BLOCK_SIZE_K': 64, 'num_buffers': 3, 'SUBTILE_FACTOR': 1, 'num_warps_compress': 4, 'a_comp_layout': NVMMASharedLayout(swizzle_byte_width=64, element_bitwidth=16, rank=2, transposed=False, fp4_padded=False, cga_layout=[]), 'e_layout': NVMMASharedLayout(swizzle_byte_width=0, element_bitwidth=16, rank=2, transposed=False, fp4_padded=False, cga_layout=[]), 'a_comp_shape_0': 64, 'a_comp_shape_1': 32, 'e_shape_0': 4, 'e_shape_1': 64}, num_warps=8
start 4096-4096-32768 (40/167)
finish dense ws
finish sparse ws
finish compression ws
finish 4096-4096-32768 -> Dense: 507.8728272464427, Precomp WS: 677.5932690418643, 7.6 WS: 330.35487364872455
  Dense   best config: {'BLOCK_SIZE_M': 128, 'BLOCK_SIZE_N': 256, 'BLOCK_SIZE_K': 64, 'num_buffers': 3, 'SUBTILE_FACTOR': 4}, num_warps=8
  Sparse  best config: {'BLOCK_SIZE_M': 128, 'BLOCK_SIZE_N': 256, 'BLOCK_SIZE_K': 64, 'num_buffers': 4, 'SUBTILE_FACTOR': 8}, num_warps=8
  Runtime best config: {'BLOCK_SIZE_M': 64, 'BLOCK_SIZE_N': 256, 'BLOCK_SIZE_K': 64, 'num_buffers': 3, 'SUBTILE_FACTOR': 1, 'num_warps_compress': 4, 'a_comp_layout': NVMMASharedLayout(swizzle_byte_width=64, element_bitwidth=16, rank=2, transposed=False, fp4_padded=False, cga_layout=[]), 'e_layout': NVMMASharedLayout(swizzle_byte_width=0, element_bitwidth=16, rank=2, transposed=False, fp4_padded=False, cga_layout=[]), 'a_comp_shape_0': 64, 'a_comp_shape_1': 32, 'e_shape_0': 4, 'e_shape_1': 64}, num_warps=8
start 8192-4096-16384 (41/167)
finish dense ws
finish sparse ws
finish compression ws
finish 8192-4096-16384 -> Dense: 489.8218637983768, Precomp WS: 656.8776730772819, 7.6 WS: 327.02381737602207
  Dense   best config: {'BLOCK_SIZE_M': 128, 'BLOCK_SIZE_N': 128, 'BLOCK_SIZE_K': 64, 'num_buffers': 5, 'SUBTILE_FACTOR': 8}, num_warps=4
  Sparse  best config: {'BLOCK_SIZE_M': 256, 'BLOCK_SIZE_N': 128, 'BLOCK_SIZE_K': 128, 'num_buffers': 3, 'SUBTILE_FACTOR': 8}, num_warps=16
  Runtime best config: {'BLOCK_SIZE_M': 64, 'BLOCK_SIZE_N': 256, 'BLOCK_SIZE_K': 64, 'num_buffers': 3, 'SUBTILE_FACTOR': 1, 'num_warps_compress': 4, 'a_comp_layout': NVMMASharedLayout(swizzle_byte_width=64, element_bitwidth=16, rank=2, transposed=False, fp4_padded=False, cga_layout=[]), 'e_layout': NVMMASharedLayout(swizzle_byte_width=0, element_bitwidth=16, rank=2, transposed=False, fp4_padded=False, cga_layout=[]), 'a_comp_shape_0': 64, 'a_comp_shape_1': 32, 'e_shape_0': 4, 'e_shape_1': 64}, num_warps=8
start 16384-4096-8192 (42/167)
finish dense ws
finish sparse ws
finish compression ws
finish 16384-4096-8192 -> Dense: 504.12078345441705, Precomp WS: 135.7333379755808, 7.6 WS: 324.2339045477458
  Dense   best config: {'BLOCK_SIZE_M': 128, 'BLOCK_SIZE_N': 256, 'BLOCK_SIZE_K': 64, 'num_buffers': 3, 'SUBTILE_FACTOR': 4}, num_warps=8
  Sparse  best config: {'BLOCK_SIZE_M': 128, 'BLOCK_SIZE_N': 256, 'BLOCK_SIZE_K': 64, 'num_buffers': 4, 'SUBTILE_FACTOR': 8}, num_warps=8
  Runtime best config: {'BLOCK_SIZE_M': 64, 'BLOCK_SIZE_N': 256, 'BLOCK_SIZE_K': 64, 'num_buffers': 3, 'SUBTILE_FACTOR': 1, 'num_warps_compress': 4, 'a_comp_layout': NVMMASharedLayout(swizzle_byte_width=64, element_bitwidth=16, rank=2, transposed=False, fp4_padded=False, cga_layout=[]), 'e_layout': NVMMASharedLayout(swizzle_byte_width=0, element_bitwidth=16, rank=2, transposed=False, fp4_padded=False, cga_layout=[]), 'a_comp_shape_0': 64, 'a_comp_shape_1': 32, 'e_shape_0': 4, 'e_shape_1': 64}, num_warps=8
start 32768-4096-4096 (43/167)
finish dense ws
finish sparse ws
finish compression ws
finish 32768-4096-4096 -> Dense: 483.0687022656671, Precomp WS: 649.3408477846442, 7.6 WS: 322.3651474184792
  Dense   best config: {'BLOCK_SIZE_M': 128, 'BLOCK_SIZE_N': 128, 'BLOCK_SIZE_K': 64, 'num_buffers': 5, 'SUBTILE_FACTOR': 4}, num_warps=4
  Sparse  best config: {'BLOCK_SIZE_M': 256, 'BLOCK_SIZE_N': 128, 'BLOCK_SIZE_K': 128, 'num_buffers': 3, 'SUBTILE_FACTOR': 8}, num_warps=16
  Runtime best config: {'BLOCK_SIZE_M': 64, 'BLOCK_SIZE_N': 256, 'BLOCK_SIZE_K': 64, 'num_buffers': 3, 'SUBTILE_FACTOR': 1, 'num_warps_compress': 4, 'a_comp_layout': NVMMASharedLayout(swizzle_byte_width=64, element_bitwidth=16, rank=2, transposed=False, fp4_padded=False, cga_layout=[]), 'e_layout': NVMMASharedLayout(swizzle_byte_width=0, element_bitwidth=16, rank=2, transposed=False, fp4_padded=False, cga_layout=[]), 'a_comp_shape_0': 64, 'a_comp_shape_1': 32, 'e_shape_0': 4, 'e_shape_1': 64}, num_warps=8
start 2048-4096-49152 (44/167)
finish dense ws
finish sparse ws
finish compression ws
finish 2048-4096-49152 -> Dense: 468.9316231423024, Precomp WS: 598.8057191082512, 7.6 WS: 308.5982296248258
  Dense   best config: {'BLOCK_SIZE_M': 128, 'BLOCK_SIZE_N': 256, 'BLOCK_SIZE_K': 64, 'num_buffers': 3, 'SUBTILE_FACTOR': 2}, num_warps=8
  Sparse  best config: {'BLOCK_SIZE_M': 256, 'BLOCK_SIZE_N': 128, 'BLOCK_SIZE_K': 128, 'num_buffers': 3, 'SUBTILE_FACTOR': 8}, num_warps=16
  Runtime best config: {'BLOCK_SIZE_M': 64, 'BLOCK_SIZE_N': 256, 'BLOCK_SIZE_K': 64, 'num_buffers': 3, 'SUBTILE_FACTOR': 1, 'num_warps_compress': 4, 'a_comp_layout': NVMMASharedLayout(swizzle_byte_width=64, element_bitwidth=16, rank=2, transposed=False, fp4_padded=False, cga_layout=[]), 'e_layout': NVMMASharedLayout(swizzle_byte_width=0, element_bitwidth=16, rank=2, transposed=False, fp4_padded=False, cga_layout=[]), 'a_comp_shape_0': 64, 'a_comp_shape_1': 32, 'e_shape_0': 4, 'e_shape_1': 64}, num_warps=8
start 3072-4096-32768 (45/167)
finish dense ws
finish sparse ws
finish compression ws
finish 3072-4096-32768 -> Dense: 468.57047425981744, Precomp WS: 599.4239673236309, 7.6 WS: 309.1001563510572
  Dense   best config: {'BLOCK_SIZE_M': 128, 'BLOCK_SIZE_N': 256, 'BLOCK_SIZE_K': 64, 'num_buffers': 4, 'SUBTILE_FACTOR': 8}, num_warps=8
  Sparse  best config: {'BLOCK_SIZE_M': 128, 'BLOCK_SIZE_N': 256, 'BLOCK_SIZE_K': 64, 'num_buffers': 5, 'SUBTILE_FACTOR': 8}, num_warps=8
  Runtime best config: {'BLOCK_SIZE_M': 64, 'BLOCK_SIZE_N': 256, 'BLOCK_SIZE_K': 64, 'num_buffers': 3, 'SUBTILE_FACTOR': 1, 'num_warps_compress': 4, 'a_comp_layout': NVMMASharedLayout(swizzle_byte_width=64, element_bitwidth=16, rank=2, transposed=False, fp4_padded=False, cga_layout=[]), 'e_layout': NVMMASharedLayout(swizzle_byte_width=0, element_bitwidth=16, rank=2, transposed=False, fp4_padded=False, cga_layout=[]), 'a_comp_shape_0': 64, 'a_comp_shape_1': 32, 'e_shape_0': 4, 'e_shape_1': 64}, num_warps=8
start 4096-4096-24576 (46/167)
finish dense ws
finish sparse ws
finish compression ws
finish 4096-4096-24576 -> Dense: 469.0150704117186, Precomp WS: 594.7780314075779, 7.6 WS: 308.60909316881384
  Dense   best config: {'BLOCK_SIZE_M': 128, 'BLOCK_SIZE_N': 256, 'BLOCK_SIZE_K': 64, 'num_buffers': 4, 'SUBTILE_FACTOR': 8}, num_warps=8
  Sparse  best config: {'BLOCK_SIZE_M': 128, 'BLOCK_SIZE_N': 256, 'BLOCK_SIZE_K': 64, 'num_buffers': 5, 'SUBTILE_FACTOR': 8}, num_warps=8
  Runtime best config: {'BLOCK_SIZE_M': 64, 'BLOCK_SIZE_N': 256, 'BLOCK_SIZE_K': 64, 'num_buffers': 3, 'SUBTILE_FACTOR': 1, 'num_warps_compress': 4, 'a_comp_layout': NVMMASharedLayout(swizzle_byte_width=64, element_bitwidth=16, rank=2, transposed=False, fp4_padded=False, cga_layout=[]), 'e_layout': NVMMASharedLayout(swizzle_byte_width=0, element_bitwidth=16, rank=2, transposed=False, fp4_padded=False, cga_layout=[]), 'a_comp_shape_0': 64, 'a_comp_shape_1': 32, 'e_shape_0': 4, 'e_shape_1': 64}, num_warps=8
start 6144-4096-16384 (47/167)
finish dense ws
finish sparse ws
finish compression ws
finish 6144-4096-16384 -> Dense: 468.0262092251988, Precomp WS: 592.0230127698399, 7.6 WS: 309.85260506997486
  Dense   best config: {'BLOCK_SIZE_M': 128, 'BLOCK_SIZE_N': 256, 'BLOCK_SIZE_K': 64, 'num_buffers': 3, 'SUBTILE_FACTOR': 4}, num_warps=8
  Sparse  best config: {'BLOCK_SIZE_M': 128, 'BLOCK_SIZE_N': 256, 'BLOCK_SIZE_K': 64, 'num_buffers': 5, 'SUBTILE_FACTOR': 8}, num_warps=8
  Runtime best config: {'BLOCK_SIZE_M': 64, 'BLOCK_SIZE_N': 256, 'BLOCK_SIZE_K': 64, 'num_buffers': 3, 'SUBTILE_FACTOR': 1, 'num_warps_compress': 4, 'a_comp_layout': NVMMASharedLayout(swizzle_byte_width=64, element_bitwidth=16, rank=2, transposed=False, fp4_padded=False, cga_layout=[]), 'e_layout': NVMMASharedLayout(swizzle_byte_width=0, element_bitwidth=16, rank=2, transposed=False, fp4_padded=False, cga_layout=[]), 'a_comp_shape_0': 64, 'a_comp_shape_1': 32, 'e_shape_0': 4, 'e_shape_1': 64}, num_warps=8
start 8192-4096-12288 (48/167)
finish dense ws
finish sparse ws
finish compression ws
finish 8192-4096-12288 -> Dense: 461.3000752930867, Precomp WS: 594.3433911705783, 7.6 WS: 306.3294074910699
  Dense   best config: {'BLOCK_SIZE_M': 128, 'BLOCK_SIZE_N': 256, 'BLOCK_SIZE_K': 64, 'num_buffers': 3, 'SUBTILE_FACTOR': 4}, num_warps=8
  Sparse  best config: {'BLOCK_SIZE_M': 128, 'BLOCK_SIZE_N': 256, 'BLOCK_SIZE_K': 64, 'num_buffers': 4, 'SUBTILE_FACTOR': 4}, num_warps=8
  Runtime best config: {'BLOCK_SIZE_M': 64, 'BLOCK_SIZE_N': 256, 'BLOCK_SIZE_K': 64, 'num_buffers': 3, 'SUBTILE_FACTOR': 1, 'num_warps_compress': 4, 'a_comp_layout': NVMMASharedLayout(swizzle_byte_width=64, element_bitwidth=16, rank=2, transposed=False, fp4_padded=False, cga_layout=[]), 'e_layout': NVMMASharedLayout(swizzle_byte_width=0, element_bitwidth=16, rank=2, transposed=False, fp4_padded=False, cga_layout=[]), 'a_comp_shape_0': 64, 'a_comp_shape_1': 32, 'e_shape_0': 4, 'e_shape_1': 64}, num_warps=8
start 12288-4096-8192 (49/167)
finish dense ws
finish sparse ws
finish compression ws
finish 12288-4096-8192 -> Dense: 456.1771054839363, Precomp WS: 575.8040111353308, 7.6 WS: 306.43160820151144
  Dense   best config: {'BLOCK_SIZE_M': 128, 'BLOCK_SIZE_N': 256, 'BLOCK_SIZE_K': 64, 'num_buffers': 3, 'SUBTILE_FACTOR': 4}, num_warps=8
  Sparse  best config: {'BLOCK_SIZE_M': 256, 'BLOCK_SIZE_N': 128, 'BLOCK_SIZE_K': 64, 'num_buffers': 4, 'SUBTILE_FACTOR': 4}, num_warps=8
  Runtime best config: {'BLOCK_SIZE_M': 64, 'BLOCK_SIZE_N': 256, 'BLOCK_SIZE_K': 64, 'num_buffers': 3, 'SUBTILE_FACTOR': 1, 'num_warps_compress': 4, 'a_comp_layout': NVMMASharedLayout(swizzle_byte_width=64, element_bitwidth=16, rank=2, transposed=False, fp4_padded=False, cga_layout=[]), 'e_layout': NVMMASharedLayout(swizzle_byte_width=0, element_bitwidth=16, rank=2, transposed=False, fp4_padded=False, cga_layout=[]), 'a_comp_shape_0': 64, 'a_comp_shape_1': 32, 'e_shape_0': 4, 'e_shape_1': 64}, num_warps=8
start 16384-4096-6144 (50/167)
finish dense ws
finish sparse ws
finish compression ws
finish 16384-4096-6144 -> Dense: 458.1257733599245, Precomp WS: 582.1023314410627, 7.6 WS: 302.2948637763454
  Dense   best config: {'BLOCK_SIZE_M': 128, 'BLOCK_SIZE_N': 256, 'BLOCK_SIZE_K': 64, 'num_buffers': 3, 'SUBTILE_FACTOR': 4}, num_warps=8
  Sparse  best config: {'BLOCK_SIZE_M': 128, 'BLOCK_SIZE_N': 256, 'BLOCK_SIZE_K': 64, 'num_buffers': 5, 'SUBTILE_FACTOR': 8}, num_warps=8
  Runtime best config: {'BLOCK_SIZE_M': 64, 'BLOCK_SIZE_N': 256, 'BLOCK_SIZE_K': 64, 'num_buffers': 3, 'SUBTILE_FACTOR': 1, 'num_warps_compress': 4, 'a_comp_layout': NVMMASharedLayout(swizzle_byte_width=64, element_bitwidth=16, rank=2, transposed=False, fp4_padded=False, cga_layout=[]), 'e_layout': NVMMASharedLayout(swizzle_byte_width=0, element_bitwidth=16, rank=2, transposed=False, fp4_padded=False, cga_layout=[]), 'a_comp_shape_0': 64, 'a_comp_shape_1': 32, 'e_shape_0': 4, 'e_shape_1': 64}, num_warps=8
start 24576-4096-4096 (51/167)
finish dense ws
finish sparse ws
finish compression ws
finish 24576-4096-4096 -> Dense: 445.71142022358606, Precomp WS: 574.8771479930014, 7.6 WS: 58.19380306395402
  Dense   best config: {'BLOCK_SIZE_M': 128, 'BLOCK_SIZE_N': 128, 'BLOCK_SIZE_K': 64, 'num_buffers': 5, 'SUBTILE_FACTOR': 2}, num_warps=4
  Sparse  best config: {'BLOCK_SIZE_M': 128, 'BLOCK_SIZE_N': 256, 'BLOCK_SIZE_K': 64, 'num_buffers': 4, 'SUBTILE_FACTOR': 8}, num_warps=8
  Runtime best config: {'BLOCK_SIZE_M': 64, 'BLOCK_SIZE_N': 256, 'BLOCK_SIZE_K': 64, 'num_buffers': 3, 'SUBTILE_FACTOR': 1, 'num_warps_compress': 4, 'a_comp_layout': NVMMASharedLayout(swizzle_byte_width=64, element_bitwidth=16, rank=2, transposed=False, fp4_padded=False, cga_layout=[]), 'e_layout': NVMMASharedLayout(swizzle_byte_width=0, element_bitwidth=16, rank=2, transposed=False, fp4_padded=False, cga_layout=[]), 'a_comp_shape_0': 64, 'a_comp_shape_1': 32, 'e_shape_0': 4, 'e_shape_1': 64}, num_warps=8
start 32768-4096-3072 (52/167)
finish dense ws
finish sparse ws
finish compression ws
finish 32768-4096-3072 -> Dense: 452.1494171448482, Precomp WS: 559.9885914436294, 7.6 WS: 307.31086213620614
  Dense   best config: {'BLOCK_SIZE_M': 128, 'BLOCK_SIZE_N': 256, 'BLOCK_SIZE_K': 64, 'num_buffers': 3, 'SUBTILE_FACTOR': 4}, num_warps=8
  Sparse  best config: {'BLOCK_SIZE_M': 128, 'BLOCK_SIZE_N': 256, 'BLOCK_SIZE_K': 64, 'num_buffers': 4, 'SUBTILE_FACTOR': 8}, num_warps=8
  Runtime best config: {'BLOCK_SIZE_M': 64, 'BLOCK_SIZE_N': 256, 'BLOCK_SIZE_K': 64, 'num_buffers': 3, 'SUBTILE_FACTOR': 1, 'num_warps_compress': 4, 'a_comp_layout': NVMMASharedLayout(swizzle_byte_width=64, element_bitwidth=16, rank=2, transposed=False, fp4_padded=False, cga_layout=[]), 'e_layout': NVMMASharedLayout(swizzle_byte_width=0, element_bitwidth=16, rank=2, transposed=False, fp4_padded=False, cga_layout=[]), 'a_comp_shape_0': 64, 'a_comp_shape_1': 32, 'e_shape_0': 4, 'e_shape_1': 64}, num_warps=8
start 49152-4096-2048 (53/167)
finish dense ws
finish sparse ws
finish compression ws
finish 49152-4096-2048 -> Dense: 454.6963798559411, Precomp WS: 587.1176939869603, 7.6 WS: 313.1416867413612
  Dense   best config: {'BLOCK_SIZE_M': 128, 'BLOCK_SIZE_N': 256, 'BLOCK_SIZE_K': 64, 'num_buffers': 3, 'SUBTILE_FACTOR': 2}, num_warps=8
  Sparse  best config: {'BLOCK_SIZE_M': 128, 'BLOCK_SIZE_N': 256, 'BLOCK_SIZE_K': 64, 'num_buffers': 4, 'SUBTILE_FACTOR': 4}, num_warps=8
  Runtime best config: {'BLOCK_SIZE_M': 64, 'BLOCK_SIZE_N': 256, 'BLOCK_SIZE_K': 64, 'num_buffers': 3, 'SUBTILE_FACTOR': 1, 'num_warps_compress': 4, 'a_comp_layout': NVMMASharedLayout(swizzle_byte_width=64, element_bitwidth=16, rank=2, transposed=False, fp4_padded=False, cga_layout=[]), 'e_layout': NVMMASharedLayout(swizzle_byte_width=0, element_bitwidth=16, rank=2, transposed=False, fp4_padded=False, cga_layout=[]), 'a_comp_shape_0': 64, 'a_comp_shape_1': 32, 'e_shape_0': 4, 'e_shape_1': 64}, num_warps=8
start 1536-4096-49152 (54/167)
finish dense ws
finish sparse ws
finish compression ws
finish 1536-4096-49152 -> Dense: 404.09432823525344, Precomp WS: 492.571093195562, 7.6 WS: 284.1534871520585
  Dense   best config: {'BLOCK_SIZE_M': 128, 'BLOCK_SIZE_N': 128, 'BLOCK_SIZE_K': 64, 'num_buffers': 6, 'SUBTILE_FACTOR': 8}, num_warps=4
  Sparse  best config: {'BLOCK_SIZE_M': 128, 'BLOCK_SIZE_N': 128, 'BLOCK_SIZE_K': 128, 'num_buffers': 4, 'SUBTILE_FACTOR': 8}, num_warps=8
  Runtime best config: {'BLOCK_SIZE_M': 64, 'BLOCK_SIZE_N': 256, 'BLOCK_SIZE_K': 64, 'num_buffers': 3, 'SUBTILE_FACTOR': 1, 'num_warps_compress': 4, 'a_comp_layout': NVMMASharedLayout(swizzle_byte_width=64, element_bitwidth=16, rank=2, transposed=False, fp4_padded=False, cga_layout=[]), 'e_layout': NVMMASharedLayout(swizzle_byte_width=0, element_bitwidth=16, rank=2, transposed=False, fp4_padded=False, cga_layout=[]), 'a_comp_shape_0': 64, 'a_comp_shape_1': 32, 'e_shape_0': 4, 'e_shape_1': 64}, num_warps=8
start 3072-4096-24576 (55/167)
finish dense ws
finish sparse ws
finish compression ws
finish 3072-4096-24576 -> Dense: 414.5560265124978, Precomp WS: 513.3370787371239, 7.6 WS: 283.4956840019556
  Dense   best config: {'BLOCK_SIZE_M': 128, 'BLOCK_SIZE_N': 256, 'BLOCK_SIZE_K': 64, 'num_buffers': 3, 'SUBTILE_FACTOR': 4}, num_warps=8
  Sparse  best config: {'BLOCK_SIZE_M': 256, 'BLOCK_SIZE_N': 128, 'BLOCK_SIZE_K': 128, 'num_buffers': 3, 'SUBTILE_FACTOR': 8}, num_warps=16
  Runtime best config: {'BLOCK_SIZE_M': 64, 'BLOCK_SIZE_N': 256, 'BLOCK_SIZE_K': 64, 'num_buffers': 3, 'SUBTILE_FACTOR': 1, 'num_warps_compress': 4, 'a_comp_layout': NVMMASharedLayout(swizzle_byte_width=64, element_bitwidth=16, rank=2, transposed=False, fp4_padded=False, cga_layout=[]), 'e_layout': NVMMASharedLayout(swizzle_byte_width=0, element_bitwidth=16, rank=2, transposed=False, fp4_padded=False, cga_layout=[]), 'a_comp_shape_0': 64, 'a_comp_shape_1': 32, 'e_shape_0': 4, 'e_shape_1': 64}, num_warps=8
start 6144-4096-12288 (56/167)
finish dense ws
finish sparse ws
finish compression ws
finish 6144-4096-12288 -> Dense: 408.03380318080406, Precomp WS: 505.296978522682, 7.6 WS: 282.67854726744986
  Dense   best config: {'BLOCK_SIZE_M': 128, 'BLOCK_SIZE_N': 256, 'BLOCK_SIZE_K': 64, 'num_buffers': 3, 'SUBTILE_FACTOR': 4}, num_warps=8
  Sparse  best config: {'BLOCK_SIZE_M': 256, 'BLOCK_SIZE_N': 128, 'BLOCK_SIZE_K': 128, 'num_buffers': 3, 'SUBTILE_FACTOR': 8}, num_warps=16
  Runtime best config: {'BLOCK_SIZE_M': 64, 'BLOCK_SIZE_N': 256, 'BLOCK_SIZE_K': 64, 'num_buffers': 3, 'SUBTILE_FACTOR': 1, 'num_warps_compress': 4, 'a_comp_layout': NVMMASharedLayout(swizzle_byte_width=64, element_bitwidth=16, rank=2, transposed=False, fp4_padded=False, cga_layout=[]), 'e_layout': NVMMASharedLayout(swizzle_byte_width=0, element_bitwidth=16, rank=2, transposed=False, fp4_padded=False, cga_layout=[]), 'a_comp_shape_0': 64, 'a_comp_shape_1': 32, 'e_shape_0': 4, 'e_shape_1': 64}, num_warps=8
start 12288-4096-6144 (57/167)
finish dense ws
finish sparse ws
finish compression ws
finish 12288-4096-6144 -> Dense: 412.098801774767, Precomp WS: 503.6582896266618, 7.6 WS: 280.43266762148477
  Dense   best config: {'BLOCK_SIZE_M': 128, 'BLOCK_SIZE_N': 256, 'BLOCK_SIZE_K': 64, 'num_buffers': 3, 'SUBTILE_FACTOR': 4}, num_warps=8
  Sparse  best config: {'BLOCK_SIZE_M': 128, 'BLOCK_SIZE_N': 256, 'BLOCK_SIZE_K': 64, 'num_buffers': 4, 'SUBTILE_FACTOR': 4}, num_warps=8
  Runtime best config: {'BLOCK_SIZE_M': 64, 'BLOCK_SIZE_N': 256, 'BLOCK_SIZE_K': 64, 'num_buffers': 3, 'SUBTILE_FACTOR': 1, 'num_warps_compress': 4, 'a_comp_layout': NVMMASharedLayout(swizzle_byte_width=64, element_bitwidth=16, rank=2, transposed=False, fp4_padded=False, cga_layout=[]), 'e_layout': NVMMASharedLayout(swizzle_byte_width=0, element_bitwidth=16, rank=2, transposed=False, fp4_padded=False, cga_layout=[]), 'a_comp_shape_0': 64, 'a_comp_shape_1': 32, 'e_shape_0': 4, 'e_shape_1': 64}, num_warps=8
start 24576-4096-3072 (58/167)
finish dense ws
finish sparse ws
finish compression ws
finish 24576-4096-3072 -> Dense: 406.3253141269478, Precomp WS: 502.59065386744425, 7.6 WS: 284.0850909411012
  Dense   best config: {'BLOCK_SIZE_M': 128, 'BLOCK_SIZE_N': 256, 'BLOCK_SIZE_K': 64, 'num_buffers': 4, 'SUBTILE_FACTOR': 4}, num_warps=8
  Sparse  best config: {'BLOCK_SIZE_M': 128, 'BLOCK_SIZE_N': 256, 'BLOCK_SIZE_K': 64, 'num_buffers': 5, 'SUBTILE_FACTOR': 8}, num_warps=8
  Runtime best config: {'BLOCK_SIZE_M': 64, 'BLOCK_SIZE_N': 256, 'BLOCK_SIZE_K': 64, 'num_buffers': 3, 'SUBTILE_FACTOR': 1, 'num_warps_compress': 4, 'a_comp_layout': NVMMASharedLayout(swizzle_byte_width=64, element_bitwidth=16, rank=2, transposed=False, fp4_padded=False, cga_layout=[]), 'e_layout': NVMMASharedLayout(swizzle_byte_width=0, element_bitwidth=16, rank=2, transposed=False, fp4_padded=False, cga_layout=[]), 'a_comp_shape_0': 64, 'a_comp_shape_1': 32, 'e_shape_0': 4, 'e_shape_1': 64}, num_warps=8
start 49152-4096-1536 (59/167)
finish dense ws
finish sparse ws
finish compression ws
finish 49152-4096-1536 -> Dense: 407.13311592464436, Precomp WS: 502.5862066206243, 7.6 WS: 287.0206914771877
  Dense   best config: {'BLOCK_SIZE_M': 128, 'BLOCK_SIZE_N': 256, 'BLOCK_SIZE_K': 64, 'num_buffers': 3, 'SUBTILE_FACTOR': 2}, num_warps=8
  Sparse  best config: {'BLOCK_SIZE_M': 128, 'BLOCK_SIZE_N': 256, 'BLOCK_SIZE_K': 64, 'num_buffers': 4, 'SUBTILE_FACTOR': 4}, num_warps=8
  Runtime best config: {'BLOCK_SIZE_M': 64, 'BLOCK_SIZE_N': 256, 'BLOCK_SIZE_K': 64, 'num_buffers': 3, 'SUBTILE_FACTOR': 1, 'num_warps_compress': 4, 'a_comp_layout': NVMMASharedLayout(swizzle_byte_width=64, element_bitwidth=16, rank=2, transposed=False, fp4_padded=False, cga_layout=[]), 'e_layout': NVMMASharedLayout(swizzle_byte_width=0, element_bitwidth=16, rank=2, transposed=False, fp4_padded=False, cga_layout=[]), 'a_comp_shape_0': 64, 'a_comp_shape_1': 32, 'e_shape_0': 4, 'e_shape_1': 64}, num_warps=8
start 2048-4096-32768 (60/167)
finish dense ws
finish sparse ws
finish compression ws
finish 2048-4096-32768 -> Dense: 399.03191252071565, Precomp WS: 486.2223452961125, 7.6 WS: 274.83331997765237
  Dense   best config: {'BLOCK_SIZE_M': 128, 'BLOCK_SIZE_N': 256, 'BLOCK_SIZE_K': 64, 'num_buffers': 4, 'SUBTILE_FACTOR': 8}, num_warps=8
  Sparse  best config: {'BLOCK_SIZE_M': 128, 'BLOCK_SIZE_N': 256, 'BLOCK_SIZE_K': 64, 'num_buffers': 5, 'SUBTILE_FACTOR': 8}, num_warps=8
  Runtime best config: {'BLOCK_SIZE_M': 64, 'BLOCK_SIZE_N': 256, 'BLOCK_SIZE_K': 64, 'num_buffers': 3, 'SUBTILE_FACTOR': 1, 'num_warps_compress': 4, 'a_comp_layout': NVMMASharedLayout(swizzle_byte_width=64, element_bitwidth=16, rank=2, transposed=False, fp4_padded=False, cga_layout=[]), 'e_layout': NVMMASharedLayout(swizzle_byte_width=0, element_bitwidth=16, rank=2, transposed=False, fp4_padded=False, cga_layout=[]), 'a_comp_shape_0': 64, 'a_comp_shape_1': 32, 'e_shape_0': 4, 'e_shape_1': 64}, num_warps=8
start 4096-4096-16384 (61/167)
finish dense ws
finish sparse ws
finish compression ws
finish 4096-4096-16384 -> Dense: 394.46485484692914, Precomp WS: 472.8956712675749, 7.6 WS: 43.440887301897114
  Dense   best config: {'BLOCK_SIZE_M': 128, 'BLOCK_SIZE_N': 256, 'BLOCK_SIZE_K': 64, 'num_buffers': 4, 'SUBTILE_FACTOR': 8}, num_warps=8
  Sparse  best config: {'BLOCK_SIZE_M': 128, 'BLOCK_SIZE_N': 256, 'BLOCK_SIZE_K': 64, 'num_buffers': 5, 'SUBTILE_FACTOR': 8}, num_warps=8
  Runtime best config: {'BLOCK_SIZE_M': 64, 'BLOCK_SIZE_N': 256, 'BLOCK_SIZE_K': 64, 'num_buffers': 3, 'SUBTILE_FACTOR': 1, 'num_warps_compress': 4, 'a_comp_layout': NVMMASharedLayout(swizzle_byte_width=64, element_bitwidth=16, rank=2, transposed=False, fp4_padded=False, cga_layout=[]), 'e_layout': NVMMASharedLayout(swizzle_byte_width=0, element_bitwidth=16, rank=2, transposed=False, fp4_padded=False, cga_layout=[]), 'a_comp_shape_0': 64, 'a_comp_shape_1': 32, 'e_shape_0': 4, 'e_shape_1': 64}, num_warps=8
start 8192-4096-8192 (62/167)
finish dense ws
finish sparse ws
finish compression ws
finish 8192-4096-8192 -> Dense: 389.308284124233, Precomp WS: 477.6577503670903, 7.6 WS: 271.641955275659
  Dense   best config: {'BLOCK_SIZE_M': 256, 'BLOCK_SIZE_N': 128, 'BLOCK_SIZE_K': 64, 'num_buffers': 4, 'SUBTILE_FACTOR': 4}, num_warps=8
  Sparse  best config: {'BLOCK_SIZE_M': 128, 'BLOCK_SIZE_N': 256, 'BLOCK_SIZE_K': 64, 'num_buffers': 4, 'SUBTILE_FACTOR': 4}, num_warps=8
  Runtime best config: {'BLOCK_SIZE_M': 64, 'BLOCK_SIZE_N': 256, 'BLOCK_SIZE_K': 64, 'num_buffers': 3, 'SUBTILE_FACTOR': 1, 'num_warps_compress': 4, 'a_comp_layout': NVMMASharedLayout(swizzle_byte_width=64, element_bitwidth=16, rank=2, transposed=False, fp4_padded=False, cga_layout=[]), 'e_layout': NVMMASharedLayout(swizzle_byte_width=0, element_bitwidth=16, rank=2, transposed=False, fp4_padded=False, cga_layout=[]), 'a_comp_shape_0': 64, 'a_comp_shape_1': 32, 'e_shape_0': 4, 'e_shape_1': 64}, num_warps=8
start 16384-4096-4096 (63/167)
finish dense ws
finish sparse ws
finish compression ws
finish 16384-4096-4096 -> Dense: 389.1082955145352, Precomp WS: 469.841529398959, 7.6 WS: 266.38562922715687
  Dense   best config: {'BLOCK_SIZE_M': 128, 'BLOCK_SIZE_N': 256, 'BLOCK_SIZE_K': 64, 'num_buffers': 3, 'SUBTILE_FACTOR': 4}, num_warps=8
  Sparse  best config: {'BLOCK_SIZE_M': 128, 'BLOCK_SIZE_N': 256, 'BLOCK_SIZE_K': 64, 'num_buffers': 5, 'SUBTILE_FACTOR': 8}, num_warps=8
  Runtime best config: {'BLOCK_SIZE_M': 64, 'BLOCK_SIZE_N': 256, 'BLOCK_SIZE_K': 64, 'num_buffers': 3, 'SUBTILE_FACTOR': 1, 'num_warps_compress': 4, 'a_comp_layout': NVMMASharedLayout(swizzle_byte_width=64, element_bitwidth=16, rank=2, transposed=False, fp4_padded=False, cga_layout=[]), 'e_layout': NVMMASharedLayout(swizzle_byte_width=0, element_bitwidth=16, rank=2, transposed=False, fp4_padded=False, cga_layout=[]), 'a_comp_shape_0': 64, 'a_comp_shape_1': 32, 'e_shape_0': 4, 'e_shape_1': 64}, num_warps=8
start 32768-4096-2048 (64/167)
finish dense ws
finish sparse ws
finish compression ws
finish 32768-4096-2048 -> Dense: 373.48853179917944, Precomp WS: 467.96183699178056, 7.6 WS: 277.9960157132786
  Dense   best config: {'BLOCK_SIZE_M': 128, 'BLOCK_SIZE_N': 128, 'BLOCK_SIZE_K': 64, 'num_buffers': 5, 'SUBTILE_FACTOR': 4}, num_warps=4
  Sparse  best config: {'BLOCK_SIZE_M': 128, 'BLOCK_SIZE_N': 256, 'BLOCK_SIZE_K': 64, 'num_buffers': 5, 'SUBTILE_FACTOR': 8}, num_warps=8
  Runtime best config: {'BLOCK_SIZE_M': 64, 'BLOCK_SIZE_N': 256, 'BLOCK_SIZE_K': 64, 'num_buffers': 3, 'SUBTILE_FACTOR': 1, 'num_warps_compress': 4, 'a_comp_layout': NVMMASharedLayout(swizzle_byte_width=64, element_bitwidth=16, rank=2, transposed=False, fp4_padded=False, cga_layout=[]), 'e_layout': NVMMASharedLayout(swizzle_byte_width=0, element_bitwidth=16, rank=2, transposed=False, fp4_padded=False, cga_layout=[]), 'a_comp_shape_0': 64, 'a_comp_shape_1': 32, 'e_shape_0': 4, 'e_shape_1': 64}, num_warps=8
start 1024-4096-49152 (65/167)
finish dense ws
finish sparse ws
finish compression ws
finish 1024-4096-49152 -> Dense: 346.72277542499927, Precomp WS: 397.24397245164704, 7.6 WS: 246.54694427764903
  Dense   best config: {'BLOCK_SIZE_M': 128, 'BLOCK_SIZE_N': 256, 'BLOCK_SIZE_K': 64, 'num_buffers': 4, 'SUBTILE_FACTOR': 8}, num_warps=8
  Sparse  best config: {'BLOCK_SIZE_M': 128, 'BLOCK_SIZE_N': 256, 'BLOCK_SIZE_K': 64, 'num_buffers': 5, 'SUBTILE_FACTOR': 8}, num_warps=8
  Runtime best config: {'BLOCK_SIZE_M': 64, 'BLOCK_SIZE_N': 256, 'BLOCK_SIZE_K': 64, 'num_buffers': 3, 'SUBTILE_FACTOR': 1, 'num_warps_compress': 4, 'a_comp_layout': NVMMASharedLayout(swizzle_byte_width=64, element_bitwidth=16, rank=2, transposed=False, fp4_padded=False, cga_layout=[]), 'e_layout': NVMMASharedLayout(swizzle_byte_width=0, element_bitwidth=16, rank=2, transposed=False, fp4_padded=False, cga_layout=[]), 'a_comp_shape_0': 64, 'a_comp_shape_1': 32, 'e_shape_0': 4, 'e_shape_1': 64}, num_warps=8
start 1536-4096-32768 (66/167)
finish dense ws
finish sparse ws
finish compression ws
finish 1536-4096-32768 -> Dense: 335.73458839654006, Precomp WS: 390.1517173326365, 7.6 WS: 246.9561371926889
  Dense   best config: {'BLOCK_SIZE_M': 128, 'BLOCK_SIZE_N': 128, 'BLOCK_SIZE_K': 64, 'num_buffers': 5, 'SUBTILE_FACTOR': 4}, num_warps=4
  Sparse  best config: {'BLOCK_SIZE_M': 128, 'BLOCK_SIZE_N': 128, 'BLOCK_SIZE_K': 128, 'num_buffers': 4, 'SUBTILE_FACTOR': 8}, num_warps=8
  Runtime best config: {'BLOCK_SIZE_M': 64, 'BLOCK_SIZE_N': 256, 'BLOCK_SIZE_K': 64, 'num_buffers': 3, 'SUBTILE_FACTOR': 1, 'num_warps_compress': 4, 'a_comp_layout': NVMMASharedLayout(swizzle_byte_width=64, element_bitwidth=16, rank=2, transposed=False, fp4_padded=False, cga_layout=[]), 'e_layout': NVMMASharedLayout(swizzle_byte_width=0, element_bitwidth=16, rank=2, transposed=False, fp4_padded=False, cga_layout=[]), 'a_comp_shape_0': 64, 'a_comp_shape_1': 32, 'e_shape_0': 4, 'e_shape_1': 64}, num_warps=8
start 2048-4096-24576 (67/167)
finish dense ws
finish sparse ws
finish compression ws
finish 2048-4096-24576 -> Dense: 344.64096198287206, Precomp WS: 403.2254528964491, 7.6 WS: 246.89911876060015
  Dense   best config: {'BLOCK_SIZE_M': 128, 'BLOCK_SIZE_N': 256, 'BLOCK_SIZE_K': 64, 'num_buffers': 3, 'SUBTILE_FACTOR': 2}, num_warps=8
  Sparse  best config: {'BLOCK_SIZE_M': 128, 'BLOCK_SIZE_N': 256, 'BLOCK_SIZE_K': 64, 'num_buffers': 5, 'SUBTILE_FACTOR': 8}, num_warps=8
  Runtime best config: {'BLOCK_SIZE_M': 64, 'BLOCK_SIZE_N': 256, 'BLOCK_SIZE_K': 64, 'num_buffers': 3, 'SUBTILE_FACTOR': 1, 'num_warps_compress': 4, 'a_comp_layout': NVMMASharedLayout(swizzle_byte_width=64, element_bitwidth=16, rank=2, transposed=False, fp4_padded=False, cga_layout=[]), 'e_layout': NVMMASharedLayout(swizzle_byte_width=0, element_bitwidth=16, rank=2, transposed=False, fp4_padded=False, cga_layout=[]), 'a_comp_shape_0': 64, 'a_comp_shape_1': 32, 'e_shape_0': 4, 'e_shape_1': 64}, num_warps=8
start 3072-4096-16384 (68/167)
finish dense ws
finish sparse ws
finish compression ws
finish 3072-4096-16384 -> Dense: 341.9004928302675, Precomp WS: 405.9158240076856, 7.6 WS: 246.4941603732293
  Dense   best config: {'BLOCK_SIZE_M': 128, 'BLOCK_SIZE_N': 256, 'BLOCK_SIZE_K': 64, 'num_buffers': 3, 'SUBTILE_FACTOR': 2}, num_warps=8
  Sparse  best config: {'BLOCK_SIZE_M': 128, 'BLOCK_SIZE_N': 256, 'BLOCK_SIZE_K': 64, 'num_buffers': 5, 'SUBTILE_FACTOR': 8}, num_warps=8
  Runtime best config: {'BLOCK_SIZE_M': 64, 'BLOCK_SIZE_N': 256, 'BLOCK_SIZE_K': 64, 'num_buffers': 3, 'SUBTILE_FACTOR': 1, 'num_warps_compress': 4, 'a_comp_layout': NVMMASharedLayout(swizzle_byte_width=64, element_bitwidth=16, rank=2, transposed=False, fp4_padded=False, cga_layout=[]), 'e_layout': NVMMASharedLayout(swizzle_byte_width=0, element_bitwidth=16, rank=2, transposed=False, fp4_padded=False, cga_layout=[]), 'a_comp_shape_0': 64, 'a_comp_shape_1': 32, 'e_shape_0': 4, 'e_shape_1': 64}, num_warps=8
start 4096-4096-12288 (69/167)
finish dense ws
finish sparse ws
finish compression ws
finish 4096-4096-12288 -> Dense: 344.43347620512236, Precomp WS: 398.5491101522836, 7.6 WS: 243.99372396823722
  Dense   best config: {'BLOCK_SIZE_M': 128, 'BLOCK_SIZE_N': 256, 'BLOCK_SIZE_K': 64, 'num_buffers': 3, 'SUBTILE_FACTOR': 4}, num_warps=8
  Sparse  best config: {'BLOCK_SIZE_M': 128, 'BLOCK_SIZE_N': 256, 'BLOCK_SIZE_K': 64, 'num_buffers': 5, 'SUBTILE_FACTOR': 8}, num_warps=8
  Runtime best config: {'BLOCK_SIZE_M': 64, 'BLOCK_SIZE_N': 256, 'BLOCK_SIZE_K': 64, 'num_buffers': 3, 'SUBTILE_FACTOR': 1, 'num_warps_compress': 4, 'a_comp_layout': NVMMASharedLayout(swizzle_byte_width=64, element_bitwidth=16, rank=2, transposed=False, fp4_padded=False, cga_layout=[]), 'e_layout': NVMMASharedLayout(swizzle_byte_width=0, element_bitwidth=16, rank=2, transposed=False, fp4_padded=False, cga_layout=[]), 'a_comp_shape_0': 64, 'a_comp_shape_1': 32, 'e_shape_0': 4, 'e_shape_1': 64}, num_warps=8
start 6144-4096-8192 (70/167)
finish dense ws
finish sparse ws
finish compression ws
finish 6144-4096-8192 -> Dense: 342.24292390229834, Precomp WS: 402.8790168556845, 7.6 WS: 243.94500387688365
  Dense   best config: {'BLOCK_SIZE_M': 128, 'BLOCK_SIZE_N': 256, 'BLOCK_SIZE_K': 64, 'num_buffers': 4, 'SUBTILE_FACTOR': 4}, num_warps=8
  Sparse  best config: {'BLOCK_SIZE_M': 128, 'BLOCK_SIZE_N': 256, 'BLOCK_SIZE_K': 64, 'num_buffers': 5, 'SUBTILE_FACTOR': 8}, num_warps=8
  Runtime best config: {'BLOCK_SIZE_M': 64, 'BLOCK_SIZE_N': 256, 'BLOCK_SIZE_K': 64, 'num_buffers': 3, 'SUBTILE_FACTOR': 1, 'num_warps_compress': 4, 'a_comp_layout': NVMMASharedLayout(swizzle_byte_width=64, element_bitwidth=16, rank=2, transposed=False, fp4_padded=False, cga_layout=[]), 'e_layout': NVMMASharedLayout(swizzle_byte_width=0, element_bitwidth=16, rank=2, transposed=False, fp4_padded=False, cga_layout=[]), 'a_comp_shape_0': 64, 'a_comp_shape_1': 32, 'e_shape_0': 4, 'e_shape_1': 64}, num_warps=8
start 8192-4096-6144 (71/167)
finish dense ws
finish sparse ws
finish compression ws
finish 8192-4096-6144 -> Dense: 337.43781703017265, Precomp WS: 394.69827091315904, 7.6 WS: 242.54237197855343
  Dense   best config: {'BLOCK_SIZE_M': 128, 'BLOCK_SIZE_N': 256, 'BLOCK_SIZE_K': 64, 'num_buffers': 3, 'SUBTILE_FACTOR': 8}, num_warps=8
  Sparse  best config: {'BLOCK_SIZE_M': 256, 'BLOCK_SIZE_N': 128, 'BLOCK_SIZE_K': 128, 'num_buffers': 3, 'SUBTILE_FACTOR': 8}, num_warps=16
  Runtime best config: {'BLOCK_SIZE_M': 64, 'BLOCK_SIZE_N': 256, 'BLOCK_SIZE_K': 64, 'num_buffers': 3, 'SUBTILE_FACTOR': 1, 'num_warps_compress': 4, 'a_comp_layout': NVMMASharedLayout(swizzle_byte_width=64, element_bitwidth=16, rank=2, transposed=False, fp4_padded=False, cga_layout=[]), 'e_layout': NVMMASharedLayout(swizzle_byte_width=0, element_bitwidth=16, rank=2, transposed=False, fp4_padded=False, cga_layout=[]), 'a_comp_shape_0': 64, 'a_comp_shape_1': 32, 'e_shape_0': 4, 'e_shape_1': 64}, num_warps=8
start 12288-4096-4096 (72/167)
finish dense ws
finish sparse ws
finish compression ws
finish 12288-4096-4096 -> Dense: 335.69737824525026, Precomp WS: 394.1582524017123, 7.6 WS: 241.25710459940797
  Dense   best config: {'BLOCK_SIZE_M': 128, 'BLOCK_SIZE_N': 256, 'BLOCK_SIZE_K': 64, 'num_buffers': 3, 'SUBTILE_FACTOR': 8}, num_warps=8
  Sparse  best config: {'BLOCK_SIZE_M': 256, 'BLOCK_SIZE_N': 128, 'BLOCK_SIZE_K': 128, 'num_buffers': 3, 'SUBTILE_FACTOR': 8}, num_warps=8
  Runtime best config: {'BLOCK_SIZE_M': 64, 'BLOCK_SIZE_N': 256, 'BLOCK_SIZE_K': 64, 'num_buffers': 3, 'SUBTILE_FACTOR': 1, 'num_warps_compress': 4, 'a_comp_layout': NVMMASharedLayout(swizzle_byte_width=64, element_bitwidth=16, rank=2, transposed=False, fp4_padded=False, cga_layout=[]), 'e_layout': NVMMASharedLayout(swizzle_byte_width=0, element_bitwidth=16, rank=2, transposed=False, fp4_padded=False, cga_layout=[]), 'a_comp_shape_0': 64, 'a_comp_shape_1': 32, 'e_shape_0': 4, 'e_shape_1': 64}, num_warps=8
start 16384-4096-3072 (73/167)
finish dense ws
finish sparse ws
finish compression ws
finish 16384-4096-3072 -> Dense: 334.5397527303618, Precomp WS: 387.6164134412188, 7.6 WS: 242.8306003513541
  Dense   best config: {'BLOCK_SIZE_M': 128, 'BLOCK_SIZE_N': 256, 'BLOCK_SIZE_K': 64, 'num_buffers': 3, 'SUBTILE_FACTOR': 2}, num_warps=8
  Sparse  best config: {'BLOCK_SIZE_M': 128, 'BLOCK_SIZE_N': 256, 'BLOCK_SIZE_K': 64, 'num_buffers': 5, 'SUBTILE_FACTOR': 8}, num_warps=8
  Runtime best config: {'BLOCK_SIZE_M': 64, 'BLOCK_SIZE_N': 256, 'BLOCK_SIZE_K': 64, 'num_buffers': 3, 'SUBTILE_FACTOR': 1, 'num_warps_compress': 4, 'a_comp_layout': NVMMASharedLayout(swizzle_byte_width=64, element_bitwidth=16, rank=2, transposed=False, fp4_padded=False, cga_layout=[]), 'e_layout': NVMMASharedLayout(swizzle_byte_width=0, element_bitwidth=16, rank=2, transposed=False, fp4_padded=False, cga_layout=[]), 'a_comp_shape_0': 64, 'a_comp_shape_1': 32, 'e_shape_0': 4, 'e_shape_1': 64}, num_warps=8
start 24576-4096-2048 (74/167)
finish dense ws
finish sparse ws
finish compression ws
finish 24576-4096-2048 -> Dense: 328.4036849012547, Precomp WS: 391.78547680984514, 7.6 WS: 249.94000186105686
  Dense   best config: {'BLOCK_SIZE_M': 64, 'BLOCK_SIZE_N': 256, 'BLOCK_SIZE_K': 64, 'num_buffers': 5, 'SUBTILE_FACTOR': 4}, num_warps=4
  Sparse  best config: {'BLOCK_SIZE_M': 128, 'BLOCK_SIZE_N': 256, 'BLOCK_SIZE_K': 64, 'num_buffers': 4, 'SUBTILE_FACTOR': 4}, num_warps=8
  Runtime best config: {'BLOCK_SIZE_M': 64, 'BLOCK_SIZE_N': 256, 'BLOCK_SIZE_K': 64, 'num_buffers': 3, 'SUBTILE_FACTOR': 1, 'num_warps_compress': 4, 'a_comp_layout': NVMMASharedLayout(swizzle_byte_width=64, element_bitwidth=16, rank=2, transposed=False, fp4_padded=False, cga_layout=[]), 'e_layout': NVMMASharedLayout(swizzle_byte_width=0, element_bitwidth=16, rank=2, transposed=False, fp4_padded=False, cga_layout=[]), 'a_comp_shape_0': 64, 'a_comp_shape_1': 32, 'e_shape_0': 4, 'e_shape_1': 64}, num_warps=8
start 32768-4096-1536 (75/167)
finish dense ws
finish sparse ws
finish compression ws
finish 32768-4096-1536 -> Dense: 335.4651494681155, Precomp WS: 388.9823783717032, 7.6 WS: 248.91216201212356
  Dense   best config: {'BLOCK_SIZE_M': 128, 'BLOCK_SIZE_N': 256, 'BLOCK_SIZE_K': 64, 'num_buffers': 3, 'SUBTILE_FACTOR': 2}, num_warps=8
  Sparse  best config: {'BLOCK_SIZE_M': 128, 'BLOCK_SIZE_N': 256, 'BLOCK_SIZE_K': 64, 'num_buffers': 4, 'SUBTILE_FACTOR': 8}, num_warps=8
  Runtime best config: {'BLOCK_SIZE_M': 64, 'BLOCK_SIZE_N': 256, 'BLOCK_SIZE_K': 64, 'num_buffers': 3, 'SUBTILE_FACTOR': 1, 'num_warps_compress': 4, 'a_comp_layout': NVMMASharedLayout(swizzle_byte_width=64, element_bitwidth=16, rank=2, transposed=False, fp4_padded=False, cga_layout=[]), 'e_layout': NVMMASharedLayout(swizzle_byte_width=0, element_bitwidth=16, rank=2, transposed=False, fp4_padded=False, cga_layout=[]), 'a_comp_shape_0': 64, 'a_comp_shape_1': 32, 'e_shape_0': 4, 'e_shape_1': 64}, num_warps=8
start 49152-4096-1024 (76/167)
finish dense ws
finish sparse ws
finish compression ws
finish 49152-4096-1024 -> Dense: 327.1724821523391, Precomp WS: 381.3497726580535, 7.6 WS: 248.80751035639452
  Dense   best config: {'BLOCK_SIZE_M': 128, 'BLOCK_SIZE_N': 256, 'BLOCK_SIZE_K': 64, 'num_buffers': 3, 'SUBTILE_FACTOR': 2}, num_warps=8
  Sparse  best config: {'BLOCK_SIZE_M': 128, 'BLOCK_SIZE_N': 256, 'BLOCK_SIZE_K': 64, 'num_buffers': 5, 'SUBTILE_FACTOR': 8}, num_warps=8
  Runtime best config: {'BLOCK_SIZE_M': 64, 'BLOCK_SIZE_N': 256, 'BLOCK_SIZE_K': 64, 'num_buffers': 3, 'SUBTILE_FACTOR': 1, 'num_warps_compress': 4, 'a_comp_layout': NVMMASharedLayout(swizzle_byte_width=64, element_bitwidth=16, rank=2, transposed=False, fp4_padded=False, cga_layout=[]), 'e_layout': NVMMASharedLayout(swizzle_byte_width=0, element_bitwidth=16, rank=2, transposed=False, fp4_padded=False, cga_layout=[]), 'a_comp_shape_0': 64, 'a_comp_shape_1': 32, 'e_shape_0': 4, 'e_shape_1': 64}, num_warps=8
start 768-4096-49152 (77/167)
finish dense ws
finish sparse ws
finish compression ws
finish 768-4096-49152 -> Dense: 270.46393559758644, Precomp WS: 311.56690382159707, 7.6 WS: 185.33822239891947
  Dense   best config: {'BLOCK_SIZE_M': 256, 'BLOCK_SIZE_N': 128, 'BLOCK_SIZE_K': 64, 'num_buffers': 4, 'SUBTILE_FACTOR': 8}, num_warps=16
  Sparse  best config: {'BLOCK_SIZE_M': 128, 'BLOCK_SIZE_N': 256, 'BLOCK_SIZE_K': 64, 'num_buffers': 5, 'SUBTILE_FACTOR': 8}, num_warps=8
  Runtime best config: {'BLOCK_SIZE_M': 64, 'BLOCK_SIZE_N': 256, 'BLOCK_SIZE_K': 64, 'num_buffers': 3, 'SUBTILE_FACTOR': 1, 'num_warps_compress': 4, 'a_comp_layout': NVMMASharedLayout(swizzle_byte_width=64, element_bitwidth=16, rank=2, transposed=False, fp4_padded=False, cga_layout=[]), 'e_layout': NVMMASharedLayout(swizzle_byte_width=0, element_bitwidth=16, rank=2, transposed=False, fp4_padded=False, cga_layout=[]), 'a_comp_shape_0': 64, 'a_comp_shape_1': 32, 'e_shape_0': 4, 'e_shape_1': 64}, num_warps=8
start 1536-4096-24576 (78/167)
finish dense ws
finish sparse ws
finish compression ws
finish 1536-4096-24576 -> Dense: 285.89275173894043, Precomp WS: 321.19024328231046, 7.6 WS: 217.38842664960274
  Dense   best config: {'BLOCK_SIZE_M': 128, 'BLOCK_SIZE_N': 128, 'BLOCK_SIZE_K': 64, 'num_buffers': 5, 'SUBTILE_FACTOR': 2}, num_warps=8
  Sparse  best config: {'BLOCK_SIZE_M': 128, 'BLOCK_SIZE_N': 128, 'BLOCK_SIZE_K': 128, 'num_buffers': 4, 'SUBTILE_FACTOR': 4}, num_warps=8
  Runtime best config: {'BLOCK_SIZE_M': 64, 'BLOCK_SIZE_N': 256, 'BLOCK_SIZE_K': 64, 'num_buffers': 3, 'SUBTILE_FACTOR': 1, 'num_warps_compress': 4, 'a_comp_layout': NVMMASharedLayout(swizzle_byte_width=64, element_bitwidth=16, rank=2, transposed=False, fp4_padded=False, cga_layout=[]), 'e_layout': NVMMASharedLayout(swizzle_byte_width=0, element_bitwidth=16, rank=2, transposed=False, fp4_padded=False, cga_layout=[]), 'a_comp_shape_0': 64, 'a_comp_shape_1': 32, 'e_shape_0': 4, 'e_shape_1': 64}, num_warps=8
start 3072-4096-12288 (79/167)
finish dense ws
finish sparse ws
finish compression ws
finish 3072-4096-12288 -> Dense: 292.47246215329096, Precomp WS: 331.3842346674795, 7.6 WS: 215.14481402934905
  Dense   best config: {'BLOCK_SIZE_M': 128, 'BLOCK_SIZE_N': 256, 'BLOCK_SIZE_K': 64, 'num_buffers': 3, 'SUBTILE_FACTOR': 2}, num_warps=8
  Sparse  best config: {'BLOCK_SIZE_M': 128, 'BLOCK_SIZE_N': 256, 'BLOCK_SIZE_K': 64, 'num_buffers': 5, 'SUBTILE_FACTOR': 8}, num_warps=8
  Runtime best config: {'BLOCK_SIZE_M': 64, 'BLOCK_SIZE_N': 256, 'BLOCK_SIZE_K': 64, 'num_buffers': 3, 'SUBTILE_FACTOR': 1, 'num_warps_compress': 4, 'a_comp_layout': NVMMASharedLayout(swizzle_byte_width=64, element_bitwidth=16, rank=2, transposed=False, fp4_padded=False, cga_layout=[]), 'e_layout': NVMMASharedLayout(swizzle_byte_width=0, element_bitwidth=16, rank=2, transposed=False, fp4_padded=False, cga_layout=[]), 'a_comp_shape_0': 64, 'a_comp_shape_1': 32, 'e_shape_0': 4, 'e_shape_1': 64}, num_warps=8
start 6144-4096-6144 (80/167)
finish dense ws
finish sparse ws
finish compression ws
finish 6144-4096-6144 -> Dense: 278.2834833177394, Precomp WS: 328.3375620596242, 7.6 WS: 215.20648212788063
  Dense   best config: {'BLOCK_SIZE_M': 128, 'BLOCK_SIZE_N': 256, 'BLOCK_SIZE_K': 64, 'num_buffers': 3, 'SUBTILE_FACTOR': 2}, num_warps=8
  Sparse  best config: {'BLOCK_SIZE_M': 128, 'BLOCK_SIZE_N': 256, 'BLOCK_SIZE_K': 64, 'num_buffers': 5, 'SUBTILE_FACTOR': 8}, num_warps=8
  Runtime best config: {'BLOCK_SIZE_M': 64, 'BLOCK_SIZE_N': 256, 'BLOCK_SIZE_K': 64, 'num_buffers': 3, 'SUBTILE_FACTOR': 1, 'num_warps_compress': 4, 'a_comp_layout': NVMMASharedLayout(swizzle_byte_width=64, element_bitwidth=16, rank=2, transposed=False, fp4_padded=False, cga_layout=[]), 'e_layout': NVMMASharedLayout(swizzle_byte_width=0, element_bitwidth=16, rank=2, transposed=False, fp4_padded=False, cga_layout=[]), 'a_comp_shape_0': 64, 'a_comp_shape_1': 32, 'e_shape_0': 4, 'e_shape_1': 64}, num_warps=8
start 12288-4096-3072 (81/167)
finish dense ws
finish sparse ws
finish compression ws
finish 12288-4096-3072 -> Dense: 283.08522316092484, Precomp WS: 319.7704086529081, 7.6 WS: 213.90745416005564
  Dense   best config: {'BLOCK_SIZE_M': 128, 'BLOCK_SIZE_N': 256, 'BLOCK_SIZE_K': 64, 'num_buffers': 3, 'SUBTILE_FACTOR': 2}, num_warps=8
  Sparse  best config: {'BLOCK_SIZE_M': 256, 'BLOCK_SIZE_N': 128, 'BLOCK_SIZE_K': 64, 'num_buffers': 4, 'SUBTILE_FACTOR': 2}, num_warps=16
  Runtime best config: {'BLOCK_SIZE_M': 64, 'BLOCK_SIZE_N': 256, 'BLOCK_SIZE_K': 64, 'num_buffers': 3, 'SUBTILE_FACTOR': 1, 'num_warps_compress': 4, 'a_comp_layout': NVMMASharedLayout(swizzle_byte_width=64, element_bitwidth=16, rank=2, transposed=False, fp4_padded=False, cga_layout=[]), 'e_layout': NVMMASharedLayout(swizzle_byte_width=0, element_bitwidth=16, rank=2, transposed=False, fp4_padded=False, cga_layout=[]), 'a_comp_shape_0': 64, 'a_comp_shape_1': 32, 'e_shape_0': 4, 'e_shape_1': 64}, num_warps=8
start 24576-4096-1536 (82/167)
finish dense ws
finish sparse ws
finish compression ws
finish 24576-4096-1536 -> Dense: 280.29328541453316, Precomp WS: 319.40170297494876, 7.6 WS: 218.8310777405523
  Dense   best config: {'BLOCK_SIZE_M': 128, 'BLOCK_SIZE_N': 128, 'BLOCK_SIZE_K': 64, 'num_buffers': 5, 'SUBTILE_FACTOR': 4}, num_warps=4
  Sparse  best config: {'BLOCK_SIZE_M': 128, 'BLOCK_SIZE_N': 256, 'BLOCK_SIZE_K': 64, 'num_buffers': 4, 'SUBTILE_FACTOR': 8}, num_warps=8
  Runtime best config: {'BLOCK_SIZE_M': 64, 'BLOCK_SIZE_N': 256, 'BLOCK_SIZE_K': 64, 'num_buffers': 3, 'SUBTILE_FACTOR': 1, 'num_warps_compress': 4, 'a_comp_layout': NVMMASharedLayout(swizzle_byte_width=64, element_bitwidth=16, rank=2, transposed=False, fp4_padded=False, cga_layout=[]), 'e_layout': NVMMASharedLayout(swizzle_byte_width=0, element_bitwidth=16, rank=2, transposed=False, fp4_padded=False, cga_layout=[]), 'a_comp_shape_0': 64, 'a_comp_shape_1': 32, 'e_shape_0': 4, 'e_shape_1': 64}, num_warps=8
start 49152-4096-768 (83/167)
finish dense ws
finish sparse ws
finish compression ws
finish 49152-4096-768 -> Dense: 278.4191217542982, Precomp WS: 310.12101382449464, 7.6 WS: 217.02406322168318
  Dense   best config: {'BLOCK_SIZE_M': 128, 'BLOCK_SIZE_N': 256, 'BLOCK_SIZE_K': 64, 'num_buffers': 3, 'SUBTILE_FACTOR': 2}, num_warps=8
  Sparse  best config: {'BLOCK_SIZE_M': 128, 'BLOCK_SIZE_N': 256, 'BLOCK_SIZE_K': 64, 'num_buffers': 4, 'SUBTILE_FACTOR': 4}, num_warps=8
  Runtime best config: {'BLOCK_SIZE_M': 64, 'BLOCK_SIZE_N': 256, 'BLOCK_SIZE_K': 64, 'num_buffers': 3, 'SUBTILE_FACTOR': 1, 'num_warps_compress': 4, 'a_comp_layout': NVMMASharedLayout(swizzle_byte_width=64, element_bitwidth=16, rank=2, transposed=False, fp4_padded=False, cga_layout=[]), 'e_layout': NVMMASharedLayout(swizzle_byte_width=0, element_bitwidth=16, rank=2, transposed=False, fp4_padded=False, cga_layout=[]), 'a_comp_shape_0': 64, 'a_comp_shape_1': 32, 'e_shape_0': 4, 'e_shape_1': 64}, num_warps=8
start 1024-4096-32768 (84/167)
finish dense ws
finish sparse ws
finish compression ws
finish 1024-4096-32768 -> Dense: 272.81470071596027, Precomp WS: 303.15621208030905, 7.6 WS: 205.2979399223548
  Dense   best config: {'BLOCK_SIZE_M': 128, 'BLOCK_SIZE_N': 256, 'BLOCK_SIZE_K': 64, 'num_buffers': 3, 'SUBTILE_FACTOR': 2}, num_warps=8
  Sparse  best config: {'BLOCK_SIZE_M': 128, 'BLOCK_SIZE_N': 256, 'BLOCK_SIZE_K': 64, 'num_buffers': 5, 'SUBTILE_FACTOR': 8}, num_warps=8
  Runtime best config: {'BLOCK_SIZE_M': 64, 'BLOCK_SIZE_N': 256, 'BLOCK_SIZE_K': 64, 'num_buffers': 3, 'SUBTILE_FACTOR': 1, 'num_warps_compress': 4, 'a_comp_layout': NVMMASharedLayout(swizzle_byte_width=64, element_bitwidth=16, rank=2, transposed=False, fp4_padded=False, cga_layout=[]), 'e_layout': NVMMASharedLayout(swizzle_byte_width=0, element_bitwidth=16, rank=2, transposed=False, fp4_padded=False, cga_layout=[]), 'a_comp_shape_0': 64, 'a_comp_shape_1': 32, 'e_shape_0': 4, 'e_shape_1': 64}, num_warps=8
start 2048-4096-16384 (85/167)
finish dense ws
finish sparse ws
finish compression ws
finish 2048-4096-16384 -> Dense: 276.0184015785823, Precomp WS: 301.0283328167365, 7.6 WS: 205.0834899938258
  Dense   best config: {'BLOCK_SIZE_M': 128, 'BLOCK_SIZE_N': 256, 'BLOCK_SIZE_K': 64, 'num_buffers': 3, 'SUBTILE_FACTOR': 2}, num_warps=8
  Sparse  best config: {'BLOCK_SIZE_M': 128, 'BLOCK_SIZE_N': 256, 'BLOCK_SIZE_K': 64, 'num_buffers': 5, 'SUBTILE_FACTOR': 8}, num_warps=8
  Runtime best config: {'BLOCK_SIZE_M': 64, 'BLOCK_SIZE_N': 256, 'BLOCK_SIZE_K': 64, 'num_buffers': 3, 'SUBTILE_FACTOR': 1, 'num_warps_compress': 4, 'a_comp_layout': NVMMASharedLayout(swizzle_byte_width=64, element_bitwidth=16, rank=2, transposed=False, fp4_padded=False, cga_layout=[]), 'e_layout': NVMMASharedLayout(swizzle_byte_width=0, element_bitwidth=16, rank=2, transposed=False, fp4_padded=False, cga_layout=[]), 'a_comp_shape_0': 64, 'a_comp_shape_1': 32, 'e_shape_0': 4, 'e_shape_1': 64}, num_warps=8
start 4096-4096-8192 (86/167)
finish dense ws
finish sparse ws
finish compression ws
finish 4096-4096-8192 -> Dense: 266.0076343741427, Precomp WS: 302.4778171761684, 7.6 WS: 204.05397990038477
  Dense   best config: {'BLOCK_SIZE_M': 256, 'BLOCK_SIZE_N': 128, 'BLOCK_SIZE_K': 64, 'num_buffers': 4, 'SUBTILE_FACTOR': 8}, num_warps=16
  Sparse  best config: {'BLOCK_SIZE_M': 128, 'BLOCK_SIZE_N': 256, 'BLOCK_SIZE_K': 64, 'num_buffers': 5, 'SUBTILE_FACTOR': 8}, num_warps=8
  Runtime best config: {'BLOCK_SIZE_M': 64, 'BLOCK_SIZE_N': 256, 'BLOCK_SIZE_K': 64, 'num_buffers': 3, 'SUBTILE_FACTOR': 1, 'num_warps_compress': 4, 'a_comp_layout': NVMMASharedLayout(swizzle_byte_width=64, element_bitwidth=16, rank=2, transposed=False, fp4_padded=False, cga_layout=[]), 'e_layout': NVMMASharedLayout(swizzle_byte_width=0, element_bitwidth=16, rank=2, transposed=False, fp4_padded=False, cga_layout=[]), 'a_comp_shape_0': 64, 'a_comp_shape_1': 32, 'e_shape_0': 4, 'e_shape_1': 64}, num_warps=8
start 8192-4096-4096 (87/167)
finish dense ws
finish sparse ws
finish compression ws
finish 8192-4096-4096 -> Dense: 265.96017482196476, Precomp WS: 301.11969628883304, 7.6 WS: 201.43438002885026
  Dense   best config: {'BLOCK_SIZE_M': 128, 'BLOCK_SIZE_N': 256, 'BLOCK_SIZE_K': 64, 'num_buffers': 3, 'SUBTILE_FACTOR': 8}, num_warps=8
  Sparse  best config: {'BLOCK_SIZE_M': 128, 'BLOCK_SIZE_N': 256, 'BLOCK_SIZE_K': 64, 'num_buffers': 5, 'SUBTILE_FACTOR': 8}, num_warps=8
  Runtime best config: {'BLOCK_SIZE_M': 64, 'BLOCK_SIZE_N': 256, 'BLOCK_SIZE_K': 64, 'num_buffers': 3, 'SUBTILE_FACTOR': 1, 'num_warps_compress': 4, 'a_comp_layout': NVMMASharedLayout(swizzle_byte_width=64, element_bitwidth=16, rank=2, transposed=False, fp4_padded=False, cga_layout=[]), 'e_layout': NVMMASharedLayout(swizzle_byte_width=0, element_bitwidth=16, rank=2, transposed=False, fp4_padded=False, cga_layout=[]), 'a_comp_shape_0': 64, 'a_comp_shape_1': 32, 'e_shape_0': 4, 'e_shape_1': 64}, num_warps=8
start 16384-4096-2048 (88/167)
finish dense ws
finish sparse ws
finish compression ws
finish 16384-4096-2048 -> Dense: 260.46473959580374, Precomp WS: 297.26282730304064, 7.6 WS: 207.51954025854909
  Dense   best config: {'BLOCK_SIZE_M': 128, 'BLOCK_SIZE_N': 256, 'BLOCK_SIZE_K': 64, 'num_buffers': 3, 'SUBTILE_FACTOR': 2}, num_warps=8
  Sparse  best config: {'BLOCK_SIZE_M': 128, 'BLOCK_SIZE_N': 256, 'BLOCK_SIZE_K': 64, 'num_buffers': 5, 'SUBTILE_FACTOR': 8}, num_warps=8
  Runtime best config: {'BLOCK_SIZE_M': 64, 'BLOCK_SIZE_N': 256, 'BLOCK_SIZE_K': 64, 'num_buffers': 3, 'SUBTILE_FACTOR': 1, 'num_warps_compress': 4, 'a_comp_layout': NVMMASharedLayout(swizzle_byte_width=64, element_bitwidth=16, rank=2, transposed=False, fp4_padded=False, cga_layout=[]), 'e_layout': NVMMASharedLayout(swizzle_byte_width=0, element_bitwidth=16, rank=2, transposed=False, fp4_padded=False, cga_layout=[]), 'a_comp_shape_0': 64, 'a_comp_shape_1': 32, 'e_shape_0': 4, 'e_shape_1': 64}, num_warps=8
start 32768-4096-1024 (89/167)
finish dense ws
finish sparse ws
finish compression ws
finish 32768-4096-1024 -> Dense: 256.12766805715523, Precomp WS: 293.0346899285245, 7.6 WS: 206.02037253356485
  Dense   best config: {'BLOCK_SIZE_M': 256, 'BLOCK_SIZE_N': 128, 'BLOCK_SIZE_K': 64, 'num_buffers': 3, 'SUBTILE_FACTOR': 4}, num_warps=16
  Sparse  best config: {'BLOCK_SIZE_M': 128, 'BLOCK_SIZE_N': 256, 'BLOCK_SIZE_K': 64, 'num_buffers': 4, 'SUBTILE_FACTOR': 4}, num_warps=8
  Runtime best config: {'BLOCK_SIZE_M': 64, 'BLOCK_SIZE_N': 256, 'BLOCK_SIZE_K': 64, 'num_buffers': 3, 'SUBTILE_FACTOR': 1, 'num_warps_compress': 4, 'a_comp_layout': NVMMASharedLayout(swizzle_byte_width=64, element_bitwidth=16, rank=2, transposed=False, fp4_padded=False, cga_layout=[]), 'e_layout': NVMMASharedLayout(swizzle_byte_width=0, element_bitwidth=16, rank=2, transposed=False, fp4_padded=False, cga_layout=[]), 'a_comp_shape_0': 64, 'a_comp_shape_1': 32, 'e_shape_0': 4, 'e_shape_1': 64}, num_warps=8
start 768-4096-32768 (90/167)
finish dense ws
finish sparse ws
finish compression ws
finish 768-4096-32768 -> Dense: 208.87302521695557, Precomp WS: 234.2600317368597, 7.6 WS: 153.79901260242642
  Dense   best config: {'BLOCK_SIZE_M': 128, 'BLOCK_SIZE_N': 256, 'BLOCK_SIZE_K': 64, 'num_buffers': 3, 'SUBTILE_FACTOR': 8}, num_warps=8
  Sparse  best config: {'BLOCK_SIZE_M': 128, 'BLOCK_SIZE_N': 256, 'BLOCK_SIZE_K': 64, 'num_buffers': 5, 'SUBTILE_FACTOR': 8}, num_warps=8
  Runtime best config: {'BLOCK_SIZE_M': 64, 'BLOCK_SIZE_N': 256, 'BLOCK_SIZE_K': 64, 'num_buffers': 3, 'SUBTILE_FACTOR': 1, 'num_warps_compress': 4, 'a_comp_layout': NVMMASharedLayout(swizzle_byte_width=64, element_bitwidth=16, rank=2, transposed=False, fp4_padded=False, cga_layout=[]), 'e_layout': NVMMASharedLayout(swizzle_byte_width=0, element_bitwidth=16, rank=2, transposed=False, fp4_padded=False, cga_layout=[]), 'a_comp_shape_0': 64, 'a_comp_shape_1': 32, 'e_shape_0': 4, 'e_shape_1': 64}, num_warps=8
start 1024-4096-24576 (91/167)
finish dense ws
finish sparse ws
finish compression ws
finish 1024-4096-24576 -> Dense: 222.53943721326917, Precomp WS: 241.78058510916162, 7.6 WS: 176.05398452403338
  Dense   best config: {'BLOCK_SIZE_M': 128, 'BLOCK_SIZE_N': 256, 'BLOCK_SIZE_K': 64, 'num_buffers': 3, 'SUBTILE_FACTOR': 2}, num_warps=8
  Sparse  best config: {'BLOCK_SIZE_M': 128, 'BLOCK_SIZE_N': 256, 'BLOCK_SIZE_K': 64, 'num_buffers': 4, 'SUBTILE_FACTOR': 4}, num_warps=8
  Runtime best config: {'BLOCK_SIZE_M': 64, 'BLOCK_SIZE_N': 256, 'BLOCK_SIZE_K': 64, 'num_buffers': 3, 'SUBTILE_FACTOR': 1, 'num_warps_compress': 4, 'a_comp_layout': NVMMASharedLayout(swizzle_byte_width=64, element_bitwidth=16, rank=2, transposed=False, fp4_padded=False, cga_layout=[]), 'e_layout': NVMMASharedLayout(swizzle_byte_width=0, element_bitwidth=16, rank=2, transposed=False, fp4_padded=False, cga_layout=[]), 'a_comp_shape_0': 64, 'a_comp_shape_1': 32, 'e_shape_0': 4, 'e_shape_1': 64}, num_warps=8
start 1536-4096-16384 (92/167)
finish dense ws
finish sparse ws
finish compression ws
finish 1536-4096-16384 -> Dense: 221.91219590308194, Precomp WS: 240.26171345430797, 7.6 WS: 174.50393726458432
  Dense   best config: {'BLOCK_SIZE_M': 128, 'BLOCK_SIZE_N': 128, 'BLOCK_SIZE_K': 64, 'num_buffers': 6, 'SUBTILE_FACTOR': 8}, num_warps=8
  Sparse  best config: {'BLOCK_SIZE_M': 128, 'BLOCK_SIZE_N': 128, 'BLOCK_SIZE_K': 128, 'num_buffers': 4, 'SUBTILE_FACTOR': 4}, num_warps=8
  Runtime best config: {'BLOCK_SIZE_M': 64, 'BLOCK_SIZE_N': 256, 'BLOCK_SIZE_K': 64, 'num_buffers': 3, 'SUBTILE_FACTOR': 1, 'num_warps_compress': 4, 'a_comp_layout': NVMMASharedLayout(swizzle_byte_width=64, element_bitwidth=16, rank=2, transposed=False, fp4_padded=False, cga_layout=[]), 'e_layout': NVMMASharedLayout(swizzle_byte_width=0, element_bitwidth=16, rank=2, transposed=False, fp4_padded=False, cga_layout=[]), 'a_comp_shape_0': 64, 'a_comp_shape_1': 32, 'e_shape_0': 4, 'e_shape_1': 64}, num_warps=8
start 2048-4096-12288 (93/167)
finish dense ws
finish sparse ws
finish compression ws
finish 2048-4096-12288 -> Dense: 223.99884641666904, Precomp WS: 242.36843917936977, 7.6 WS: 175.15827355123952
  Dense   best config: {'BLOCK_SIZE_M': 128, 'BLOCK_SIZE_N': 256, 'BLOCK_SIZE_K': 64, 'num_buffers': 3, 'SUBTILE_FACTOR': 2}, num_warps=8
  Sparse  best config: {'BLOCK_SIZE_M': 128, 'BLOCK_SIZE_N': 256, 'BLOCK_SIZE_K': 64, 'num_buffers': 4, 'SUBTILE_FACTOR': 4}, num_warps=8
  Runtime best config: {'BLOCK_SIZE_M': 64, 'BLOCK_SIZE_N': 256, 'BLOCK_SIZE_K': 64, 'num_buffers': 3, 'SUBTILE_FACTOR': 1, 'num_warps_compress': 4, 'a_comp_layout': NVMMASharedLayout(swizzle_byte_width=64, element_bitwidth=16, rank=2, transposed=False, fp4_padded=False, cga_layout=[]), 'e_layout': NVMMASharedLayout(swizzle_byte_width=0, element_bitwidth=16, rank=2, transposed=False, fp4_padded=False, cga_layout=[]), 'a_comp_shape_0': 64, 'a_comp_shape_1': 32, 'e_shape_0': 4, 'e_shape_1': 64}, num_warps=8
start 3072-4096-8192 (94/167)
finish dense ws
finish sparse ws
finish compression ws
finish 3072-4096-8192 -> Dense: 222.58539303167194, Precomp WS: 242.89648798967895, 7.6 WS: 173.52411778060807
  Dense   best config: {'BLOCK_SIZE_M': 128, 'BLOCK_SIZE_N': 256, 'BLOCK_SIZE_K': 64, 'num_buffers': 3, 'SUBTILE_FACTOR': 2}, num_warps=8
  Sparse  best config: {'BLOCK_SIZE_M': 128, 'BLOCK_SIZE_N': 256, 'BLOCK_SIZE_K': 64, 'num_buffers': 4, 'SUBTILE_FACTOR': 4}, num_warps=8
  Runtime best config: {'BLOCK_SIZE_M': 64, 'BLOCK_SIZE_N': 256, 'BLOCK_SIZE_K': 64, 'num_buffers': 3, 'SUBTILE_FACTOR': 1, 'num_warps_compress': 4, 'a_comp_layout': NVMMASharedLayout(swizzle_byte_width=64, element_bitwidth=16, rank=2, transposed=False, fp4_padded=False, cga_layout=[]), 'e_layout': NVMMASharedLayout(swizzle_byte_width=0, element_bitwidth=16, rank=2, transposed=False, fp4_padded=False, cga_layout=[]), 'a_comp_shape_0': 64, 'a_comp_shape_1': 32, 'e_shape_0': 4, 'e_shape_1': 64}, num_warps=8
start 4096-4096-6144 (95/167)
finish dense ws
finish sparse ws
finish compression ws
finish 4096-4096-6144 -> Dense: 218.73137079623177, Precomp WS: 241.91590534738216, 7.6 WS: 173.57088058840037
  Dense   best config: {'BLOCK_SIZE_M': 128, 'BLOCK_SIZE_N': 256, 'BLOCK_SIZE_K': 64, 'num_buffers': 3, 'SUBTILE_FACTOR': 4}, num_warps=8
  Sparse  best config: {'BLOCK_SIZE_M': 128, 'BLOCK_SIZE_N': 256, 'BLOCK_SIZE_K': 64, 'num_buffers': 5, 'SUBTILE_FACTOR': 8}, num_warps=8
  Runtime best config: {'BLOCK_SIZE_M': 64, 'BLOCK_SIZE_N': 256, 'BLOCK_SIZE_K': 64, 'num_buffers': 3, 'SUBTILE_FACTOR': 1, 'num_warps_compress': 4, 'a_comp_layout': NVMMASharedLayout(swizzle_byte_width=64, element_bitwidth=16, rank=2, transposed=False, fp4_padded=False, cga_layout=[]), 'e_layout': NVMMASharedLayout(swizzle_byte_width=0, element_bitwidth=16, rank=2, transposed=False, fp4_padded=False, cga_layout=[]), 'a_comp_shape_0': 64, 'a_comp_shape_1': 32, 'e_shape_0': 4, 'e_shape_1': 64}, num_warps=8
start 6144-4096-4096 (96/167)
finish dense ws
finish sparse ws
finish compression ws
finish 6144-4096-4096 -> Dense: 221.7321699397485, Precomp WS: 243.59017966509353, 7.6 WS: 172.9700080526226
  Dense   best config: {'BLOCK_SIZE_M': 128, 'BLOCK_SIZE_N': 256, 'BLOCK_SIZE_K': 64, 'num_buffers': 3, 'SUBTILE_FACTOR': 4}, num_warps=8
  Sparse  best config: {'BLOCK_SIZE_M': 128, 'BLOCK_SIZE_N': 256, 'BLOCK_SIZE_K': 64, 'num_buffers': 5, 'SUBTILE_FACTOR': 8}, num_warps=8
  Runtime best config: {'BLOCK_SIZE_M': 64, 'BLOCK_SIZE_N': 256, 'BLOCK_SIZE_K': 64, 'num_buffers': 3, 'SUBTILE_FACTOR': 1, 'num_warps_compress': 4, 'a_comp_layout': NVMMASharedLayout(swizzle_byte_width=64, element_bitwidth=16, rank=2, transposed=False, fp4_padded=False, cga_layout=[]), 'e_layout': NVMMASharedLayout(swizzle_byte_width=0, element_bitwidth=16, rank=2, transposed=False, fp4_padded=False, cga_layout=[]), 'a_comp_shape_0': 64, 'a_comp_shape_1': 32, 'e_shape_0': 4, 'e_shape_1': 64}, num_warps=8
start 8192-4096-3072 (97/167)
finish dense ws
finish sparse ws
finish compression ws
finish 8192-4096-3072 -> Dense: 221.17025416153055, Precomp WS: 238.98484133653776, 7.6 WS: 175.45344382258372
  Dense   best config: {'BLOCK_SIZE_M': 128, 'BLOCK_SIZE_N': 256, 'BLOCK_SIZE_K': 64, 'num_buffers': 4, 'SUBTILE_FACTOR': 4}, num_warps=8
  Sparse  best config: {'BLOCK_SIZE_M': 128, 'BLOCK_SIZE_N': 256, 'BLOCK_SIZE_K': 64, 'num_buffers': 4, 'SUBTILE_FACTOR': 8}, num_warps=8
  Runtime best config: {'BLOCK_SIZE_M': 64, 'BLOCK_SIZE_N': 256, 'BLOCK_SIZE_K': 64, 'num_buffers': 3, 'SUBTILE_FACTOR': 1, 'num_warps_compress': 4, 'a_comp_layout': NVMMASharedLayout(swizzle_byte_width=64, element_bitwidth=16, rank=2, transposed=False, fp4_padded=False, cga_layout=[]), 'e_layout': NVMMASharedLayout(swizzle_byte_width=0, element_bitwidth=16, rank=2, transposed=False, fp4_padded=False, cga_layout=[]), 'a_comp_shape_0': 64, 'a_comp_shape_1': 32, 'e_shape_0': 4, 'e_shape_1': 64}, num_warps=8
start 12288-4096-2048 (98/167)
finish dense ws
finish sparse ws
finish compression ws
finish 12288-4096-2048 -> Dense: 218.83830654543567, Precomp WS: 19.459999613984102, 7.6 WS: 177.01215044158465
  Dense   best config: {'BLOCK_SIZE_M': 128, 'BLOCK_SIZE_N': 256, 'BLOCK_SIZE_K': 64, 'num_buffers': 3, 'SUBTILE_FACTOR': 2}, num_warps=8
  Sparse  best config: {'BLOCK_SIZE_M': 128, 'BLOCK_SIZE_N': 256, 'BLOCK_SIZE_K': 64, 'num_buffers': 4, 'SUBTILE_FACTOR': 4}, num_warps=8
  Runtime best config: {'BLOCK_SIZE_M': 64, 'BLOCK_SIZE_N': 256, 'BLOCK_SIZE_K': 64, 'num_buffers': 3, 'SUBTILE_FACTOR': 1, 'num_warps_compress': 4, 'a_comp_layout': NVMMASharedLayout(swizzle_byte_width=64, element_bitwidth=16, rank=2, transposed=False, fp4_padded=False, cga_layout=[]), 'e_layout': NVMMASharedLayout(swizzle_byte_width=0, element_bitwidth=16, rank=2, transposed=False, fp4_padded=False, cga_layout=[]), 'a_comp_shape_0': 64, 'a_comp_shape_1': 32, 'e_shape_0': 4, 'e_shape_1': 64}, num_warps=8
start 16384-4096-1536 (99/167)
finish dense ws
finish sparse ws
finish compression ws
finish 16384-4096-1536 -> Dense: 219.9315833825472, Precomp WS: 239.53013357472332, 7.6 WS: 177.13912183458112
  Dense   best config: {'BLOCK_SIZE_M': 128, 'BLOCK_SIZE_N': 256, 'BLOCK_SIZE_K': 64, 'num_buffers': 3, 'SUBTILE_FACTOR': 2}, num_warps=8
  Sparse  best config: {'BLOCK_SIZE_M': 128, 'BLOCK_SIZE_N': 256, 'BLOCK_SIZE_K': 64, 'num_buffers': 4, 'SUBTILE_FACTOR': 4}, num_warps=8
  Runtime best config: {'BLOCK_SIZE_M': 64, 'BLOCK_SIZE_N': 256, 'BLOCK_SIZE_K': 64, 'num_buffers': 3, 'SUBTILE_FACTOR': 1, 'num_warps_compress': 4, 'a_comp_layout': NVMMASharedLayout(swizzle_byte_width=64, element_bitwidth=16, rank=2, transposed=False, fp4_padded=False, cga_layout=[]), 'e_layout': NVMMASharedLayout(swizzle_byte_width=0, element_bitwidth=16, rank=2, transposed=False, fp4_padded=False, cga_layout=[]), 'a_comp_shape_0': 64, 'a_comp_shape_1': 32, 'e_shape_0': 4, 'e_shape_1': 64}, num_warps=8
start 24576-4096-1024 (100/167)
finish dense ws
finish sparse ws
finish compression ws
finish 24576-4096-1024 -> Dense: 214.6082727160397, Precomp WS: 235.79908245196455, 7.6 WS: 176.0163899648266
  Dense   best config: {'BLOCK_SIZE_M': 128, 'BLOCK_SIZE_N': 256, 'BLOCK_SIZE_K': 64, 'num_buffers': 3, 'SUBTILE_FACTOR': 2}, num_warps=8
  Sparse  best config: {'BLOCK_SIZE_M': 128, 'BLOCK_SIZE_N': 256, 'BLOCK_SIZE_K': 64, 'num_buffers': 5, 'SUBTILE_FACTOR': 8}, num_warps=8
  Runtime best config: {'BLOCK_SIZE_M': 64, 'BLOCK_SIZE_N': 256, 'BLOCK_SIZE_K': 64, 'num_buffers': 3, 'SUBTILE_FACTOR': 1, 'num_warps_compress': 4, 'a_comp_layout': NVMMASharedLayout(swizzle_byte_width=64, element_bitwidth=16, rank=2, transposed=False, fp4_padded=False, cga_layout=[]), 'e_layout': NVMMASharedLayout(swizzle_byte_width=0, element_bitwidth=16, rank=2, transposed=False, fp4_padded=False, cga_layout=[]), 'a_comp_shape_0': 64, 'a_comp_shape_1': 32, 'e_shape_0': 4, 'e_shape_1': 64}, num_warps=8
start 32768-4096-768 (101/167)
finish dense ws
finish sparse ws
finish compression ws
finish 32768-4096-768 -> Dense: 216.0892194592841, Precomp WS: 234.22360091980548, 7.6 WS: 176.45377123639446
  Dense   best config: {'BLOCK_SIZE_M': 128, 'BLOCK_SIZE_N': 256, 'BLOCK_SIZE_K': 64, 'num_buffers': 3, 'SUBTILE_FACTOR': 2}, num_warps=8
  Sparse  best config: {'BLOCK_SIZE_M': 128, 'BLOCK_SIZE_N': 256, 'BLOCK_SIZE_K': 64, 'num_buffers': 4, 'SUBTILE_FACTOR': 4}, num_warps=8
  Runtime best config: {'BLOCK_SIZE_M': 64, 'BLOCK_SIZE_N': 256, 'BLOCK_SIZE_K': 64, 'num_buffers': 3, 'SUBTILE_FACTOR': 1, 'num_warps_compress': 4, 'a_comp_layout': NVMMASharedLayout(swizzle_byte_width=64, element_bitwidth=16, rank=2, transposed=False, fp4_padded=False, cga_layout=[]), 'e_layout': NVMMASharedLayout(swizzle_byte_width=0, element_bitwidth=16, rank=2, transposed=False, fp4_padded=False, cga_layout=[]), 'a_comp_shape_0': 64, 'a_comp_shape_1': 32, 'e_shape_0': 4, 'e_shape_1': 64}, num_warps=8
start 768-4096-24576 (102/167)
finish dense ws
finish sparse ws
finish compression ws
finish 768-4096-24576 -> Dense: 172.12675753868365, Precomp WS: 186.32906292869103, 7.6 WS: 129.96122484838725
  Dense   best config: {'BLOCK_SIZE_M': 128, 'BLOCK_SIZE_N': 256, 'BLOCK_SIZE_K': 64, 'num_buffers': 4, 'SUBTILE_FACTOR': 4}, num_warps=8
  Sparse  best config: {'BLOCK_SIZE_M': 128, 'BLOCK_SIZE_N': 256, 'BLOCK_SIZE_K': 64, 'num_buffers': 4, 'SUBTILE_FACTOR': 8}, num_warps=8
  Runtime best config: {'BLOCK_SIZE_M': 64, 'BLOCK_SIZE_N': 256, 'BLOCK_SIZE_K': 64, 'num_buffers': 3, 'SUBTILE_FACTOR': 1, 'num_warps_compress': 4, 'a_comp_layout': NVMMASharedLayout(swizzle_byte_width=64, element_bitwidth=16, rank=2, transposed=False, fp4_padded=False, cga_layout=[]), 'e_layout': NVMMASharedLayout(swizzle_byte_width=0, element_bitwidth=16, rank=2, transposed=False, fp4_padded=False, cga_layout=[]), 'a_comp_shape_0': 64, 'a_comp_shape_1': 32, 'e_shape_0': 4, 'e_shape_1': 64}, num_warps=8
start 1536-4096-12288 (103/167)
finish dense ws
finish sparse ws
finish compression ws
finish 1536-4096-12288 -> Dense: 179.66292526314788, Precomp WS: 189.052017627058, 7.6 WS: 146.25367016261197
  Dense   best config: {'BLOCK_SIZE_M': 128, 'BLOCK_SIZE_N': 128, 'BLOCK_SIZE_K': 64, 'num_buffers': 6, 'SUBTILE_FACTOR': 2}, num_warps=4
  Sparse  best config: {'BLOCK_SIZE_M': 128, 'BLOCK_SIZE_N': 128, 'BLOCK_SIZE_K': 128, 'num_buffers': 4, 'SUBTILE_FACTOR': 4}, num_warps=4
  Runtime best config: {'BLOCK_SIZE_M': 64, 'BLOCK_SIZE_N': 256, 'BLOCK_SIZE_K': 64, 'num_buffers': 3, 'SUBTILE_FACTOR': 1, 'num_warps_compress': 4, 'a_comp_layout': NVMMASharedLayout(swizzle_byte_width=64, element_bitwidth=16, rank=2, transposed=False, fp4_padded=False, cga_layout=[]), 'e_layout': NVMMASharedLayout(swizzle_byte_width=0, element_bitwidth=16, rank=2, transposed=False, fp4_padded=False, cga_layout=[]), 'a_comp_shape_0': 64, 'a_comp_shape_1': 32, 'e_shape_0': 4, 'e_shape_1': 64}, num_warps=8
start 3072-4096-6144 (104/167)
finish dense ws
finish sparse ws
finish compression ws
finish 3072-4096-6144 -> Dense: 176.2497276518841, Precomp WS: 189.35864179894457, 7.6 WS: 145.48145569114533
  Dense   best config: {'BLOCK_SIZE_M': 128, 'BLOCK_SIZE_N': 256, 'BLOCK_SIZE_K': 64, 'num_buffers': 3, 'SUBTILE_FACTOR': 4}, num_warps=8
  Sparse  best config: {'BLOCK_SIZE_M': 128, 'BLOCK_SIZE_N': 256, 'BLOCK_SIZE_K': 64, 'num_buffers': 4, 'SUBTILE_FACTOR': 4}, num_warps=8
  Runtime best config: {'BLOCK_SIZE_M': 64, 'BLOCK_SIZE_N': 256, 'BLOCK_SIZE_K': 64, 'num_buffers': 3, 'SUBTILE_FACTOR': 1, 'num_warps_compress': 4, 'a_comp_layout': NVMMASharedLayout(swizzle_byte_width=64, element_bitwidth=16, rank=2, transposed=False, fp4_padded=False, cga_layout=[]), 'e_layout': NVMMASharedLayout(swizzle_byte_width=0, element_bitwidth=16, rank=2, transposed=False, fp4_padded=False, cga_layout=[]), 'a_comp_shape_0': 64, 'a_comp_shape_1': 32, 'e_shape_0': 4, 'e_shape_1': 64}, num_warps=8
start 6144-4096-3072 (105/167)
finish dense ws
finish sparse ws
finish compression ws
finish 6144-4096-3072 -> Dense: 176.44469383062915, Precomp WS: 191.31555096160923, 7.6 WS: 147.13084274402007
  Dense   best config: {'BLOCK_SIZE_M': 128, 'BLOCK_SIZE_N': 256, 'BLOCK_SIZE_K': 64, 'num_buffers': 3, 'SUBTILE_FACTOR': 4}, num_warps=8
  Sparse  best config: {'BLOCK_SIZE_M': 128, 'BLOCK_SIZE_N': 256, 'BLOCK_SIZE_K': 64, 'num_buffers': 4, 'SUBTILE_FACTOR': 4}, num_warps=8
  Runtime best config: {'BLOCK_SIZE_M': 64, 'BLOCK_SIZE_N': 256, 'BLOCK_SIZE_K': 64, 'num_buffers': 3, 'SUBTILE_FACTOR': 1, 'num_warps_compress': 4, 'a_comp_layout': NVMMASharedLayout(swizzle_byte_width=64, element_bitwidth=16, rank=2, transposed=False, fp4_padded=False, cga_layout=[]), 'e_layout': NVMMASharedLayout(swizzle_byte_width=0, element_bitwidth=16, rank=2, transposed=False, fp4_padded=False, cga_layout=[]), 'a_comp_shape_0': 64, 'a_comp_shape_1': 32, 'e_shape_0': 4, 'e_shape_1': 64}, num_warps=8
start 12288-4096-1536 (106/167)
finish dense ws
finish sparse ws
finish compression ws
finish 12288-4096-1536 -> Dense: 177.37357876681943, Precomp WS: 190.67982111908645, 7.6 WS: 147.57442568510976
  Dense   best config: {'BLOCK_SIZE_M': 128, 'BLOCK_SIZE_N': 256, 'BLOCK_SIZE_K': 64, 'num_buffers': 3, 'SUBTILE_FACTOR': 4}, num_warps=8
  Sparse  best config: {'BLOCK_SIZE_M': 128, 'BLOCK_SIZE_N': 256, 'BLOCK_SIZE_K': 64, 'num_buffers': 4, 'SUBTILE_FACTOR': 4}, num_warps=8
  Runtime best config: {'BLOCK_SIZE_M': 64, 'BLOCK_SIZE_N': 256, 'BLOCK_SIZE_K': 64, 'num_buffers': 3, 'SUBTILE_FACTOR': 1, 'num_warps_compress': 4, 'a_comp_layout': NVMMASharedLayout(swizzle_byte_width=64, element_bitwidth=16, rank=2, transposed=False, fp4_padded=False, cga_layout=[]), 'e_layout': NVMMASharedLayout(swizzle_byte_width=0, element_bitwidth=16, rank=2, transposed=False, fp4_padded=False, cga_layout=[]), 'a_comp_shape_0': 64, 'a_comp_shape_1': 32, 'e_shape_0': 4, 'e_shape_1': 64}, num_warps=8
start 24576-4096-768 (107/167)
finish dense ws
finish sparse ws
finish compression ws
finish 24576-4096-768 -> Dense: 173.277045655507, Precomp WS: 184.8870521933517, 7.6 WS: 146.96165690290266
  Dense   best config: {'BLOCK_SIZE_M': 128, 'BLOCK_SIZE_N': 256, 'BLOCK_SIZE_K': 64, 'num_buffers': 3, 'SUBTILE_FACTOR': 2}, num_warps=8
  Sparse  best config: {'BLOCK_SIZE_M': 128, 'BLOCK_SIZE_N': 256, 'BLOCK_SIZE_K': 64, 'num_buffers': 4, 'SUBTILE_FACTOR': 4}, num_warps=8
  Runtime best config: {'BLOCK_SIZE_M': 64, 'BLOCK_SIZE_N': 256, 'BLOCK_SIZE_K': 64, 'num_buffers': 3, 'SUBTILE_FACTOR': 1, 'num_warps_compress': 4, 'a_comp_layout': NVMMASharedLayout(swizzle_byte_width=64, element_bitwidth=16, rank=2, transposed=False, fp4_padded=False, cga_layout=[]), 'e_layout': NVMMASharedLayout(swizzle_byte_width=0, element_bitwidth=16, rank=2, transposed=False, fp4_padded=False, cga_layout=[]), 'a_comp_shape_0': 64, 'a_comp_shape_1': 32, 'e_shape_0': 4, 'e_shape_1': 64}, num_warps=8
start 1024-4096-16384 (108/167)
finish dense ws
finish sparse ws
finish compression ws
finish 1024-4096-16384 -> Dense: 167.04260657618403, Precomp WS: 176.24020638852375, 7.6 WS: 136.28885533269434
  Dense   best config: {'BLOCK_SIZE_M': 128, 'BLOCK_SIZE_N': 256, 'BLOCK_SIZE_K': 64, 'num_buffers': 4, 'SUBTILE_FACTOR': 8}, num_warps=8
  Sparse  best config: {'BLOCK_SIZE_M': 128, 'BLOCK_SIZE_N': 256, 'BLOCK_SIZE_K': 64, 'num_buffers': 5, 'SUBTILE_FACTOR': 8}, num_warps=8
  Runtime best config: {'BLOCK_SIZE_M': 64, 'BLOCK_SIZE_N': 256, 'BLOCK_SIZE_K': 64, 'num_buffers': 3, 'SUBTILE_FACTOR': 1, 'num_warps_compress': 4, 'a_comp_layout': NVMMASharedLayout(swizzle_byte_width=64, element_bitwidth=16, rank=2, transposed=False, fp4_padded=False, cga_layout=[]), 'e_layout': NVMMASharedLayout(swizzle_byte_width=0, element_bitwidth=16, rank=2, transposed=False, fp4_padded=False, cga_layout=[]), 'a_comp_shape_0': 64, 'a_comp_shape_1': 32, 'e_shape_0': 4, 'e_shape_1': 64}, num_warps=8
start 2048-4096-8192 (109/167)
finish dense ws
finish sparse ws
finish compression ws
finish 2048-4096-8192 -> Dense: 164.3678822997887, Precomp WS: 173.49589494029706, 7.6 WS: 136.4228638057183
  Dense   best config: {'BLOCK_SIZE_M': 128, 'BLOCK_SIZE_N': 256, 'BLOCK_SIZE_K': 64, 'num_buffers': 4, 'SUBTILE_FACTOR': 4}, num_warps=8
  Sparse  best config: {'BLOCK_SIZE_M': 128, 'BLOCK_SIZE_N': 256, 'BLOCK_SIZE_K': 64, 'num_buffers': 4, 'SUBTILE_FACTOR': 4}, num_warps=8
  Runtime best config: {'BLOCK_SIZE_M': 64, 'BLOCK_SIZE_N': 256, 'BLOCK_SIZE_K': 64, 'num_buffers': 3, 'SUBTILE_FACTOR': 1, 'num_warps_compress': 4, 'a_comp_layout': NVMMASharedLayout(swizzle_byte_width=64, element_bitwidth=16, rank=2, transposed=False, fp4_padded=False, cga_layout=[]), 'e_layout': NVMMASharedLayout(swizzle_byte_width=0, element_bitwidth=16, rank=2, transposed=False, fp4_padded=False, cga_layout=[]), 'a_comp_shape_0': 64, 'a_comp_shape_1': 32, 'e_shape_0': 4, 'e_shape_1': 64}, num_warps=8
start 4096-4096-4096 (110/167)
finish dense ws
finish sparse ws
finish compression ws
finish 4096-4096-4096 -> Dense: 163.10518482070404, Precomp WS: 172.402527567808, 7.6 WS: 135.07760912811628
  Dense   best config: {'BLOCK_SIZE_M': 128, 'BLOCK_SIZE_N': 256, 'BLOCK_SIZE_K': 64, 'num_buffers': 4, 'SUBTILE_FACTOR': 4}, num_warps=8
  Sparse  best config: {'BLOCK_SIZE_M': 128, 'BLOCK_SIZE_N': 256, 'BLOCK_SIZE_K': 64, 'num_buffers': 4, 'SUBTILE_FACTOR': 8}, num_warps=8
  Runtime best config: {'BLOCK_SIZE_M': 64, 'BLOCK_SIZE_N': 256, 'BLOCK_SIZE_K': 64, 'num_buffers': 3, 'SUBTILE_FACTOR': 1, 'num_warps_compress': 4, 'a_comp_layout': NVMMASharedLayout(swizzle_byte_width=64, element_bitwidth=16, rank=2, transposed=False, fp4_padded=False, cga_layout=[]), 'e_layout': NVMMASharedLayout(swizzle_byte_width=0, element_bitwidth=16, rank=2, transposed=False, fp4_padded=False, cga_layout=[]), 'a_comp_shape_0': 64, 'a_comp_shape_1': 32, 'e_shape_0': 4, 'e_shape_1': 64}, num_warps=8
start 8192-4096-2048 (111/167)
finish dense ws
finish sparse ws
finish compression ws
finish 8192-4096-2048 -> Dense: 162.12211879646796, Precomp WS: 172.78455111126868, 7.6 WS: 136.90095694818243
  Dense   best config: {'BLOCK_SIZE_M': 128, 'BLOCK_SIZE_N': 256, 'BLOCK_SIZE_K': 64, 'num_buffers': 4, 'SUBTILE_FACTOR': 4}, num_warps=8
  Sparse  best config: {'BLOCK_SIZE_M': 128, 'BLOCK_SIZE_N': 256, 'BLOCK_SIZE_K': 64, 'num_buffers': 4, 'SUBTILE_FACTOR': 4}, num_warps=8
  Runtime best config: {'BLOCK_SIZE_M': 64, 'BLOCK_SIZE_N': 256, 'BLOCK_SIZE_K': 64, 'num_buffers': 3, 'SUBTILE_FACTOR': 1, 'num_warps_compress': 4, 'a_comp_layout': NVMMASharedLayout(swizzle_byte_width=64, element_bitwidth=16, rank=2, transposed=False, fp4_padded=False, cga_layout=[]), 'e_layout': NVMMASharedLayout(swizzle_byte_width=0, element_bitwidth=16, rank=2, transposed=False, fp4_padded=False, cga_layout=[]), 'a_comp_shape_0': 64, 'a_comp_shape_1': 32, 'e_shape_0': 4, 'e_shape_1': 64}, num_warps=8
start 16384-4096-1024 (112/167)
finish dense ws
finish sparse ws
finish compression ws
finish 16384-4096-1024 -> Dense: 160.58060727433454, Precomp WS: 167.53374285437644, 7.6 WS: 137.3299133939227
  Dense   best config: {'BLOCK_SIZE_M': 128, 'BLOCK_SIZE_N': 256, 'BLOCK_SIZE_K': 64, 'num_buffers': 3, 'SUBTILE_FACTOR': 2}, num_warps=8
  Sparse  best config: {'BLOCK_SIZE_M': 128, 'BLOCK_SIZE_N': 256, 'BLOCK_SIZE_K': 64, 'num_buffers': 5, 'SUBTILE_FACTOR': 8}, num_warps=8
  Runtime best config: {'BLOCK_SIZE_M': 64, 'BLOCK_SIZE_N': 256, 'BLOCK_SIZE_K': 64, 'num_buffers': 3, 'SUBTILE_FACTOR': 1, 'num_warps_compress': 4, 'a_comp_layout': NVMMASharedLayout(swizzle_byte_width=64, element_bitwidth=16, rank=2, transposed=False, fp4_padded=False, cga_layout=[]), 'e_layout': NVMMASharedLayout(swizzle_byte_width=0, element_bitwidth=16, rank=2, transposed=False, fp4_padded=False, cga_layout=[]), 'a_comp_shape_0': 64, 'a_comp_shape_1': 32, 'e_shape_0': 4, 'e_shape_1': 64}, num_warps=8
start 768-4096-16384 (113/167)
finish dense ws
finish sparse ws
finish compression ws
finish 768-4096-16384 -> Dense: 126.07521325257325, Precomp WS: 132.0075277985917, 7.6 WS: 6.993174493464667
  Dense   best config: {'BLOCK_SIZE_M': 256, 'BLOCK_SIZE_N': 128, 'BLOCK_SIZE_K': 64, 'num_buffers': 4, 'SUBTILE_FACTOR': 4}, num_warps=16
  Sparse  best config: {'BLOCK_SIZE_M': 128, 'BLOCK_SIZE_N': 256, 'BLOCK_SIZE_K': 64, 'num_buffers': 4, 'SUBTILE_FACTOR': 4}, num_warps=8
  Runtime best config: {'BLOCK_SIZE_M': 64, 'BLOCK_SIZE_N': 256, 'BLOCK_SIZE_K': 64, 'num_buffers': 3, 'SUBTILE_FACTOR': 1, 'num_warps_compress': 4, 'a_comp_layout': NVMMASharedLayout(swizzle_byte_width=64, element_bitwidth=16, rank=2, transposed=False, fp4_padded=False, cga_layout=[]), 'e_layout': NVMMASharedLayout(swizzle_byte_width=0, element_bitwidth=16, rank=2, transposed=False, fp4_padded=False, cga_layout=[]), 'a_comp_shape_0': 64, 'a_comp_shape_1': 32, 'e_shape_0': 4, 'e_shape_1': 64}, num_warps=8
start 1024-4096-12288 (114/167)
finish dense ws
finish sparse ws
finish compression ws
finish 1024-4096-12288 -> Dense: 132.007851793284, Precomp WS: 135.7556579923437, 7.6 WS: 110.57600165749955
  Dense   best config: {'BLOCK_SIZE_M': 128, 'BLOCK_SIZE_N': 256, 'BLOCK_SIZE_K': 64, 'num_buffers': 3, 'SUBTILE_FACTOR': 4}, num_warps=8
  Sparse  best config: {'BLOCK_SIZE_M': 256, 'BLOCK_SIZE_N': 128, 'BLOCK_SIZE_K': 64, 'num_buffers': 4, 'SUBTILE_FACTOR': 2}, num_warps=16
  Runtime best config: {'BLOCK_SIZE_M': 64, 'BLOCK_SIZE_N': 256, 'BLOCK_SIZE_K': 64, 'num_buffers': 3, 'SUBTILE_FACTOR': 1, 'num_warps_compress': 4, 'a_comp_layout': NVMMASharedLayout(swizzle_byte_width=64, element_bitwidth=16, rank=2, transposed=False, fp4_padded=False, cga_layout=[]), 'e_layout': NVMMASharedLayout(swizzle_byte_width=0, element_bitwidth=16, rank=2, transposed=False, fp4_padded=False, cga_layout=[]), 'a_comp_shape_0': 64, 'a_comp_shape_1': 32, 'e_shape_0': 4, 'e_shape_1': 64}, num_warps=8
start 1536-4096-8192 (115/167)
finish dense ws
finish sparse ws
finish compression ws
finish 1536-4096-8192 -> Dense: 130.3114356609395, Precomp WS: 134.7618850306441, 7.6 WS: 111.4232243604373
  Dense   best config: {'BLOCK_SIZE_M': 128, 'BLOCK_SIZE_N': 128, 'BLOCK_SIZE_K': 64, 'num_buffers': 6, 'SUBTILE_FACTOR': 4}, num_warps=4
  Sparse  best config: {'BLOCK_SIZE_M': 128, 'BLOCK_SIZE_N': 128, 'BLOCK_SIZE_K': 128, 'num_buffers': 4, 'SUBTILE_FACTOR': 4}, num_warps=8
  Runtime best config: {'BLOCK_SIZE_M': 64, 'BLOCK_SIZE_N': 256, 'BLOCK_SIZE_K': 64, 'num_buffers': 3, 'SUBTILE_FACTOR': 1, 'num_warps_compress': 4, 'a_comp_layout': NVMMASharedLayout(swizzle_byte_width=64, element_bitwidth=16, rank=2, transposed=False, fp4_padded=False, cga_layout=[]), 'e_layout': NVMMASharedLayout(swizzle_byte_width=0, element_bitwidth=16, rank=2, transposed=False, fp4_padded=False, cga_layout=[]), 'a_comp_shape_0': 64, 'a_comp_shape_1': 32, 'e_shape_0': 4, 'e_shape_1': 64}, num_warps=8
start 2048-4096-6144 (116/167)
finish dense ws
finish sparse ws
finish compression ws
finish 2048-4096-6144 -> Dense: 132.01676113723175, Precomp WS: 136.65242873192622, 7.6 WS: 111.314724174602
  Dense   best config: {'BLOCK_SIZE_M': 256, 'BLOCK_SIZE_N': 128, 'BLOCK_SIZE_K': 64, 'num_buffers': 4, 'SUBTILE_FACTOR': 8}, num_warps=16
  Sparse  best config: {'BLOCK_SIZE_M': 128, 'BLOCK_SIZE_N': 256, 'BLOCK_SIZE_K': 64, 'num_buffers': 4, 'SUBTILE_FACTOR': 8}, num_warps=8
  Runtime best config: {'BLOCK_SIZE_M': 64, 'BLOCK_SIZE_N': 256, 'BLOCK_SIZE_K': 64, 'num_buffers': 3, 'SUBTILE_FACTOR': 1, 'num_warps_compress': 4, 'a_comp_layout': NVMMASharedLayout(swizzle_byte_width=64, element_bitwidth=16, rank=2, transposed=False, fp4_padded=False, cga_layout=[]), 'e_layout': NVMMASharedLayout(swizzle_byte_width=0, element_bitwidth=16, rank=2, transposed=False, fp4_padded=False, cga_layout=[]), 'a_comp_shape_0': 64, 'a_comp_shape_1': 32, 'e_shape_0': 4, 'e_shape_1': 64}, num_warps=8
start 3072-4096-4096 (117/167)
finish dense ws
finish sparse ws
finish compression ws
finish 3072-4096-4096 -> Dense: 130.54761566689461, Precomp WS: 136.06160139468318, 7.6 WS: 110.7648842145592
  Dense   best config: {'BLOCK_SIZE_M': 128, 'BLOCK_SIZE_N': 256, 'BLOCK_SIZE_K': 64, 'num_buffers': 3, 'SUBTILE_FACTOR': 2}, num_warps=8
  Sparse  best config: {'BLOCK_SIZE_M': 128, 'BLOCK_SIZE_N': 256, 'BLOCK_SIZE_K': 64, 'num_buffers': 4, 'SUBTILE_FACTOR': 4}, num_warps=8
  Runtime best config: {'BLOCK_SIZE_M': 64, 'BLOCK_SIZE_N': 256, 'BLOCK_SIZE_K': 64, 'num_buffers': 3, 'SUBTILE_FACTOR': 1, 'num_warps_compress': 4, 'a_comp_layout': NVMMASharedLayout(swizzle_byte_width=64, element_bitwidth=16, rank=2, transposed=False, fp4_padded=False, cga_layout=[]), 'e_layout': NVMMASharedLayout(swizzle_byte_width=0, element_bitwidth=16, rank=2, transposed=False, fp4_padded=False, cga_layout=[]), 'a_comp_shape_0': 64, 'a_comp_shape_1': 32, 'e_shape_0': 4, 'e_shape_1': 64}, num_warps=8
start 4096-4096-3072 (118/167)
finish dense ws
finish sparse ws
finish compression ws
finish 4096-4096-3072 -> Dense: 130.6660319983466, Precomp WS: 136.32730997452384, 7.6 WS: 111.55970785129843
  Dense   best config: {'BLOCK_SIZE_M': 256, 'BLOCK_SIZE_N': 128, 'BLOCK_SIZE_K': 64, 'num_buffers': 4, 'SUBTILE_FACTOR': 4}, num_warps=16
  Sparse  best config: {'BLOCK_SIZE_M': 256, 'BLOCK_SIZE_N': 128, 'BLOCK_SIZE_K': 64, 'num_buffers': 4, 'SUBTILE_FACTOR': 2}, num_warps=8
  Runtime best config: {'BLOCK_SIZE_M': 64, 'BLOCK_SIZE_N': 256, 'BLOCK_SIZE_K': 64, 'num_buffers': 3, 'SUBTILE_FACTOR': 1, 'num_warps_compress': 4, 'a_comp_layout': NVMMASharedLayout(swizzle_byte_width=64, element_bitwidth=16, rank=2, transposed=False, fp4_padded=False, cga_layout=[]), 'e_layout': NVMMASharedLayout(swizzle_byte_width=0, element_bitwidth=16, rank=2, transposed=False, fp4_padded=False, cga_layout=[]), 'a_comp_shape_0': 64, 'a_comp_shape_1': 32, 'e_shape_0': 4, 'e_shape_1': 64}, num_warps=8
start 6144-4096-2048 (119/167)
finish dense ws
finish sparse ws
finish compression ws
finish 6144-4096-2048 -> Dense: 130.18959269597863, Precomp WS: 134.80391514333087, 7.6 WS: 112.84218645292289
  Dense   best config: {'BLOCK_SIZE_M': 128, 'BLOCK_SIZE_N': 256, 'BLOCK_SIZE_K': 64, 'num_buffers': 4, 'SUBTILE_FACTOR': 4}, num_warps=8
  Sparse  best config: {'BLOCK_SIZE_M': 128, 'BLOCK_SIZE_N': 256, 'BLOCK_SIZE_K': 64, 'num_buffers': 4, 'SUBTILE_FACTOR': 4}, num_warps=8
  Runtime best config: {'BLOCK_SIZE_M': 64, 'BLOCK_SIZE_N': 256, 'BLOCK_SIZE_K': 64, 'num_buffers': 3, 'SUBTILE_FACTOR': 1, 'num_warps_compress': 4, 'a_comp_layout': NVMMASharedLayout(swizzle_byte_width=64, element_bitwidth=16, rank=2, transposed=False, fp4_padded=False, cga_layout=[]), 'e_layout': NVMMASharedLayout(swizzle_byte_width=0, element_bitwidth=16, rank=2, transposed=False, fp4_padded=False, cga_layout=[]), 'a_comp_shape_0': 64, 'a_comp_shape_1': 32, 'e_shape_0': 4, 'e_shape_1': 64}, num_warps=8
start 8192-4096-1536 (120/167)
finish dense ws
finish sparse ws
finish compression ws
finish 8192-4096-1536 -> Dense: 128.93739138138451, Precomp WS: 135.26150636513813, 7.6 WS: 111.49343983029293
  Dense   best config: {'BLOCK_SIZE_M': 128, 'BLOCK_SIZE_N': 256, 'BLOCK_SIZE_K': 64, 'num_buffers': 3, 'SUBTILE_FACTOR': 2}, num_warps=8
  Sparse  best config: {'BLOCK_SIZE_M': 128, 'BLOCK_SIZE_N': 256, 'BLOCK_SIZE_K': 64, 'num_buffers': 4, 'SUBTILE_FACTOR': 4}, num_warps=8
  Runtime best config: {'BLOCK_SIZE_M': 64, 'BLOCK_SIZE_N': 256, 'BLOCK_SIZE_K': 64, 'num_buffers': 3, 'SUBTILE_FACTOR': 1, 'num_warps_compress': 4, 'a_comp_layout': NVMMASharedLayout(swizzle_byte_width=64, element_bitwidth=16, rank=2, transposed=False, fp4_padded=False, cga_layout=[]), 'e_layout': NVMMASharedLayout(swizzle_byte_width=0, element_bitwidth=16, rank=2, transposed=False, fp4_padded=False, cga_layout=[]), 'a_comp_shape_0': 64, 'a_comp_shape_1': 32, 'e_shape_0': 4, 'e_shape_1': 64}, num_warps=8
start 12288-4096-1024 (121/167)
finish dense ws
finish sparse ws
finish compression ws
finish 12288-4096-1024 -> Dense: 130.12878848305286, Precomp WS: 134.62344575518486, 7.6 WS: 111.70035296621653
  Dense   best config: {'BLOCK_SIZE_M': 128, 'BLOCK_SIZE_N': 256, 'BLOCK_SIZE_K': 64, 'num_buffers': 3, 'SUBTILE_FACTOR': 2}, num_warps=8
  Sparse  best config: {'BLOCK_SIZE_M': 128, 'BLOCK_SIZE_N': 256, 'BLOCK_SIZE_K': 64, 'num_buffers': 4, 'SUBTILE_FACTOR': 4}, num_warps=8
  Runtime best config: {'BLOCK_SIZE_M': 64, 'BLOCK_SIZE_N': 256, 'BLOCK_SIZE_K': 64, 'num_buffers': 3, 'SUBTILE_FACTOR': 1, 'num_warps_compress': 4, 'a_comp_layout': NVMMASharedLayout(swizzle_byte_width=64, element_bitwidth=16, rank=2, transposed=False, fp4_padded=False, cga_layout=[]), 'e_layout': NVMMASharedLayout(swizzle_byte_width=0, element_bitwidth=16, rank=2, transposed=False, fp4_padded=False, cga_layout=[]), 'a_comp_shape_0': 64, 'a_comp_shape_1': 32, 'e_shape_0': 4, 'e_shape_1': 64}, num_warps=8
start 16384-4096-768 (122/167)
finish dense ws
finish sparse ws
finish compression ws
finish 16384-4096-768 -> Dense: 126.02243458667621, Precomp WS: 132.3530341306208, 7.6 WS: 111.7854488269399
  Dense   best config: {'BLOCK_SIZE_M': 128, 'BLOCK_SIZE_N': 256, 'BLOCK_SIZE_K': 64, 'num_buffers': 3, 'SUBTILE_FACTOR': 2}, num_warps=8
  Sparse  best config: {'BLOCK_SIZE_M': 128, 'BLOCK_SIZE_N': 256, 'BLOCK_SIZE_K': 64, 'num_buffers': 4, 'SUBTILE_FACTOR': 4}, num_warps=8
  Runtime best config: {'BLOCK_SIZE_M': 64, 'BLOCK_SIZE_N': 256, 'BLOCK_SIZE_K': 64, 'num_buffers': 3, 'SUBTILE_FACTOR': 1, 'num_warps_compress': 4, 'a_comp_layout': NVMMASharedLayout(swizzle_byte_width=64, element_bitwidth=16, rank=2, transposed=False, fp4_padded=False, cga_layout=[]), 'e_layout': NVMMASharedLayout(swizzle_byte_width=0, element_bitwidth=16, rank=2, transposed=False, fp4_padded=False, cga_layout=[]), 'a_comp_shape_0': 64, 'a_comp_shape_1': 32, 'e_shape_0': 4, 'e_shape_1': 64}, num_warps=8
start 768-4096-12288 (123/167)
finish dense ws
finish sparse ws
finish compression ws
finish 768-4096-12288 -> Dense: 99.8815249712922, Precomp WS: 102.5323056384142, 7.6 WS: 83.76188517244105
  Dense   best config: {'BLOCK_SIZE_M': 256, 'BLOCK_SIZE_N': 128, 'BLOCK_SIZE_K': 64, 'num_buffers': 4, 'SUBTILE_FACTOR': 4}, num_warps=16
  Sparse  best config: {'BLOCK_SIZE_M': 128, 'BLOCK_SIZE_N': 256, 'BLOCK_SIZE_K': 64, 'num_buffers': 4, 'SUBTILE_FACTOR': 4}, num_warps=8
  Runtime best config: {'BLOCK_SIZE_M': 64, 'BLOCK_SIZE_N': 256, 'BLOCK_SIZE_K': 64, 'num_buffers': 3, 'SUBTILE_FACTOR': 1, 'num_warps_compress': 4, 'a_comp_layout': NVMMASharedLayout(swizzle_byte_width=64, element_bitwidth=16, rank=2, transposed=False, fp4_padded=False, cga_layout=[]), 'e_layout': NVMMASharedLayout(swizzle_byte_width=0, element_bitwidth=16, rank=2, transposed=False, fp4_padded=False, cga_layout=[]), 'a_comp_shape_0': 64, 'a_comp_shape_1': 32, 'e_shape_0': 4, 'e_shape_1': 64}, num_warps=8
start 1536-4096-6144 (124/167)
finish dense ws
finish sparse ws
finish compression ws
finish 1536-4096-6144 -> Dense: 102.52584871371997, Precomp WS: 103.85709868053702, 7.6 WS: 89.49400582017881
  Dense   best config: {'BLOCK_SIZE_M': 128, 'BLOCK_SIZE_N': 128, 'BLOCK_SIZE_K': 64, 'num_buffers': 5, 'SUBTILE_FACTOR': 4}, num_warps=8
  Sparse  best config: {'BLOCK_SIZE_M': 128, 'BLOCK_SIZE_N': 128, 'BLOCK_SIZE_K': 128, 'num_buffers': 4, 'SUBTILE_FACTOR': 4}, num_warps=4
  Runtime best config: {'BLOCK_SIZE_M': 64, 'BLOCK_SIZE_N': 256, 'BLOCK_SIZE_K': 64, 'num_buffers': 3, 'SUBTILE_FACTOR': 1, 'num_warps_compress': 4, 'a_comp_layout': NVMMASharedLayout(swizzle_byte_width=64, element_bitwidth=16, rank=2, transposed=False, fp4_padded=False, cga_layout=[]), 'e_layout': NVMMASharedLayout(swizzle_byte_width=0, element_bitwidth=16, rank=2, transposed=False, fp4_padded=False, cga_layout=[]), 'a_comp_shape_0': 64, 'a_comp_shape_1': 32, 'e_shape_0': 4, 'e_shape_1': 64}, num_warps=8
start 3072-4096-3072 (125/167)
finish dense ws
finish sparse ws
finish compression ws
finish 3072-4096-3072 -> Dense: 101.45617910341021, Precomp WS: 104.55592033591094, 7.6 WS: 90.06635195448054
  Dense   best config: {'BLOCK_SIZE_M': 128, 'BLOCK_SIZE_N': 256, 'BLOCK_SIZE_K': 64, 'num_buffers': 3, 'SUBTILE_FACTOR': 4}, num_warps=8
  Sparse  best config: {'BLOCK_SIZE_M': 256, 'BLOCK_SIZE_N': 128, 'BLOCK_SIZE_K': 64, 'num_buffers': 5, 'SUBTILE_FACTOR': 4}, num_warps=8
  Runtime best config: {'BLOCK_SIZE_M': 64, 'BLOCK_SIZE_N': 256, 'BLOCK_SIZE_K': 64, 'num_buffers': 3, 'SUBTILE_FACTOR': 1, 'num_warps_compress': 4, 'a_comp_layout': NVMMASharedLayout(swizzle_byte_width=64, element_bitwidth=16, rank=2, transposed=False, fp4_padded=False, cga_layout=[]), 'e_layout': NVMMASharedLayout(swizzle_byte_width=0, element_bitwidth=16, rank=2, transposed=False, fp4_padded=False, cga_layout=[]), 'a_comp_shape_0': 64, 'a_comp_shape_1': 32, 'e_shape_0': 4, 'e_shape_1': 64}, num_warps=8
start 6144-4096-1536 (126/167)
finish dense ws
finish sparse ws
finish compression ws
finish 6144-4096-1536 -> Dense: 101.50213029909004, Precomp WS: 104.68952467431227, 7.6 WS: 89.9604212867401
  Dense   best config: {'BLOCK_SIZE_M': 256, 'BLOCK_SIZE_N': 128, 'BLOCK_SIZE_K': 64, 'num_buffers': 4, 'SUBTILE_FACTOR': 4}, num_warps=8
  Sparse  best config: {'BLOCK_SIZE_M': 128, 'BLOCK_SIZE_N': 256, 'BLOCK_SIZE_K': 64, 'num_buffers': 4, 'SUBTILE_FACTOR': 4}, num_warps=8
  Runtime best config: {'BLOCK_SIZE_M': 64, 'BLOCK_SIZE_N': 256, 'BLOCK_SIZE_K': 64, 'num_buffers': 3, 'SUBTILE_FACTOR': 1, 'num_warps_compress': 4, 'a_comp_layout': NVMMASharedLayout(swizzle_byte_width=64, element_bitwidth=16, rank=2, transposed=False, fp4_padded=False, cga_layout=[]), 'e_layout': NVMMASharedLayout(swizzle_byte_width=0, element_bitwidth=16, rank=2, transposed=False, fp4_padded=False, cga_layout=[]), 'a_comp_shape_0': 64, 'a_comp_shape_1': 32, 'e_shape_0': 4, 'e_shape_1': 64}, num_warps=8
start 12288-4096-768 (127/167)
finish dense ws
finish sparse ws
finish compression ws
finish 12288-4096-768 -> Dense: 100.36233285343259, Precomp WS: 103.45867699322065, 7.6 WS: 90.40752699083694
  Dense   best config: {'BLOCK_SIZE_M': 128, 'BLOCK_SIZE_N': 256, 'BLOCK_SIZE_K': 64, 'num_buffers': 3, 'SUBTILE_FACTOR': 2}, num_warps=8
  Sparse  best config: {'BLOCK_SIZE_M': 128, 'BLOCK_SIZE_N': 256, 'BLOCK_SIZE_K': 64, 'num_buffers': 4, 'SUBTILE_FACTOR': 8}, num_warps=8
  Runtime best config: {'BLOCK_SIZE_M': 64, 'BLOCK_SIZE_N': 256, 'BLOCK_SIZE_K': 64, 'num_buffers': 3, 'SUBTILE_FACTOR': 1, 'num_warps_compress': 4, 'a_comp_layout': NVMMASharedLayout(swizzle_byte_width=64, element_bitwidth=16, rank=2, transposed=False, fp4_padded=False, cga_layout=[]), 'e_layout': NVMMASharedLayout(swizzle_byte_width=0, element_bitwidth=16, rank=2, transposed=False, fp4_padded=False, cga_layout=[]), 'a_comp_shape_0': 64, 'a_comp_shape_1': 32, 'e_shape_0': 4, 'e_shape_1': 64}, num_warps=8
start 1024-4096-8192 (128/167)
finish dense ws
finish sparse ws
finish compression ws
finish 1024-4096-8192 -> Dense: 93.29964792434416, Precomp WS: 95.39789689224926, 7.6 WS: 82.23309991393926
  Dense   best config: {'BLOCK_SIZE_M': 128, 'BLOCK_SIZE_N': 256, 'BLOCK_SIZE_K': 64, 'num_buffers': 3, 'SUBTILE_FACTOR': 2}, num_warps=8
  Sparse  best config: {'BLOCK_SIZE_M': 128, 'BLOCK_SIZE_N': 256, 'BLOCK_SIZE_K': 64, 'num_buffers': 4, 'SUBTILE_FACTOR': 4}, num_warps=8
  Runtime best config: {'BLOCK_SIZE_M': 64, 'BLOCK_SIZE_N': 256, 'BLOCK_SIZE_K': 64, 'num_buffers': 3, 'SUBTILE_FACTOR': 1, 'num_warps_compress': 4, 'a_comp_layout': NVMMASharedLayout(swizzle_byte_width=64, element_bitwidth=16, rank=2, transposed=False, fp4_padded=False, cga_layout=[]), 'e_layout': NVMMASharedLayout(swizzle_byte_width=0, element_bitwidth=16, rank=2, transposed=False, fp4_padded=False, cga_layout=[]), 'a_comp_shape_0': 64, 'a_comp_shape_1': 32, 'e_shape_0': 4, 'e_shape_1': 64}, num_warps=8
start 2048-4096-4096 (129/167)
finish dense ws
finish sparse ws
finish compression ws
finish 2048-4096-4096 -> Dense: 93.59441622110008, Precomp WS: 94.96973542626128, 7.6 WS: 81.44282563837045
  Dense   best config: {'BLOCK_SIZE_M': 128, 'BLOCK_SIZE_N': 256, 'BLOCK_SIZE_K': 64, 'num_buffers': 3, 'SUBTILE_FACTOR': 2}, num_warps=8
  Sparse  best config: {'BLOCK_SIZE_M': 128, 'BLOCK_SIZE_N': 256, 'BLOCK_SIZE_K': 64, 'num_buffers': 4, 'SUBTILE_FACTOR': 4}, num_warps=8
  Runtime best config: {'BLOCK_SIZE_M': 64, 'BLOCK_SIZE_N': 256, 'BLOCK_SIZE_K': 64, 'num_buffers': 3, 'SUBTILE_FACTOR': 1, 'num_warps_compress': 4, 'a_comp_layout': NVMMASharedLayout(swizzle_byte_width=64, element_bitwidth=16, rank=2, transposed=False, fp4_padded=False, cga_layout=[]), 'e_layout': NVMMASharedLayout(swizzle_byte_width=0, element_bitwidth=16, rank=2, transposed=False, fp4_padded=False, cga_layout=[]), 'a_comp_shape_0': 64, 'a_comp_shape_1': 32, 'e_shape_0': 4, 'e_shape_1': 64}, num_warps=8
start 4096-4096-2048 (130/167)
finish dense ws
finish sparse ws
finish compression ws
finish 4096-4096-2048 -> Dense: 92.701582671885, Precomp WS: 95.28850721734781, 7.6 WS: 4.0839417586495355
  Dense   best config: {'BLOCK_SIZE_M': 128, 'BLOCK_SIZE_N': 256, 'BLOCK_SIZE_K': 64, 'num_buffers': 3, 'SUBTILE_FACTOR': 4}, num_warps=8
  Sparse  best config: {'BLOCK_SIZE_M': 128, 'BLOCK_SIZE_N': 256, 'BLOCK_SIZE_K': 64, 'num_buffers': 4, 'SUBTILE_FACTOR': 8}, num_warps=8
  Runtime best config: {'BLOCK_SIZE_M': 64, 'BLOCK_SIZE_N': 256, 'BLOCK_SIZE_K': 64, 'num_buffers': 3, 'SUBTILE_FACTOR': 1, 'num_warps_compress': 4, 'a_comp_layout': NVMMASharedLayout(swizzle_byte_width=64, element_bitwidth=16, rank=2, transposed=False, fp4_padded=False, cga_layout=[]), 'e_layout': NVMMASharedLayout(swizzle_byte_width=0, element_bitwidth=16, rank=2, transposed=False, fp4_padded=False, cga_layout=[]), 'a_comp_shape_0': 64, 'a_comp_shape_1': 32, 'e_shape_0': 4, 'e_shape_1': 64}, num_warps=8
start 8192-4096-1024 (131/167)
finish dense ws
finish sparse ws
finish compression ws
finish 8192-4096-1024 -> Dense: 91.61719144057551, Precomp WS: 94.03419455667824, 7.6 WS: 81.852222331408
  Dense   best config: {'BLOCK_SIZE_M': 128, 'BLOCK_SIZE_N': 256, 'BLOCK_SIZE_K': 64, 'num_buffers': 3, 'SUBTILE_FACTOR': 2}, num_warps=8
  Sparse  best config: {'BLOCK_SIZE_M': 128, 'BLOCK_SIZE_N': 256, 'BLOCK_SIZE_K': 64, 'num_buffers': 4, 'SUBTILE_FACTOR': 4}, num_warps=8
  Runtime best config: {'BLOCK_SIZE_M': 64, 'BLOCK_SIZE_N': 256, 'BLOCK_SIZE_K': 64, 'num_buffers': 3, 'SUBTILE_FACTOR': 1, 'num_warps_compress': 4, 'a_comp_layout': NVMMASharedLayout(swizzle_byte_width=64, element_bitwidth=16, rank=2, transposed=False, fp4_padded=False, cga_layout=[]), 'e_layout': NVMMASharedLayout(swizzle_byte_width=0, element_bitwidth=16, rank=2, transposed=False, fp4_padded=False, cga_layout=[]), 'a_comp_shape_0': 64, 'a_comp_shape_1': 32, 'e_shape_0': 4, 'e_shape_1': 64}, num_warps=8
start 768-4096-8192 (132/167)
finish dense ws
finish sparse ws
finish compression ws
finish 768-4096-8192 -> Dense: 70.4832173262303, Precomp WS: 71.95718805414768, 7.6 WS: 61.759595844342165
  Dense   best config: {'BLOCK_SIZE_M': 256, 'BLOCK_SIZE_N': 128, 'BLOCK_SIZE_K': 64, 'num_buffers': 4, 'SUBTILE_FACTOR': 8}, num_warps=8
  Sparse  best config: {'BLOCK_SIZE_M': 128, 'BLOCK_SIZE_N': 256, 'BLOCK_SIZE_K': 64, 'num_buffers': 5, 'SUBTILE_FACTOR': 8}, num_warps=8
  Runtime best config: {'BLOCK_SIZE_M': 64, 'BLOCK_SIZE_N': 256, 'BLOCK_SIZE_K': 64, 'num_buffers': 3, 'SUBTILE_FACTOR': 1, 'num_warps_compress': 4, 'a_comp_layout': NVMMASharedLayout(swizzle_byte_width=64, element_bitwidth=16, rank=2, transposed=False, fp4_padded=False, cga_layout=[]), 'e_layout': NVMMASharedLayout(swizzle_byte_width=0, element_bitwidth=16, rank=2, transposed=False, fp4_padded=False, cga_layout=[]), 'a_comp_shape_0': 64, 'a_comp_shape_1': 32, 'e_shape_0': 4, 'e_shape_1': 64}, num_warps=8
start 1024-4096-6144 (133/167)
finish dense ws
finish sparse ws
finish compression ws
finish 1024-4096-6144 -> Dense: 72.73443018511972, Precomp WS: 72.85422955174423, 7.6 WS: 64.76706842233067
  Dense   best config: {'BLOCK_SIZE_M': 128, 'BLOCK_SIZE_N': 256, 'BLOCK_SIZE_K': 64, 'num_buffers': 4, 'SUBTILE_FACTOR': 4}, num_warps=8
  Sparse  best config: {'BLOCK_SIZE_M': 128, 'BLOCK_SIZE_N': 256, 'BLOCK_SIZE_K': 64, 'num_buffers': 4, 'SUBTILE_FACTOR': 4}, num_warps=8
  Runtime best config: {'BLOCK_SIZE_M': 64, 'BLOCK_SIZE_N': 256, 'BLOCK_SIZE_K': 64, 'num_buffers': 3, 'SUBTILE_FACTOR': 1, 'num_warps_compress': 4, 'a_comp_layout': NVMMASharedLayout(swizzle_byte_width=64, element_bitwidth=16, rank=2, transposed=False, fp4_padded=False, cga_layout=[]), 'e_layout': NVMMASharedLayout(swizzle_byte_width=0, element_bitwidth=16, rank=2, transposed=False, fp4_padded=False, cga_layout=[]), 'a_comp_shape_0': 64, 'a_comp_shape_1': 32, 'e_shape_0': 4, 'e_shape_1': 64}, num_warps=8
start 1536-4096-4096 (134/167)
finish dense ws
finish sparse ws
finish compression ws
finish 1536-4096-4096 -> Dense: 72.18856403993645, Precomp WS: 72.74820888142575, 7.6 WS: 64.45091919017126
  Dense   best config: {'BLOCK_SIZE_M': 128, 'BLOCK_SIZE_N': 128, 'BLOCK_SIZE_K': 64, 'num_buffers': 5, 'SUBTILE_FACTOR': 2}, num_warps=8
  Sparse  best config: {'BLOCK_SIZE_M': 128, 'BLOCK_SIZE_N': 128, 'BLOCK_SIZE_K': 64, 'num_buffers': 6, 'SUBTILE_FACTOR': 2}, num_warps=8
  Runtime best config: {'BLOCK_SIZE_M': 64, 'BLOCK_SIZE_N': 256, 'BLOCK_SIZE_K': 64, 'num_buffers': 3, 'SUBTILE_FACTOR': 1, 'num_warps_compress': 4, 'a_comp_layout': NVMMASharedLayout(swizzle_byte_width=64, element_bitwidth=16, rank=2, transposed=False, fp4_padded=False, cga_layout=[]), 'e_layout': NVMMASharedLayout(swizzle_byte_width=0, element_bitwidth=16, rank=2, transposed=False, fp4_padded=False, cga_layout=[]), 'a_comp_shape_0': 64, 'a_comp_shape_1': 32, 'e_shape_0': 4, 'e_shape_1': 64}, num_warps=8
start 2048-4096-3072 (135/167)
finish dense ws
finish sparse ws
finish compression ws
finish 2048-4096-3072 -> Dense: 72.64866090409659, Precomp WS: 72.62708409734978, 7.6 WS: 64.7006823426965
  Dense   best config: {'BLOCK_SIZE_M': 256, 'BLOCK_SIZE_N': 128, 'BLOCK_SIZE_K': 64, 'num_buffers': 4, 'SUBTILE_FACTOR': 4}, num_warps=8
  Sparse  best config: {'BLOCK_SIZE_M': 128, 'BLOCK_SIZE_N': 256, 'BLOCK_SIZE_K': 64, 'num_buffers': 4, 'SUBTILE_FACTOR': 4}, num_warps=8
  Runtime best config: {'BLOCK_SIZE_M': 64, 'BLOCK_SIZE_N': 256, 'BLOCK_SIZE_K': 64, 'num_buffers': 3, 'SUBTILE_FACTOR': 1, 'num_warps_compress': 4, 'a_comp_layout': NVMMASharedLayout(swizzle_byte_width=64, element_bitwidth=16, rank=2, transposed=False, fp4_padded=False, cga_layout=[]), 'e_layout': NVMMASharedLayout(swizzle_byte_width=0, element_bitwidth=16, rank=2, transposed=False, fp4_padded=False, cga_layout=[]), 'a_comp_shape_0': 64, 'a_comp_shape_1': 32, 'e_shape_0': 4, 'e_shape_1': 64}, num_warps=8
start 3072-4096-2048 (136/167)
finish dense ws
finish sparse ws
finish compression ws
finish 3072-4096-2048 -> Dense: 72.18404548184022, Precomp WS: 73.01856822889476, 7.6 WS: 64.65597785184792
  Dense   best config: {'BLOCK_SIZE_M': 256, 'BLOCK_SIZE_N': 128, 'BLOCK_SIZE_K': 64, 'num_buffers': 4, 'SUBTILE_FACTOR': 4}, num_warps=8
  Sparse  best config: {'BLOCK_SIZE_M': 128, 'BLOCK_SIZE_N': 256, 'BLOCK_SIZE_K': 64, 'num_buffers': 4, 'SUBTILE_FACTOR': 4}, num_warps=8
  Runtime best config: {'BLOCK_SIZE_M': 64, 'BLOCK_SIZE_N': 256, 'BLOCK_SIZE_K': 64, 'num_buffers': 3, 'SUBTILE_FACTOR': 1, 'num_warps_compress': 4, 'a_comp_layout': NVMMASharedLayout(swizzle_byte_width=64, element_bitwidth=16, rank=2, transposed=False, fp4_padded=False, cga_layout=[]), 'e_layout': NVMMASharedLayout(swizzle_byte_width=0, element_bitwidth=16, rank=2, transposed=False, fp4_padded=False, cga_layout=[]), 'a_comp_shape_0': 64, 'a_comp_shape_1': 32, 'e_shape_0': 4, 'e_shape_1': 64}, num_warps=8
start 4096-4096-1536 (137/167)
finish dense ws
finish sparse ws
finish compression ws
finish 4096-4096-1536 -> Dense: 71.83573943888, Precomp WS: 72.71327781513449, 7.6 WS: 65.00247080835996
  Dense   best config: {'BLOCK_SIZE_M': 128, 'BLOCK_SIZE_N': 128, 'BLOCK_SIZE_K': 64, 'num_buffers': 5, 'SUBTILE_FACTOR': 2}, num_warps=4
  Sparse  best config: {'BLOCK_SIZE_M': 128, 'BLOCK_SIZE_N': 256, 'BLOCK_SIZE_K': 64, 'num_buffers': 5, 'SUBTILE_FACTOR': 8}, num_warps=8
  Runtime best config: {'BLOCK_SIZE_M': 64, 'BLOCK_SIZE_N': 256, 'BLOCK_SIZE_K': 64, 'num_buffers': 3, 'SUBTILE_FACTOR': 1, 'num_warps_compress': 4, 'a_comp_layout': NVMMASharedLayout(swizzle_byte_width=64, element_bitwidth=16, rank=2, transposed=False, fp4_padded=False, cga_layout=[]), 'e_layout': NVMMASharedLayout(swizzle_byte_width=0, element_bitwidth=16, rank=2, transposed=False, fp4_padded=False, cga_layout=[]), 'a_comp_shape_0': 64, 'a_comp_shape_1': 32, 'e_shape_0': 4, 'e_shape_1': 64}, num_warps=8
start 6144-4096-1024 (138/167)
finish dense ws
finish sparse ws
finish compression ws
finish 6144-4096-1024 -> Dense: 71.68151575810164, Precomp WS: 71.86431416292966, 7.6 WS: 64.54775447172479
  Dense   best config: {'BLOCK_SIZE_M': 128, 'BLOCK_SIZE_N': 128, 'BLOCK_SIZE_K': 64, 'num_buffers': 6, 'SUBTILE_FACTOR': 2}, num_warps=4
  Sparse  best config: {'BLOCK_SIZE_M': 256, 'BLOCK_SIZE_N': 128, 'BLOCK_SIZE_K': 64, 'num_buffers': 4, 'SUBTILE_FACTOR': 2}, num_warps=8
  Runtime best config: {'BLOCK_SIZE_M': 64, 'BLOCK_SIZE_N': 256, 'BLOCK_SIZE_K': 64, 'num_buffers': 3, 'SUBTILE_FACTOR': 1, 'num_warps_compress': 4, 'a_comp_layout': NVMMASharedLayout(swizzle_byte_width=64, element_bitwidth=16, rank=2, transposed=False, fp4_padded=False, cga_layout=[]), 'e_layout': NVMMASharedLayout(swizzle_byte_width=0, element_bitwidth=16, rank=2, transposed=False, fp4_padded=False, cga_layout=[]), 'a_comp_shape_0': 64, 'a_comp_shape_1': 32, 'e_shape_0': 4, 'e_shape_1': 64}, num_warps=8
start 8192-4096-768 (139/167)
finish dense ws
finish sparse ws
finish compression ws
finish 8192-4096-768 -> Dense: 71.13769450628277, Precomp WS: 71.38194739571718, 7.6 WS: 64.6512357315493
  Dense   best config: {'BLOCK_SIZE_M': 128, 'BLOCK_SIZE_N': 256, 'BLOCK_SIZE_K': 64, 'num_buffers': 3, 'SUBTILE_FACTOR': 2}, num_warps=8
  Sparse  best config: {'BLOCK_SIZE_M': 128, 'BLOCK_SIZE_N': 256, 'BLOCK_SIZE_K': 64, 'num_buffers': 4, 'SUBTILE_FACTOR': 4}, num_warps=8
  Runtime best config: {'BLOCK_SIZE_M': 64, 'BLOCK_SIZE_N': 256, 'BLOCK_SIZE_K': 64, 'num_buffers': 3, 'SUBTILE_FACTOR': 1, 'num_warps_compress': 4, 'a_comp_layout': NVMMASharedLayout(swizzle_byte_width=64, element_bitwidth=16, rank=2, transposed=False, fp4_padded=False, cga_layout=[]), 'e_layout': NVMMASharedLayout(swizzle_byte_width=0, element_bitwidth=16, rank=2, transposed=False, fp4_padded=False, cga_layout=[]), 'a_comp_shape_0': 64, 'a_comp_shape_1': 32, 'e_shape_0': 4, 'e_shape_1': 64}, num_warps=8
start 768-4096-6144 (140/167)
finish dense ws
finish sparse ws
finish compression ws
finish 768-4096-6144 -> Dense: 53.8055100832818, Precomp WS: 54.89785775693463, 7.6 WS: 48.33499503661506
  Dense   best config: {'BLOCK_SIZE_M': 64, 'BLOCK_SIZE_N': 128, 'BLOCK_SIZE_K': 64, 'num_buffers': 7, 'SUBTILE_FACTOR': 1}, num_warps=4
  Sparse  best config: {'BLOCK_SIZE_M': 256, 'BLOCK_SIZE_N': 128, 'BLOCK_SIZE_K': 64, 'num_buffers': 5, 'SUBTILE_FACTOR': 8}, num_warps=8
  Runtime best config: {'BLOCK_SIZE_M': 64, 'BLOCK_SIZE_N': 256, 'BLOCK_SIZE_K': 64, 'num_buffers': 3, 'SUBTILE_FACTOR': 1, 'num_warps_compress': 4, 'a_comp_layout': NVMMASharedLayout(swizzle_byte_width=64, element_bitwidth=16, rank=2, transposed=False, fp4_padded=False, cga_layout=[]), 'e_layout': NVMMASharedLayout(swizzle_byte_width=0, element_bitwidth=16, rank=2, transposed=False, fp4_padded=False, cga_layout=[]), 'a_comp_shape_0': 64, 'a_comp_shape_1': 32, 'e_shape_0': 4, 'e_shape_1': 64}, num_warps=8
start 1536-4096-3072 (141/167)
finish dense ws
finish sparse ws
finish compression ws
finish 1536-4096-3072 -> Dense: 55.39298651359578, Precomp WS: 55.48093817330277, 7.6 WS: 50.53984038276709
  Dense   best config: {'BLOCK_SIZE_M': 128, 'BLOCK_SIZE_N': 128, 'BLOCK_SIZE_K': 64, 'num_buffers': 6, 'SUBTILE_FACTOR': 2}, num_warps=8
  Sparse  best config: {'BLOCK_SIZE_M': 128, 'BLOCK_SIZE_N': 128, 'BLOCK_SIZE_K': 128, 'num_buffers': 4, 'SUBTILE_FACTOR': 4}, num_warps=8
  Runtime best config: {'BLOCK_SIZE_M': 64, 'BLOCK_SIZE_N': 256, 'BLOCK_SIZE_K': 64, 'num_buffers': 3, 'SUBTILE_FACTOR': 1, 'num_warps_compress': 4, 'a_comp_layout': NVMMASharedLayout(swizzle_byte_width=64, element_bitwidth=16, rank=2, transposed=False, fp4_padded=False, cga_layout=[]), 'e_layout': NVMMASharedLayout(swizzle_byte_width=0, element_bitwidth=16, rank=2, transposed=False, fp4_padded=False, cga_layout=[]), 'a_comp_shape_0': 64, 'a_comp_shape_1': 32, 'e_shape_0': 4, 'e_shape_1': 64}, num_warps=8
start 3072-4096-1536 (142/167)
finish dense ws
finish sparse ws
finish compression ws
finish 3072-4096-1536 -> Dense: 55.31243080636583, Precomp WS: 55.36485565963369, 7.6 WS: 50.91432188137247
  Dense   best config: {'BLOCK_SIZE_M': 64, 'BLOCK_SIZE_N': 256, 'BLOCK_SIZE_K': 64, 'num_buffers': 5, 'SUBTILE_FACTOR': 4}, num_warps=4
  Sparse  best config: {'BLOCK_SIZE_M': 256, 'BLOCK_SIZE_N': 128, 'BLOCK_SIZE_K': 64, 'num_buffers': 4, 'SUBTILE_FACTOR': 2}, num_warps=16
  Runtime best config: {'BLOCK_SIZE_M': 64, 'BLOCK_SIZE_N': 256, 'BLOCK_SIZE_K': 64, 'num_buffers': 3, 'SUBTILE_FACTOR': 1, 'num_warps_compress': 4, 'a_comp_layout': NVMMASharedLayout(swizzle_byte_width=64, element_bitwidth=16, rank=2, transposed=False, fp4_padded=False, cga_layout=[]), 'e_layout': NVMMASharedLayout(swizzle_byte_width=0, element_bitwidth=16, rank=2, transposed=False, fp4_padded=False, cga_layout=[]), 'a_comp_shape_0': 64, 'a_comp_shape_1': 32, 'e_shape_0': 4, 'e_shape_1': 64}, num_warps=8
start 6144-4096-768 (143/167)
finish dense ws
finish sparse ws
finish compression ws
finish 6144-4096-768 -> Dense: 55.535840508296, Precomp WS: 55.18535805823617, 7.6 WS: 50.98740235469635
  Dense   best config: {'BLOCK_SIZE_M': 256, 'BLOCK_SIZE_N': 128, 'BLOCK_SIZE_K': 64, 'num_buffers': 4, 'SUBTILE_FACTOR': 4}, num_warps=8
  Sparse  best config: {'BLOCK_SIZE_M': 128, 'BLOCK_SIZE_N': 256, 'BLOCK_SIZE_K': 64, 'num_buffers': 4, 'SUBTILE_FACTOR': 4}, num_warps=8
  Runtime best config: {'BLOCK_SIZE_M': 64, 'BLOCK_SIZE_N': 256, 'BLOCK_SIZE_K': 64, 'num_buffers': 3, 'SUBTILE_FACTOR': 1, 'num_warps_compress': 4, 'a_comp_layout': NVMMASharedLayout(swizzle_byte_width=64, element_bitwidth=16, rank=2, transposed=False, fp4_padded=False, cga_layout=[]), 'e_layout': NVMMASharedLayout(swizzle_byte_width=0, element_bitwidth=16, rank=2, transposed=False, fp4_padded=False, cga_layout=[]), 'a_comp_shape_0': 64, 'a_comp_shape_1': 32, 'e_shape_0': 4, 'e_shape_1': 64}, num_warps=8
start 1024-4096-4096 (144/167)
finish dense ws
finish sparse ws
finish compression ws
finish 1024-4096-4096 -> Dense: 50.41767053869454, Precomp WS: 49.56653785761659, 7.6 WS: 45.64382327613245
  Dense   best config: {'BLOCK_SIZE_M': 128, 'BLOCK_SIZE_N': 256, 'BLOCK_SIZE_K': 64, 'num_buffers': 4, 'SUBTILE_FACTOR': 8}, num_warps=8
  Sparse  best config: {'BLOCK_SIZE_M': 128, 'BLOCK_SIZE_N': 256, 'BLOCK_SIZE_K': 64, 'num_buffers': 4, 'SUBTILE_FACTOR': 4}, num_warps=8
  Runtime best config: {'BLOCK_SIZE_M': 64, 'BLOCK_SIZE_N': 256, 'BLOCK_SIZE_K': 64, 'num_buffers': 3, 'SUBTILE_FACTOR': 1, 'num_warps_compress': 4, 'a_comp_layout': NVMMASharedLayout(swizzle_byte_width=64, element_bitwidth=16, rank=2, transposed=False, fp4_padded=False, cga_layout=[]), 'e_layout': NVMMASharedLayout(swizzle_byte_width=0, element_bitwidth=16, rank=2, transposed=False, fp4_padded=False, cga_layout=[]), 'a_comp_shape_0': 64, 'a_comp_shape_1': 32, 'e_shape_0': 4, 'e_shape_1': 64}, num_warps=8
start 2048-4096-2048 (145/167)
finish dense ws
finish sparse ws
finish compression ws
finish 2048-4096-2048 -> Dense: 50.4145221008632, Precomp WS: 49.686864360111834, 7.6 WS: 45.8191189228789
  Dense   best config: {'BLOCK_SIZE_M': 128, 'BLOCK_SIZE_N': 256, 'BLOCK_SIZE_K': 64, 'num_buffers': 3, 'SUBTILE_FACTOR': 4}, num_warps=8
  Sparse  best config: {'BLOCK_SIZE_M': 128, 'BLOCK_SIZE_N': 256, 'BLOCK_SIZE_K': 64, 'num_buffers': 4, 'SUBTILE_FACTOR': 4}, num_warps=8
  Runtime best config: {'BLOCK_SIZE_M': 64, 'BLOCK_SIZE_N': 256, 'BLOCK_SIZE_K': 64, 'num_buffers': 3, 'SUBTILE_FACTOR': 1, 'num_warps_compress': 4, 'a_comp_layout': NVMMASharedLayout(swizzle_byte_width=64, element_bitwidth=16, rank=2, transposed=False, fp4_padded=False, cga_layout=[]), 'e_layout': NVMMASharedLayout(swizzle_byte_width=0, element_bitwidth=16, rank=2, transposed=False, fp4_padded=False, cga_layout=[]), 'a_comp_shape_0': 64, 'a_comp_shape_1': 32, 'e_shape_0': 4, 'e_shape_1': 64}, num_warps=8
start 4096-4096-1024 (146/167)
finish dense ws
finish sparse ws
finish compression ws
finish 4096-4096-1024 -> Dense: 50.016480987465165, Precomp WS: 49.42021070932719, 7.6 WS: 46.075223855497704
  Dense   best config: {'BLOCK_SIZE_M': 128, 'BLOCK_SIZE_N': 128, 'BLOCK_SIZE_K': 64, 'num_buffers': 6, 'SUBTILE_FACTOR': 2}, num_warps=8
  Sparse  best config: {'BLOCK_SIZE_M': 128, 'BLOCK_SIZE_N': 256, 'BLOCK_SIZE_K': 64, 'num_buffers': 5, 'SUBTILE_FACTOR': 8}, num_warps=8
  Runtime best config: {'BLOCK_SIZE_M': 64, 'BLOCK_SIZE_N': 256, 'BLOCK_SIZE_K': 64, 'num_buffers': 3, 'SUBTILE_FACTOR': 1, 'num_warps_compress': 4, 'a_comp_layout': NVMMASharedLayout(swizzle_byte_width=64, element_bitwidth=16, rank=2, transposed=False, fp4_padded=False, cga_layout=[]), 'e_layout': NVMMASharedLayout(swizzle_byte_width=0, element_bitwidth=16, rank=2, transposed=False, fp4_padded=False, cga_layout=[]), 'a_comp_shape_0': 64, 'a_comp_shape_1': 32, 'e_shape_0': 4, 'e_shape_1': 64}, num_warps=8
start 768-4096-4096 (147/167)
finish dense ws
finish sparse ws
finish compression ws
finish 768-4096-4096 -> Dense: 37.445525083963055, Precomp WS: 37.27710221950132, 7.6 WS: 34.11818159148064
  Dense   best config: {'BLOCK_SIZE_M': 128, 'BLOCK_SIZE_N': 256, 'BLOCK_SIZE_K': 64, 'num_buffers': 3, 'SUBTILE_FACTOR': 8}, num_warps=8
  Sparse  best config: {'BLOCK_SIZE_M': 128, 'BLOCK_SIZE_N': 256, 'BLOCK_SIZE_K': 64, 'num_buffers': 4, 'SUBTILE_FACTOR': 4}, num_warps=8
  Runtime best config: {'BLOCK_SIZE_M': 64, 'BLOCK_SIZE_N': 256, 'BLOCK_SIZE_K': 64, 'num_buffers': 3, 'SUBTILE_FACTOR': 1, 'num_warps_compress': 4, 'a_comp_layout': NVMMASharedLayout(swizzle_byte_width=64, element_bitwidth=16, rank=2, transposed=False, fp4_padded=False, cga_layout=[]), 'e_layout': NVMMASharedLayout(swizzle_byte_width=0, element_bitwidth=16, rank=2, transposed=False, fp4_padded=False, cga_layout=[]), 'a_comp_shape_0': 64, 'a_comp_shape_1': 32, 'e_shape_0': 4, 'e_shape_1': 64}, num_warps=8
start 1024-4096-3072 (148/167)
finish dense ws
finish sparse ws
finish compression ws
finish 1024-4096-3072 -> Dense: 38.362224661737606, Precomp WS: 37.34052449215945, 7.6 WS: 35.313875482500954
  Dense   best config: {'BLOCK_SIZE_M': 128, 'BLOCK_SIZE_N': 256, 'BLOCK_SIZE_K': 64, 'num_buffers': 4, 'SUBTILE_FACTOR': 8}, num_warps=8
  Sparse  best config: {'BLOCK_SIZE_M': 128, 'BLOCK_SIZE_N': 256, 'BLOCK_SIZE_K': 64, 'num_buffers': 4, 'SUBTILE_FACTOR': 4}, num_warps=8
  Runtime best config: {'BLOCK_SIZE_M': 64, 'BLOCK_SIZE_N': 256, 'BLOCK_SIZE_K': 64, 'num_buffers': 3, 'SUBTILE_FACTOR': 1, 'num_warps_compress': 4, 'a_comp_layout': NVMMASharedLayout(swizzle_byte_width=64, element_bitwidth=16, rank=2, transposed=False, fp4_padded=False, cga_layout=[]), 'e_layout': NVMMASharedLayout(swizzle_byte_width=0, element_bitwidth=16, rank=2, transposed=False, fp4_padded=False, cga_layout=[]), 'a_comp_shape_0': 64, 'a_comp_shape_1': 32, 'e_shape_0': 4, 'e_shape_1': 64}, num_warps=8
start 1536-4096-2048 (149/167)
finish dense ws
finish sparse ws
finish compression ws
finish 1536-4096-2048 -> Dense: 37.87202732654605, Precomp WS: 37.43440045995541, 7.6 WS: 35.50365621910115
  Dense   best config: {'BLOCK_SIZE_M': 128, 'BLOCK_SIZE_N': 128, 'BLOCK_SIZE_K': 64, 'num_buffers': 5, 'SUBTILE_FACTOR': 1}, num_warps=4
  Sparse  best config: {'BLOCK_SIZE_M': 128, 'BLOCK_SIZE_N': 128, 'BLOCK_SIZE_K': 128, 'num_buffers': 4, 'SUBTILE_FACTOR': 8}, num_warps=8
  Runtime best config: {'BLOCK_SIZE_M': 64, 'BLOCK_SIZE_N': 256, 'BLOCK_SIZE_K': 64, 'num_buffers': 3, 'SUBTILE_FACTOR': 1, 'num_warps_compress': 4, 'a_comp_layout': NVMMASharedLayout(swizzle_byte_width=64, element_bitwidth=16, rank=2, transposed=False, fp4_padded=False, cga_layout=[]), 'e_layout': NVMMASharedLayout(swizzle_byte_width=0, element_bitwidth=16, rank=2, transposed=False, fp4_padded=False, cga_layout=[]), 'a_comp_shape_0': 64, 'a_comp_shape_1': 32, 'e_shape_0': 4, 'e_shape_1': 64}, num_warps=8
start 2048-4096-1536 (150/167)
finish dense ws
finish sparse ws
finish compression ws
finish 2048-4096-1536 -> Dense: 38.5944731931667, Precomp WS: 37.85548595991273, 7.6 WS: 35.40281728887549
  Dense   best config: {'BLOCK_SIZE_M': 256, 'BLOCK_SIZE_N': 128, 'BLOCK_SIZE_K': 64, 'num_buffers': 4, 'SUBTILE_FACTOR': 4}, num_warps=8
  Sparse  best config: {'BLOCK_SIZE_M': 128, 'BLOCK_SIZE_N': 256, 'BLOCK_SIZE_K': 64, 'num_buffers': 4, 'SUBTILE_FACTOR': 4}, num_warps=8
  Runtime best config: {'BLOCK_SIZE_M': 64, 'BLOCK_SIZE_N': 256, 'BLOCK_SIZE_K': 64, 'num_buffers': 3, 'SUBTILE_FACTOR': 1, 'num_warps_compress': 4, 'a_comp_layout': NVMMASharedLayout(swizzle_byte_width=64, element_bitwidth=16, rank=2, transposed=False, fp4_padded=False, cga_layout=[]), 'e_layout': NVMMASharedLayout(swizzle_byte_width=0, element_bitwidth=16, rank=2, transposed=False, fp4_padded=False, cga_layout=[]), 'a_comp_shape_0': 64, 'a_comp_shape_1': 32, 'e_shape_0': 4, 'e_shape_1': 64}, num_warps=8
start 3072-4096-1024 (151/167)
finish dense ws
finish sparse ws
finish compression ws
finish 3072-4096-1024 -> Dense: 38.19389134939505, Precomp WS: 37.28641368733803, 7.6 WS: 35.34393083208029
  Dense   best config: {'BLOCK_SIZE_M': 128, 'BLOCK_SIZE_N': 256, 'BLOCK_SIZE_K': 64, 'num_buffers': 4, 'SUBTILE_FACTOR': 4}, num_warps=8
  Sparse  best config: {'BLOCK_SIZE_M': 128, 'BLOCK_SIZE_N': 256, 'BLOCK_SIZE_K': 64, 'num_buffers': 4, 'SUBTILE_FACTOR': 4}, num_warps=8
  Runtime best config: {'BLOCK_SIZE_M': 64, 'BLOCK_SIZE_N': 256, 'BLOCK_SIZE_K': 64, 'num_buffers': 3, 'SUBTILE_FACTOR': 1, 'num_warps_compress': 4, 'a_comp_layout': NVMMASharedLayout(swizzle_byte_width=64, element_bitwidth=16, rank=2, transposed=False, fp4_padded=False, cga_layout=[]), 'e_layout': NVMMASharedLayout(swizzle_byte_width=0, element_bitwidth=16, rank=2, transposed=False, fp4_padded=False, cga_layout=[]), 'a_comp_shape_0': 64, 'a_comp_shape_1': 32, 'e_shape_0': 4, 'e_shape_1': 64}, num_warps=8
start 4096-4096-768 (152/167)
finish dense ws
finish sparse ws
finish compression ws
finish 4096-4096-768 -> Dense: 38.21125669822653, Precomp WS: 37.22859373506767, 7.6 WS: 35.44615788298742
  Dense   best config: {'BLOCK_SIZE_M': 128, 'BLOCK_SIZE_N': 128, 'BLOCK_SIZE_K': 64, 'num_buffers': 6, 'SUBTILE_FACTOR': 2}, num_warps=4
  Sparse  best config: {'BLOCK_SIZE_M': 128, 'BLOCK_SIZE_N': 128, 'BLOCK_SIZE_K': 64, 'num_buffers': 7, 'SUBTILE_FACTOR': 2}, num_warps=8
  Runtime best config: {'BLOCK_SIZE_M': 64, 'BLOCK_SIZE_N': 256, 'BLOCK_SIZE_K': 64, 'num_buffers': 3, 'SUBTILE_FACTOR': 1, 'num_warps_compress': 4, 'a_comp_layout': NVMMASharedLayout(swizzle_byte_width=64, element_bitwidth=16, rank=2, transposed=False, fp4_padded=False, cga_layout=[]), 'e_layout': NVMMASharedLayout(swizzle_byte_width=0, element_bitwidth=16, rank=2, transposed=False, fp4_padded=False, cga_layout=[]), 'a_comp_shape_0': 64, 'a_comp_shape_1': 32, 'e_shape_0': 4, 'e_shape_1': 64}, num_warps=8
start 768-4096-3072 (153/167)
finish dense ws
finish sparse ws
finish compression ws
finish 768-4096-3072 -> Dense: 28.651529272025844, Precomp WS: 28.252398589791028, 7.6 WS: 26.389734764084288
  Dense   best config: {'BLOCK_SIZE_M': 64, 'BLOCK_SIZE_N': 128, 'BLOCK_SIZE_K': 64, 'num_buffers': 7, 'SUBTILE_FACTOR': 2}, num_warps=4
  Sparse  best config: {'BLOCK_SIZE_M': 128, 'BLOCK_SIZE_N': 256, 'BLOCK_SIZE_K': 64, 'num_buffers': 4, 'SUBTILE_FACTOR': 4}, num_warps=8
  Runtime best config: {'BLOCK_SIZE_M': 64, 'BLOCK_SIZE_N': 256, 'BLOCK_SIZE_K': 64, 'num_buffers': 3, 'SUBTILE_FACTOR': 1, 'num_warps_compress': 4, 'a_comp_layout': NVMMASharedLayout(swizzle_byte_width=64, element_bitwidth=16, rank=2, transposed=False, fp4_padded=False, cga_layout=[]), 'e_layout': NVMMASharedLayout(swizzle_byte_width=0, element_bitwidth=16, rank=2, transposed=False, fp4_padded=False, cga_layout=[]), 'a_comp_shape_0': 64, 'a_comp_shape_1': 32, 'e_shape_0': 4, 'e_shape_1': 64}, num_warps=8
start 1536-4096-1536 (154/167)
finish dense ws
finish sparse ws
finish compression ws
finish 1536-4096-1536 -> Dense: 29.072674941285673, Precomp WS: 28.417813513928614, 7.6 WS: 27.137494900194778
  Dense   best config: {'BLOCK_SIZE_M': 128, 'BLOCK_SIZE_N': 128, 'BLOCK_SIZE_K': 64, 'num_buffers': 5, 'SUBTILE_FACTOR': 1}, num_warps=8
  Sparse  best config: {'BLOCK_SIZE_M': 128, 'BLOCK_SIZE_N': 128, 'BLOCK_SIZE_K': 128, 'num_buffers': 4, 'SUBTILE_FACTOR': 4}, num_warps=4
  Runtime best config: {'BLOCK_SIZE_M': 64, 'BLOCK_SIZE_N': 256, 'BLOCK_SIZE_K': 64, 'num_buffers': 3, 'SUBTILE_FACTOR': 1, 'num_warps_compress': 4, 'a_comp_layout': NVMMASharedLayout(swizzle_byte_width=64, element_bitwidth=16, rank=2, transposed=False, fp4_padded=False, cga_layout=[]), 'e_layout': NVMMASharedLayout(swizzle_byte_width=0, element_bitwidth=16, rank=2, transposed=False, fp4_padded=False, cga_layout=[]), 'a_comp_shape_0': 64, 'a_comp_shape_1': 32, 'e_shape_0': 4, 'e_shape_1': 64}, num_warps=8
start 3072-4096-768 (155/167)
finish dense ws
finish sparse ws
finish compression ws
finish 3072-4096-768 -> Dense: 29.178092270065314, Precomp WS: 28.680882390703896, 7.6 WS: 27.07388991978505
  Dense   best config: {'BLOCK_SIZE_M': 128, 'BLOCK_SIZE_N': 256, 'BLOCK_SIZE_K': 64, 'num_buffers': 3, 'SUBTILE_FACTOR': 4}, num_warps=8
  Sparse  best config: {'BLOCK_SIZE_M': 128, 'BLOCK_SIZE_N': 256, 'BLOCK_SIZE_K': 64, 'num_buffers': 4, 'SUBTILE_FACTOR': 4}, num_warps=8
  Runtime best config: {'BLOCK_SIZE_M': 64, 'BLOCK_SIZE_N': 256, 'BLOCK_SIZE_K': 64, 'num_buffers': 3, 'SUBTILE_FACTOR': 1, 'num_warps_compress': 4, 'a_comp_layout': NVMMASharedLayout(swizzle_byte_width=64, element_bitwidth=16, rank=2, transposed=False, fp4_padded=False, cga_layout=[]), 'e_layout': NVMMASharedLayout(swizzle_byte_width=0, element_bitwidth=16, rank=2, transposed=False, fp4_padded=False, cga_layout=[]), 'a_comp_shape_0': 64, 'a_comp_shape_1': 32, 'e_shape_0': 4, 'e_shape_1': 64}, num_warps=8
start 1024-4096-2048 (156/167)
finish dense ws
finish sparse ws
finish compression ws
finish 1024-4096-2048 -> Dense: 26.12648669592772, Precomp WS: 25.370184770473188, 7.6 WS: 24.005559548968467
  Dense   best config: {'BLOCK_SIZE_M': 128, 'BLOCK_SIZE_N': 256, 'BLOCK_SIZE_K': 64, 'num_buffers': 4, 'SUBTILE_FACTOR': 8}, num_warps=8
  Sparse  best config: {'BLOCK_SIZE_M': 128, 'BLOCK_SIZE_N': 256, 'BLOCK_SIZE_K': 64, 'num_buffers': 3, 'SUBTILE_FACTOR': 2}, num_warps=8
  Runtime best config: {'BLOCK_SIZE_M': 64, 'BLOCK_SIZE_N': 256, 'BLOCK_SIZE_K': 64, 'num_buffers': 3, 'SUBTILE_FACTOR': 1, 'num_warps_compress': 4, 'a_comp_layout': NVMMASharedLayout(swizzle_byte_width=64, element_bitwidth=16, rank=2, transposed=False, fp4_padded=False, cga_layout=[]), 'e_layout': NVMMASharedLayout(swizzle_byte_width=0, element_bitwidth=16, rank=2, transposed=False, fp4_padded=False, cga_layout=[]), 'a_comp_shape_0': 64, 'a_comp_shape_1': 32, 'e_shape_0': 4, 'e_shape_1': 64}, num_warps=8
start 2048-4096-1024 (157/167)
finish dense ws
finish sparse ws
finish compression ws
finish 2048-4096-1024 -> Dense: 25.96352062686804, Precomp WS: 25.312148296635804, 7.6 WS: 24.14038580043738
  Dense   best config: {'BLOCK_SIZE_M': 256, 'BLOCK_SIZE_N': 128, 'BLOCK_SIZE_K': 64, 'num_buffers': 4, 'SUBTILE_FACTOR': 4}, num_warps=8
  Sparse  best config: {'BLOCK_SIZE_M': 256, 'BLOCK_SIZE_N': 128, 'BLOCK_SIZE_K': 64, 'num_buffers': 4, 'SUBTILE_FACTOR': 2}, num_warps=8
  Runtime best config: {'BLOCK_SIZE_M': 64, 'BLOCK_SIZE_N': 256, 'BLOCK_SIZE_K': 64, 'num_buffers': 3, 'SUBTILE_FACTOR': 1, 'num_warps_compress': 4, 'a_comp_layout': NVMMASharedLayout(swizzle_byte_width=64, element_bitwidth=16, rank=2, transposed=False, fp4_padded=False, cga_layout=[]), 'e_layout': NVMMASharedLayout(swizzle_byte_width=0, element_bitwidth=16, rank=2, transposed=False, fp4_padded=False, cga_layout=[]), 'a_comp_shape_0': 64, 'a_comp_shape_1': 32, 'e_shape_0': 4, 'e_shape_1': 64}, num_warps=8
start 768-4096-2048 (158/167)
finish dense ws
finish sparse ws
finish compression ws
finish 768-4096-2048 -> Dense: 18.80114690333037, Precomp WS: 19.1355519819842, 7.6 WS: 18.297427221849606
  Dense   best config: {'BLOCK_SIZE_M': 64, 'BLOCK_SIZE_N': 128, 'BLOCK_SIZE_K': 128, 'num_buffers': 4, 'SUBTILE_FACTOR': 2}, num_warps=4
  Sparse  best config: {'BLOCK_SIZE_M': 128, 'BLOCK_SIZE_N': 256, 'BLOCK_SIZE_K': 64, 'num_buffers': 4, 'SUBTILE_FACTOR': 8}, num_warps=8
  Runtime best config: {'BLOCK_SIZE_M': 64, 'BLOCK_SIZE_N': 256, 'BLOCK_SIZE_K': 64, 'num_buffers': 3, 'SUBTILE_FACTOR': 1, 'num_warps_compress': 4, 'a_comp_layout': NVMMASharedLayout(swizzle_byte_width=64, element_bitwidth=16, rank=2, transposed=False, fp4_padded=False, cga_layout=[]), 'e_layout': NVMMASharedLayout(swizzle_byte_width=0, element_bitwidth=16, rank=2, transposed=False, fp4_padded=False, cga_layout=[]), 'a_comp_shape_0': 64, 'a_comp_shape_1': 32, 'e_shape_0': 4, 'e_shape_1': 64}, num_warps=8
start 1024-4096-1536 (159/167)
finish dense ws
finish sparse ws
finish compression ws
finish 1024-4096-1536 -> Dense: 19.516499883845032, Precomp WS: 19.120813299376735, 7.6 WS: 18.478701792493858
  Dense   best config: {'BLOCK_SIZE_M': 128, 'BLOCK_SIZE_N': 128, 'BLOCK_SIZE_K': 64, 'num_buffers': 5, 'SUBTILE_FACTOR': 2}, num_warps=4
  Sparse  best config: {'BLOCK_SIZE_M': 128, 'BLOCK_SIZE_N': 256, 'BLOCK_SIZE_K': 64, 'num_buffers': 3, 'SUBTILE_FACTOR': 8}, num_warps=8
  Runtime best config: {'BLOCK_SIZE_M': 64, 'BLOCK_SIZE_N': 256, 'BLOCK_SIZE_K': 64, 'num_buffers': 3, 'SUBTILE_FACTOR': 1, 'num_warps_compress': 4, 'a_comp_layout': NVMMASharedLayout(swizzle_byte_width=64, element_bitwidth=16, rank=2, transposed=False, fp4_padded=False, cga_layout=[]), 'e_layout': NVMMASharedLayout(swizzle_byte_width=0, element_bitwidth=16, rank=2, transposed=False, fp4_padded=False, cga_layout=[]), 'a_comp_shape_0': 64, 'a_comp_shape_1': 32, 'e_shape_0': 4, 'e_shape_1': 64}, num_warps=8
start 1536-4096-1024 (160/167)
finish dense ws
finish sparse ws
finish compression ws
finish 1536-4096-1024 -> Dense: 19.73208919175605, Precomp WS: 19.180639072901947, 7.6 WS: 18.4734014185636
  Dense   best config: {'BLOCK_SIZE_M': 128, 'BLOCK_SIZE_N': 128, 'BLOCK_SIZE_K': 64, 'num_buffers': 6, 'SUBTILE_FACTOR': 2}, num_warps=4
  Sparse  best config: {'BLOCK_SIZE_M': 128, 'BLOCK_SIZE_N': 128, 'BLOCK_SIZE_K': 128, 'num_buffers': 4, 'SUBTILE_FACTOR': 4}, num_warps=8
  Runtime best config: {'BLOCK_SIZE_M': 64, 'BLOCK_SIZE_N': 256, 'BLOCK_SIZE_K': 64, 'num_buffers': 3, 'SUBTILE_FACTOR': 1, 'num_warps_compress': 4, 'a_comp_layout': NVMMASharedLayout(swizzle_byte_width=64, element_bitwidth=16, rank=2, transposed=False, fp4_padded=False, cga_layout=[]), 'e_layout': NVMMASharedLayout(swizzle_byte_width=0, element_bitwidth=16, rank=2, transposed=False, fp4_padded=False, cga_layout=[]), 'a_comp_shape_0': 64, 'a_comp_shape_1': 32, 'e_shape_0': 4, 'e_shape_1': 64}, num_warps=8
start 2048-4096-768 (161/167)
finish dense ws
finish sparse ws
finish compression ws
finish 2048-4096-768 -> Dense: 19.72094651461697, Precomp WS: 19.20169091268452, 7.6 WS: 18.465295478916303
  Dense   best config: {'BLOCK_SIZE_M': 128, 'BLOCK_SIZE_N': 128, 'BLOCK_SIZE_K': 64, 'num_buffers': 6, 'SUBTILE_FACTOR': 2}, num_warps=4
  Sparse  best config: {'BLOCK_SIZE_M': 128, 'BLOCK_SIZE_N': 256, 'BLOCK_SIZE_K': 64, 'num_buffers': 4, 'SUBTILE_FACTOR': 4}, num_warps=8
  Runtime best config: {'BLOCK_SIZE_M': 64, 'BLOCK_SIZE_N': 256, 'BLOCK_SIZE_K': 64, 'num_buffers': 3, 'SUBTILE_FACTOR': 1, 'num_warps_compress': 4, 'a_comp_layout': NVMMASharedLayout(swizzle_byte_width=64, element_bitwidth=16, rank=2, transposed=False, fp4_padded=False, cga_layout=[]), 'e_layout': NVMMASharedLayout(swizzle_byte_width=0, element_bitwidth=16, rank=2, transposed=False, fp4_padded=False, cga_layout=[]), 'a_comp_shape_0': 64, 'a_comp_shape_1': 32, 'e_shape_0': 4, 'e_shape_1': 64}, num_warps=8
start 768-4096-1536 (162/167)
finish dense ws
finish sparse ws
finish compression ws
finish 768-4096-1536 -> Dense: 14.841009595822069, Precomp WS: 14.589703542794501, 7.6 WS: 13.828808273041586
  Dense   best config: {'BLOCK_SIZE_M': 64, 'BLOCK_SIZE_N': 128, 'BLOCK_SIZE_K': 64, 'num_buffers': 7, 'SUBTILE_FACTOR': 1}, num_warps=4
  Sparse  best config: {'BLOCK_SIZE_M': 128, 'BLOCK_SIZE_N': 64, 'BLOCK_SIZE_K': 128, 'num_buffers': 5, 'SUBTILE_FACTOR': 1}, num_warps=4
  Runtime best config: {'BLOCK_SIZE_M': 64, 'BLOCK_SIZE_N': 256, 'BLOCK_SIZE_K': 64, 'num_buffers': 3, 'SUBTILE_FACTOR': 1, 'num_warps_compress': 4, 'a_comp_layout': NVMMASharedLayout(swizzle_byte_width=64, element_bitwidth=16, rank=2, transposed=False, fp4_padded=False, cga_layout=[]), 'e_layout': NVMMASharedLayout(swizzle_byte_width=0, element_bitwidth=16, rank=2, transposed=False, fp4_padded=False, cga_layout=[]), 'a_comp_shape_0': 64, 'a_comp_shape_1': 32, 'e_shape_0': 4, 'e_shape_1': 64}, num_warps=8
start 1536-4096-768 (163/167)
finish dense ws
finish sparse ws
finish compression ws
finish 1536-4096-768 -> Dense: 14.810574655051921, Precomp WS: 14.546064203885424, 7.6 WS: 13.842060430374802
  Dense   best config: {'BLOCK_SIZE_M': 128, 'BLOCK_SIZE_N': 128, 'BLOCK_SIZE_K': 64, 'num_buffers': 4, 'SUBTILE_FACTOR': 4}, num_warps=4
  Sparse  best config: {'BLOCK_SIZE_M': 128, 'BLOCK_SIZE_N': 128, 'BLOCK_SIZE_K': 128, 'num_buffers': 4, 'SUBTILE_FACTOR': 4}, num_warps=8
  Runtime best config: {'BLOCK_SIZE_M': 64, 'BLOCK_SIZE_N': 256, 'BLOCK_SIZE_K': 64, 'num_buffers': 3, 'SUBTILE_FACTOR': 1, 'num_warps_compress': 4, 'a_comp_layout': NVMMASharedLayout(swizzle_byte_width=64, element_bitwidth=16, rank=2, transposed=False, fp4_padded=False, cga_layout=[]), 'e_layout': NVMMASharedLayout(swizzle_byte_width=0, element_bitwidth=16, rank=2, transposed=False, fp4_padded=False, cga_layout=[]), 'a_comp_shape_0': 64, 'a_comp_shape_1': 32, 'e_shape_0': 4, 'e_shape_1': 64}, num_warps=8
start 1024-4096-1024 (164/167)
finish dense ws
finish sparse ws
finish compression ws
finish 1024-4096-1024 -> Dense: 13.251184480643897, Precomp WS: 12.85478857830718, 7.6 WS: 12.558401962314024
  Dense   best config: {'BLOCK_SIZE_M': 128, 'BLOCK_SIZE_N': 128, 'BLOCK_SIZE_K': 64, 'num_buffers': 4, 'SUBTILE_FACTOR': 4}, num_warps=4
  Sparse  best config: {'BLOCK_SIZE_M': 128, 'BLOCK_SIZE_N': 256, 'BLOCK_SIZE_K': 64, 'num_buffers': 3, 'SUBTILE_FACTOR': 8}, num_warps=8
  Runtime best config: {'BLOCK_SIZE_M': 64, 'BLOCK_SIZE_N': 256, 'BLOCK_SIZE_K': 64, 'num_buffers': 3, 'SUBTILE_FACTOR': 1, 'num_warps_compress': 4, 'a_comp_layout': NVMMASharedLayout(swizzle_byte_width=64, element_bitwidth=16, rank=2, transposed=False, fp4_padded=False, cga_layout=[]), 'e_layout': NVMMASharedLayout(swizzle_byte_width=0, element_bitwidth=16, rank=2, transposed=False, fp4_padded=False, cga_layout=[]), 'a_comp_shape_0': 64, 'a_comp_shape_1': 32, 'e_shape_0': 4, 'e_shape_1': 64}, num_warps=8
start 768-4096-1024 (165/167)
finish dense ws
finish sparse ws
finish compression ws
finish 768-4096-1024 -> Dense: 9.953477207305193, Precomp WS: 9.690851396931189, 7.6 WS: 9.44259222216412
  Dense   best config: {'BLOCK_SIZE_M': 128, 'BLOCK_SIZE_N': 64, 'BLOCK_SIZE_K': 64, 'num_buffers': 7, 'SUBTILE_FACTOR': 2}, num_warps=4
  Sparse  best config: {'BLOCK_SIZE_M': 128, 'BLOCK_SIZE_N': 64, 'BLOCK_SIZE_K': 128, 'num_buffers': 5, 'SUBTILE_FACTOR': 1}, num_warps=4
  Runtime best config: {'BLOCK_SIZE_M': 64, 'BLOCK_SIZE_N': 256, 'BLOCK_SIZE_K': 64, 'num_buffers': 3, 'SUBTILE_FACTOR': 1, 'num_warps_compress': 4, 'a_comp_layout': NVMMASharedLayout(swizzle_byte_width=64, element_bitwidth=16, rank=2, transposed=False, fp4_padded=False, cga_layout=[]), 'e_layout': NVMMASharedLayout(swizzle_byte_width=0, element_bitwidth=16, rank=2, transposed=False, fp4_padded=False, cga_layout=[]), 'a_comp_shape_0': 64, 'a_comp_shape_1': 32, 'e_shape_0': 4, 'e_shape_1': 64}, num_warps=8
start 1024-4096-768 (166/167)
finish dense ws
finish sparse ws
finish compression ws
finish 1024-4096-768 -> Dense: 10.025992649904962, Precomp WS: 9.73992333367127, 7.6 WS: 9.486548631251978
  Dense   best config: {'BLOCK_SIZE_M': 128, 'BLOCK_SIZE_N': 128, 'BLOCK_SIZE_K': 64, 'num_buffers': 6, 'SUBTILE_FACTOR': 2}, num_warps=8
  Sparse  best config: {'BLOCK_SIZE_M': 128, 'BLOCK_SIZE_N': 256, 'BLOCK_SIZE_K': 64, 'num_buffers': 3, 'SUBTILE_FACTOR': 8}, num_warps=8
  Runtime best config: {'BLOCK_SIZE_M': 64, 'BLOCK_SIZE_N': 256, 'BLOCK_SIZE_K': 64, 'num_buffers': 3, 'SUBTILE_FACTOR': 1, 'num_warps_compress': 4, 'a_comp_layout': NVMMASharedLayout(swizzle_byte_width=64, element_bitwidth=16, rank=2, transposed=False, fp4_padded=False, cga_layout=[]), 'e_layout': NVMMASharedLayout(swizzle_byte_width=0, element_bitwidth=16, rank=2, transposed=False, fp4_padded=False, cga_layout=[]), 'a_comp_shape_0': 64, 'a_comp_shape_1': 32, 'e_shape_0': 4, 'e_shape_1': 64}, num_warps=8
start 768-4096-768 (167/167)
finish dense ws
finish sparse ws
finish compression ws
finish 768-4096-768 -> Dense: 7.462944556812137, Precomp WS: 7.344961459808097, 7.6 WS: 7.068440950854738
  Dense   best config: {'BLOCK_SIZE_M': 128, 'BLOCK_SIZE_N': 64, 'BLOCK_SIZE_K': 64, 'num_buffers': 7, 'SUBTILE_FACTOR': 2}, num_warps=4
  Sparse  best config: {'BLOCK_SIZE_M': 64, 'BLOCK_SIZE_N': 128, 'BLOCK_SIZE_K': 128, 'num_buffers': 5, 'SUBTILE_FACTOR': 2}, num_warps=4
  Runtime best config: {'BLOCK_SIZE_M': 64, 'BLOCK_SIZE_N': 256, 'BLOCK_SIZE_K': 64, 'num_buffers': 3, 'SUBTILE_FACTOR': 1, 'num_warps_compress': 4, 'a_comp_layout': NVMMASharedLayout(swizzle_byte_width=64, element_bitwidth=16, rank=2, transposed=False, fp4_padded=False, cga_layout=[]), 'e_layout': NVMMASharedLayout(swizzle_byte_width=0, element_bitwidth=16, rank=2, transposed=False, fp4_padded=False, cga_layout=[]), 'a_comp_shape_0': 64, 'a_comp_shape_1': 32, 'e_shape_0': 4, 'e_shape_1': 64}, num_warps=8

[INFO] Optimization charts successfully compiled and saved to 'Benchmark/v7.6_Benchmark_4096.png'

scontrol show job 631588
JobId=631588 JobName=7.6_benchmark
   UserId=notming(3159615) GroupId=notming(3159615) MCS_label=N/A
   Priority=1328501 Nice=0 Account=rrg-mmehride QOS=normal
   JobState=COMPLETING Reason=None Dependency=(null)
   Requeue=0 Restarts=0 BatchFlag=1 Reboot=0 ExitCode=0:0
   RunTime=07:06:34 TimeLimit=12:00:00 TimeMin=N/A
   SubmitTime=2026-07-03T13:57:28 EligibleTime=2026-07-03T13:57:28
   AccrueTime=2026-07-03T13:57:28
   StartTime=2026-07-03T13:57:35 EndTime=2026-07-03T21:04:09 Deadline=N/A
   SuspendTime=None SecsPreSuspend=0 LastSchedEval=2026-07-03T13:57:35 Scheduler=Main
   Partition=compute AllocNode:Sid=trig-login01:1307811
   ReqNodeList=(null) ExcNodeList=(null)
   NodeList=trig0061
   BatchHost=trig0061
   NumNodes=1 NumCPUs=24 NumTasks=1 CPUs/Task=1 ReqB:S:C:T=0:0:*:*
   ReqTRES=cpu=1,mem=192500M,node=1,billing=1,gres/gpu=1
   AllocTRES=cpu=24,mem=192500M,node=1,billing=1,gres/gpu=1
   Socks/Node=* NtasksPerN:B:S:C=0:0:*:* CoreSpec=*
   MinCPUsNode=1 MinMemoryNode=192500M MinTmpDiskNode=0
   Features=(null) DelayBoot=00:00:00
   OverSubscribe=OK Contiguous=0 Licenses=(null) LicensesAlloc=(null) Network=(null)
   Command=/scratch/notming/compression/sbatch_sh/trillium/7.6_benchmark_ws.sh
   SubmitLine=SBATCH --comment /opt/slurm/bin/sbatch --export=NONE --get-user-env sbatch_sh/trillium/7.6_benchmark_ws.sh --export=NONE --get-user-env sbatch_sh/trillium/7.6_benchmark_ws.sh
   WorkDir=/scratch/notming/compression
   Comment=/opt/slurm/bin/sbatch --export=NONE --get-user-env sbatch_sh/trillium/7.6_benchmark_ws.sh
   StdErr=
   StdIn=/dev/null
   StdOut=/scratch/notming/compression/7.6_benchmark_631588.out
   CpusPerTres=gpu:24
   TresPerNode=gres/gpu:h100:1

sacct -j 631588
JobID           JobName    Account    Elapsed  MaxVMSize     MaxRSS  SystemCPU    UserCPU ExitCode 
------------ ---------- ---------- ---------- ---------- ---------- ---------- ---------- -------- 
631588       7.6_bench+ rrg-mmehr+   07:06:34                         00:00:00   00:00:00      0:0 
631588.batch      batch rrg-mmehr+   07:06:34                         00:00:00   00:00:00      0:0 
631588.exte+     extern rrg-mmehr+   07:06:34                         00:00:00   00:00:00      0:0 

