Tue Jul 21 01:06:41 2026       
+-----------------------------------------------------------------------------------------+
| NVIDIA-SMI 580.159.04             Driver Version: 580.159.04     CUDA Version: 13.2     |
+-----------------------------------------+------------------------+----------------------+
| GPU  Name                 Persistence-M | Bus-Id          Disp.A | Volatile Uncorr. ECC |
| Fan  Temp   Perf          Pwr:Usage/Cap |           Memory-Usage | GPU-Util  Compute M. |
|                                         |                        |               MIG M. |
|=========================================+========================+======================|
|   0  NVIDIA H100 80GB HBM3          Off |   00000000:DB:00.0 Off |                    0 |
| N/A   36C    P0             70W /  700W |       0MiB /  81559MiB |      0%      Default |
|                                         |                        |             Disabled |
+-----------------------------------------+------------------------+----------------------+

+-----------------------------------------------------------------------------------------+
| Processes:                                                                              |
|  GPU   GI   CI              PID   Type   Process name                        GPU Memory |
|        ID   ID                                                               Usage      |
|=========================================================================================|
|  No running processes found                                                             |
+-----------------------------------------------------------------------------------------+
/usr/bin/rm: cannot remove '/usr/local/cuda/compat/lib': Read-only file system
rm: cannot remove '/usr/local/cuda/compat/lib': Read-only file system
CUDA Available: True
Device Count: 1
/usr/bin/rm: cannot remove '/usr/local/cuda/compat/lib': Read-only file system
rm: cannot remove '/usr/local/cuda/compat/lib': Read-only file system
================================================================================
Benchmarking WS Kernels for N=4096
================================================================================
start 49152-4096-49152 (1/169)
finish dense ws
finish sparse ws
finish compression ws
finish 49152-4096-49152 -> Dense: 661.5841087347773, Precomp WS: 1001.7318911345975, 7.6 WS: 614.5011016090295
  Dense   best config: {'BLOCK_SIZE_M': 128, 'BLOCK_SIZE_N': 256, 'BLOCK_SIZE_K': 64, 'num_buffers': 3, 'SUBTILE_FACTOR': 2}, num_warps=8
  Sparse  best config: {'BLOCK_SIZE_M': 128, 'BLOCK_SIZE_N': 256, 'BLOCK_SIZE_K': 64, 'num_buffers': 4, 'SUBTILE_FACTOR': 8}, num_warps=8
  Runtime best config: {'BLOCK_SIZE_M': 128, 'BLOCK_SIZE_N': 256, 'BLOCK_SIZE_K': 64, 'num_buffers': 3, 'SUBTILE_FACTOR': 2}, num_warps=8
start 32768-4096-49152 (2/169)
finish dense ws
finish sparse ws
finish compression ws
finish 32768-4096-49152 -> Dense: 653.2880380337252, Precomp WS: 980.3962807697709, 7.6 WS: 604.2733655405317
  Dense   best config: {'BLOCK_SIZE_M': 128, 'BLOCK_SIZE_N': 256, 'BLOCK_SIZE_K': 64, 'num_buffers': 3, 'SUBTILE_FACTOR': 2}, num_warps=8
  Sparse  best config: {'BLOCK_SIZE_M': 128, 'BLOCK_SIZE_N': 256, 'BLOCK_SIZE_K': 64, 'num_buffers': 4, 'SUBTILE_FACTOR': 8}, num_warps=8
  Runtime best config: {'BLOCK_SIZE_M': 128, 'BLOCK_SIZE_N': 256, 'BLOCK_SIZE_K': 64, 'num_buffers': 3, 'SUBTILE_FACTOR': 4}, num_warps=8
start 49152-4096-32768 (3/169)
finish dense ws
finish sparse ws
finish compression ws
finish 49152-4096-32768 -> Dense: 639.5771723952885, Precomp WS: 984.8929615353867, 7.6 WS: 614.7780084267632
  Dense   best config: {'BLOCK_SIZE_M': 128, 'BLOCK_SIZE_N': 256, 'BLOCK_SIZE_K': 64, 'num_buffers': 3, 'SUBTILE_FACTOR': 2}, num_warps=8
  Sparse  best config: {'BLOCK_SIZE_M': 128, 'BLOCK_SIZE_N': 256, 'BLOCK_SIZE_K': 64, 'num_buffers': 4, 'SUBTILE_FACTOR': 8}, num_warps=8
  Runtime best config: {'BLOCK_SIZE_M': 128, 'BLOCK_SIZE_N': 256, 'BLOCK_SIZE_K': 64, 'num_buffers': 3, 'SUBTILE_FACTOR': 4}, num_warps=8
start 24576-4096-49152 (4/169)
finish dense ws
finish sparse ws
finish compression ws
finish 24576-4096-49152 -> Dense: 634.9790388571449, Precomp WS: 983.9186455679971, 7.6 WS: 596.2450919465762
  Dense   best config: {'BLOCK_SIZE_M': 128, 'BLOCK_SIZE_N': 256, 'BLOCK_SIZE_K': 64, 'num_buffers': 3, 'SUBTILE_FACTOR': 2}, num_warps=8
  Sparse  best config: {'BLOCK_SIZE_M': 128, 'BLOCK_SIZE_N': 256, 'BLOCK_SIZE_K': 64, 'num_buffers': 4, 'SUBTILE_FACTOR': 8}, num_warps=8
  Runtime best config: {'BLOCK_SIZE_M': 128, 'BLOCK_SIZE_N': 256, 'BLOCK_SIZE_K': 64, 'num_buffers': 3, 'SUBTILE_FACTOR': 4}, num_warps=8
start 49152-4096-24576 (5/169)
finish dense ws
finish sparse ws
finish compression ws
finish 49152-4096-24576 -> Dense: 639.991585121461, Precomp WS: 1003.4214029235479, 7.6 WS: 601.205072753835
  Dense   best config: {'BLOCK_SIZE_M': 128, 'BLOCK_SIZE_N': 256, 'BLOCK_SIZE_K': 64, 'num_buffers': 3, 'SUBTILE_FACTOR': 2}, num_warps=8
  Sparse  best config: {'BLOCK_SIZE_M': 128, 'BLOCK_SIZE_N': 256, 'BLOCK_SIZE_K': 64, 'num_buffers': 4, 'SUBTILE_FACTOR': 8}, num_warps=8
  Runtime best config: {'BLOCK_SIZE_M': 128, 'BLOCK_SIZE_N': 256, 'BLOCK_SIZE_K': 64, 'num_buffers': 3, 'SUBTILE_FACTOR': 4}, num_warps=8
start 32768-4096-32768 (6/169)
finish dense ws
finish sparse ws
finish compression ws
finish 32768-4096-32768 -> Dense: 626.5518567603926, Precomp WS: 994.621253556644, 7.6 WS: 598.1069790483448
  Dense   best config: {'BLOCK_SIZE_M': 128, 'BLOCK_SIZE_N': 256, 'BLOCK_SIZE_K': 64, 'num_buffers': 3, 'SUBTILE_FACTOR': 4}, num_warps=8
  Sparse  best config: {'BLOCK_SIZE_M': 128, 'BLOCK_SIZE_N': 256, 'BLOCK_SIZE_K': 64, 'num_buffers': 4, 'SUBTILE_FACTOR': 8}, num_warps=8
  Runtime best config: {'BLOCK_SIZE_M': 128, 'BLOCK_SIZE_N': 256, 'BLOCK_SIZE_K': 64, 'num_buffers': 3, 'SUBTILE_FACTOR': 4}, num_warps=8
start 16384-4096-49152 (7/169)
finish dense ws
finish sparse ws
finish compression ws
finish 16384-4096-49152 -> Dense: 633.8389143886355, Precomp WS: 960.5144085455654, 7.6 WS: 588.4992836867466
  Dense   best config: {'BLOCK_SIZE_M': 128, 'BLOCK_SIZE_N': 256, 'BLOCK_SIZE_K': 64, 'num_buffers': 3, 'SUBTILE_FACTOR': 2}, num_warps=8
  Sparse  best config: {'BLOCK_SIZE_M': 128, 'BLOCK_SIZE_N': 256, 'BLOCK_SIZE_K': 64, 'num_buffers': 4, 'SUBTILE_FACTOR': 8}, num_warps=8
  Runtime best config: {'BLOCK_SIZE_M': 128, 'BLOCK_SIZE_N': 256, 'BLOCK_SIZE_K': 64, 'num_buffers': 3, 'SUBTILE_FACTOR': 4}, num_warps=8
start 24576-4096-32768 (8/169)
finish dense ws
finish sparse ws
finish compression ws
finish 24576-4096-32768 -> Dense: 613.2814131013238, Precomp WS: 960.1654690638491, 7.6 WS: 588.7051384937777
  Dense   best config: {'BLOCK_SIZE_M': 256, 'BLOCK_SIZE_N': 128, 'BLOCK_SIZE_K': 64, 'num_buffers': 4, 'SUBTILE_FACTOR': 4}, num_warps=8
  Sparse  best config: {'BLOCK_SIZE_M': 128, 'BLOCK_SIZE_N': 256, 'BLOCK_SIZE_K': 64, 'num_buffers': 4, 'SUBTILE_FACTOR': 8}, num_warps=8
  Runtime best config: {'BLOCK_SIZE_M': 128, 'BLOCK_SIZE_N': 256, 'BLOCK_SIZE_K': 64, 'num_buffers': 3, 'SUBTILE_FACTOR': 2}, num_warps=8
start 32768-4096-24576 (9/169)
finish dense ws
finish sparse ws
finish compression ws
finish 32768-4096-24576 -> Dense: 631.2733140099199, Precomp WS: 974.3537612789893, 7.6 WS: 578.4130953296626
  Dense   best config: {'BLOCK_SIZE_M': 128, 'BLOCK_SIZE_N': 256, 'BLOCK_SIZE_K': 64, 'num_buffers': 3, 'SUBTILE_FACTOR': 4}, num_warps=8
  Sparse  best config: {'BLOCK_SIZE_M': 128, 'BLOCK_SIZE_N': 256, 'BLOCK_SIZE_K': 64, 'num_buffers': 4, 'SUBTILE_FACTOR': 8}, num_warps=8
  Runtime best config: {'BLOCK_SIZE_M': 128, 'BLOCK_SIZE_N': 256, 'BLOCK_SIZE_K': 64, 'num_buffers': 3, 'SUBTILE_FACTOR': 2}, num_warps=8
start 49152-4096-16384 (10/169)
finish dense ws
finish sparse ws
finish compression ws
finish 49152-4096-16384 -> Dense: 628.8829049050951, Precomp WS: 976.1629446641322, 7.6 WS: 578.6170410339666
  Dense   best config: {'BLOCK_SIZE_M': 128, 'BLOCK_SIZE_N': 256, 'BLOCK_SIZE_K': 64, 'num_buffers': 3, 'SUBTILE_FACTOR': 4}, num_warps=8
  Sparse  best config: {'BLOCK_SIZE_M': 128, 'BLOCK_SIZE_N': 256, 'BLOCK_SIZE_K': 64, 'num_buffers': 4, 'SUBTILE_FACTOR': 8}, num_warps=8
  Runtime best config: {'BLOCK_SIZE_M': 128, 'BLOCK_SIZE_N': 256, 'BLOCK_SIZE_K': 64, 'num_buffers': 3, 'SUBTILE_FACTOR': 4}, num_warps=8
start 12288-4096-49152 (11/169)
finish dense ws
finish sparse ws
finish compression ws
finish 12288-4096-49152 -> Dense: 618.8959165822756, Precomp WS: 929.1804224838963, 7.6 WS: 579.3717030110124
  Dense   best config: {'BLOCK_SIZE_M': 128, 'BLOCK_SIZE_N': 256, 'BLOCK_SIZE_K': 64, 'num_buffers': 3, 'SUBTILE_FACTOR': 2}, num_warps=8
  Sparse  best config: {'BLOCK_SIZE_M': 128, 'BLOCK_SIZE_N': 256, 'BLOCK_SIZE_K': 64, 'num_buffers': 4, 'SUBTILE_FACTOR': 8}, num_warps=8
  Runtime best config: {'BLOCK_SIZE_M': 128, 'BLOCK_SIZE_N': 256, 'BLOCK_SIZE_K': 64, 'num_buffers': 3, 'SUBTILE_FACTOR': 4}, num_warps=8
start 24576-4096-24576 (12/169)
finish dense ws
finish sparse ws
finish compression ws
finish 24576-4096-24576 -> Dense: 605.4506144966239, Precomp WS: 937.8991411848643, 7.6 WS: 575.1530865696495
  Dense   best config: {'BLOCK_SIZE_M': 128, 'BLOCK_SIZE_N': 256, 'BLOCK_SIZE_K': 64, 'num_buffers': 3, 'SUBTILE_FACTOR': 2}, num_warps=8
  Sparse  best config: {'BLOCK_SIZE_M': 128, 'BLOCK_SIZE_N': 256, 'BLOCK_SIZE_K': 64, 'num_buffers': 5, 'SUBTILE_FACTOR': 8}, num_warps=8
  Runtime best config: {'BLOCK_SIZE_M': 128, 'BLOCK_SIZE_N': 256, 'BLOCK_SIZE_K': 64, 'num_buffers': 3, 'SUBTILE_FACTOR': 4}, num_warps=8
start 49152-4096-12288 (13/169)
finish dense ws
finish sparse ws
finish compression ws
finish 49152-4096-12288 -> Dense: 618.1832847075935, Precomp WS: 938.1265828821354, 7.6 WS: 574.674246799464
  Dense   best config: {'BLOCK_SIZE_M': 128, 'BLOCK_SIZE_N': 256, 'BLOCK_SIZE_K': 64, 'num_buffers': 3, 'SUBTILE_FACTOR': 2}, num_warps=8
  Sparse  best config: {'BLOCK_SIZE_M': 128, 'BLOCK_SIZE_N': 256, 'BLOCK_SIZE_K': 64, 'num_buffers': 4, 'SUBTILE_FACTOR': 8}, num_warps=8
  Runtime best config: {'BLOCK_SIZE_M': 128, 'BLOCK_SIZE_N': 256, 'BLOCK_SIZE_K': 64, 'num_buffers': 3, 'SUBTILE_FACTOR': 4}, num_warps=8
start 16384-4096-32768 (14/169)
finish dense ws
finish sparse ws
finish compression ws
finish 16384-4096-32768 -> Dense: 598.8810237598573, Precomp WS: 928.822255337861, 7.6 WS: 566.3965420094474
  Dense   best config: {'BLOCK_SIZE_M': 128, 'BLOCK_SIZE_N': 256, 'BLOCK_SIZE_K': 64, 'num_buffers': 4, 'SUBTILE_FACTOR': 4}, num_warps=8
  Sparse  best config: {'BLOCK_SIZE_M': 128, 'BLOCK_SIZE_N': 256, 'BLOCK_SIZE_K': 64, 'num_buffers': 4, 'SUBTILE_FACTOR': 8}, num_warps=8
  Runtime best config: {'BLOCK_SIZE_M': 128, 'BLOCK_SIZE_N': 256, 'BLOCK_SIZE_K': 64, 'num_buffers': 3, 'SUBTILE_FACTOR': 4}, num_warps=8
start 32768-4096-16384 (15/169)
finish dense ws
finish sparse ws
finish compression ws
finish 32768-4096-16384 -> Dense: 599.5164825730006, Precomp WS: 926.1999253488816, 7.6 WS: 562.2645562217964
  Dense   best config: {'BLOCK_SIZE_M': 128, 'BLOCK_SIZE_N': 256, 'BLOCK_SIZE_K': 64, 'num_buffers': 3, 'SUBTILE_FACTOR': 2}, num_warps=8
  Sparse  best config: {'BLOCK_SIZE_M': 128, 'BLOCK_SIZE_N': 256, 'BLOCK_SIZE_K': 64, 'num_buffers': 4, 'SUBTILE_FACTOR': 8}, num_warps=8
  Runtime best config: {'BLOCK_SIZE_M': 128, 'BLOCK_SIZE_N': 256, 'BLOCK_SIZE_K': 64, 'num_buffers': 3, 'SUBTILE_FACTOR': 4}, num_warps=8
start 8192-4096-49152 (16/169)
finish dense ws
finish sparse ws
finish compression ws
finish 8192-4096-49152 -> Dense: 592.938958306073, Precomp WS: 895.5753210291758, 7.6 WS: 561.6351436340449
  Dense   best config: {'BLOCK_SIZE_M': 128, 'BLOCK_SIZE_N': 256, 'BLOCK_SIZE_K': 64, 'num_buffers': 3, 'SUBTILE_FACTOR': 2}, num_warps=8
  Sparse  best config: {'BLOCK_SIZE_M': 128, 'BLOCK_SIZE_N': 256, 'BLOCK_SIZE_K': 64, 'num_buffers': 4, 'SUBTILE_FACTOR': 8}, num_warps=8
  Runtime best config: {'BLOCK_SIZE_M': 128, 'BLOCK_SIZE_N': 256, 'BLOCK_SIZE_K': 64, 'num_buffers': 3, 'SUBTILE_FACTOR': 4}, num_warps=8
start 12288-4096-32768 (17/169)
finish dense ws
finish sparse ws
finish compression ws
finish 12288-4096-32768 -> Dense: 585.1003625410916, Precomp WS: 895.8781251227717, 7.6 WS: 541.4717785107861
  Dense   best config: {'BLOCK_SIZE_M': 128, 'BLOCK_SIZE_N': 256, 'BLOCK_SIZE_K': 64, 'num_buffers': 3, 'SUBTILE_FACTOR': 8}, num_warps=8
  Sparse  best config: {'BLOCK_SIZE_M': 128, 'BLOCK_SIZE_N': 256, 'BLOCK_SIZE_K': 64, 'num_buffers': 4, 'SUBTILE_FACTOR': 8}, num_warps=8
  Runtime best config: {'BLOCK_SIZE_M': 128, 'BLOCK_SIZE_N': 256, 'BLOCK_SIZE_K': 64, 'num_buffers': 3, 'SUBTILE_FACTOR': 4}, num_warps=8
start 16384-4096-24576 (18/169)
finish dense ws
finish sparse ws
finish compression ws
finish 16384-4096-24576 -> Dense: 590.3551355398462, Precomp WS: 881.8128195084709, 7.6 WS: 560.167076277037
  Dense   best config: {'BLOCK_SIZE_M': 128, 'BLOCK_SIZE_N': 256, 'BLOCK_SIZE_K': 64, 'num_buffers': 3, 'SUBTILE_FACTOR': 2}, num_warps=8
  Sparse  best config: {'BLOCK_SIZE_M': 128, 'BLOCK_SIZE_N': 256, 'BLOCK_SIZE_K': 64, 'num_buffers': 4, 'SUBTILE_FACTOR': 8}, num_warps=8
  Runtime best config: {'BLOCK_SIZE_M': 128, 'BLOCK_SIZE_N': 256, 'BLOCK_SIZE_K': 64, 'num_buffers': 3, 'SUBTILE_FACTOR': 4}, num_warps=8
start 24576-4096-16384 (19/169)
finish dense ws
finish sparse ws
finish compression ws
finish 24576-4096-16384 -> Dense: 580.0282614401189, Precomp WS: 882.6128560145573, 7.6 WS: 552.5898659091363
  Dense   best config: {'BLOCK_SIZE_M': 128, 'BLOCK_SIZE_N': 256, 'BLOCK_SIZE_K': 64, 'num_buffers': 4, 'SUBTILE_FACTOR': 4}, num_warps=8
  Sparse  best config: {'BLOCK_SIZE_M': 128, 'BLOCK_SIZE_N': 256, 'BLOCK_SIZE_K': 64, 'num_buffers': 4, 'SUBTILE_FACTOR': 8}, num_warps=8
  Runtime best config: {'BLOCK_SIZE_M': 128, 'BLOCK_SIZE_N': 256, 'BLOCK_SIZE_K': 64, 'num_buffers': 3, 'SUBTILE_FACTOR': 4}, num_warps=8
start 32768-4096-12288 (20/169)
finish dense ws
finish sparse ws
finish compression ws
finish 32768-4096-12288 -> Dense: 580.8103868394907, Precomp WS: 857.2617913006335, 7.6 WS: 558.4376624715785
  Dense   best config: {'BLOCK_SIZE_M': 128, 'BLOCK_SIZE_N': 256, 'BLOCK_SIZE_K': 64, 'num_buffers': 3, 'SUBTILE_FACTOR': 4}, num_warps=8
  Sparse  best config: {'BLOCK_SIZE_M': 128, 'BLOCK_SIZE_N': 256, 'BLOCK_SIZE_K': 64, 'num_buffers': 4, 'SUBTILE_FACTOR': 8}, num_warps=8
  Runtime best config: {'BLOCK_SIZE_M': 128, 'BLOCK_SIZE_N': 256, 'BLOCK_SIZE_K': 64, 'num_buffers': 3, 'SUBTILE_FACTOR': 2}, num_warps=8
start 49152-4096-8192 (21/169)
finish dense ws
finish sparse ws
finish compression ws
finish 49152-4096-8192 -> Dense: 591.7788080516832, Precomp WS: 885.2998510543587, 7.6 WS: 554.1383300451073
  Dense   best config: {'BLOCK_SIZE_M': 128, 'BLOCK_SIZE_N': 256, 'BLOCK_SIZE_K': 64, 'num_buffers': 3, 'SUBTILE_FACTOR': 4}, num_warps=8
  Sparse  best config: {'BLOCK_SIZE_M': 128, 'BLOCK_SIZE_N': 256, 'BLOCK_SIZE_K': 64, 'num_buffers': 4, 'SUBTILE_FACTOR': 8}, num_warps=8
  Runtime best config: {'BLOCK_SIZE_M': 128, 'BLOCK_SIZE_N': 256, 'BLOCK_SIZE_K': 64, 'num_buffers': 3, 'SUBTILE_FACTOR': 4}, num_warps=8
start 6144-4096-49152 (22/169)
finish dense ws
finish sparse ws
finish compression ws
finish 6144-4096-49152 -> Dense: 572.7592510952785, Precomp WS: 839.4170120488035, 7.6 WS: 543.2063439635908
  Dense   best config: {'BLOCK_SIZE_M': 128, 'BLOCK_SIZE_N': 256, 'BLOCK_SIZE_K': 64, 'num_buffers': 3, 'SUBTILE_FACTOR': 2}, num_warps=8
  Sparse  best config: {'BLOCK_SIZE_M': 128, 'BLOCK_SIZE_N': 256, 'BLOCK_SIZE_K': 64, 'num_buffers': 4, 'SUBTILE_FACTOR': 8}, num_warps=8
  Runtime best config: {'BLOCK_SIZE_M': 128, 'BLOCK_SIZE_N': 256, 'BLOCK_SIZE_K': 64, 'num_buffers': 3, 'SUBTILE_FACTOR': 4}, num_warps=8
start 12288-4096-24576 (23/169)
finish dense ws
finish sparse ws
finish compression ws
finish 12288-4096-24576 -> Dense: 570.9785556273202, Precomp WS: 834.070205556823, 7.6 WS: 543.9671264051765
  Dense   best config: {'BLOCK_SIZE_M': 128, 'BLOCK_SIZE_N': 256, 'BLOCK_SIZE_K': 64, 'num_buffers': 4, 'SUBTILE_FACTOR': 4}, num_warps=8
  Sparse  best config: {'BLOCK_SIZE_M': 128, 'BLOCK_SIZE_N': 256, 'BLOCK_SIZE_K': 64, 'num_buffers': 4, 'SUBTILE_FACTOR': 8}, num_warps=8
  Runtime best config: {'BLOCK_SIZE_M': 128, 'BLOCK_SIZE_N': 256, 'BLOCK_SIZE_K': 64, 'num_buffers': 3, 'SUBTILE_FACTOR': 2}, num_warps=8
start 24576-4096-12288 (24/169)
finish dense ws
finish sparse ws
finish compression ws
finish 24576-4096-12288 -> Dense: 573.3764774103862, Precomp WS: 830.004473743266, 7.6 WS: 536.9344823200544
  Dense   best config: {'BLOCK_SIZE_M': 128, 'BLOCK_SIZE_N': 256, 'BLOCK_SIZE_K': 64, 'num_buffers': 3, 'SUBTILE_FACTOR': 2}, num_warps=8
  Sparse  best config: {'BLOCK_SIZE_M': 128, 'BLOCK_SIZE_N': 256, 'BLOCK_SIZE_K': 64, 'num_buffers': 4, 'SUBTILE_FACTOR': 8}, num_warps=8
  Runtime best config: {'BLOCK_SIZE_M': 128, 'BLOCK_SIZE_N': 256, 'BLOCK_SIZE_K': 64, 'num_buffers': 3, 'SUBTILE_FACTOR': 2}, num_warps=8
start 49152-4096-6144 (25/169)
finish dense ws
finish sparse ws
finish compression ws
finish 49152-4096-6144 -> Dense: 570.8927496818638, Precomp WS: 815.8185270150885, 7.6 WS: 534.1828610695327
  Dense   best config: {'BLOCK_SIZE_M': 128, 'BLOCK_SIZE_N': 256, 'BLOCK_SIZE_K': 64, 'num_buffers': 3, 'SUBTILE_FACTOR': 4}, num_warps=8
  Sparse  best config: {'BLOCK_SIZE_M': 128, 'BLOCK_SIZE_N': 256, 'BLOCK_SIZE_K': 64, 'num_buffers': 4, 'SUBTILE_FACTOR': 8}, num_warps=8
  Runtime best config: {'BLOCK_SIZE_M': 128, 'BLOCK_SIZE_N': 256, 'BLOCK_SIZE_K': 64, 'num_buffers': 3, 'SUBTILE_FACTOR': 2}, num_warps=8
start 8192-4096-32768 (26/169)
finish dense ws
finish sparse ws
finish compression ws
finish 8192-4096-32768 -> Dense: 561.5881728366664, Precomp WS: 806.8462919987227, 7.6 WS: 529.3606047957414
  Dense   best config: {'BLOCK_SIZE_M': 128, 'BLOCK_SIZE_N': 256, 'BLOCK_SIZE_K': 64, 'num_buffers': 3, 'SUBTILE_FACTOR': 8}, num_warps=8
  Sparse  best config: {'BLOCK_SIZE_M': 128, 'BLOCK_SIZE_N': 256, 'BLOCK_SIZE_K': 64, 'num_buffers': 5, 'SUBTILE_FACTOR': 8}, num_warps=8
  Runtime best config: {'BLOCK_SIZE_M': 128, 'BLOCK_SIZE_N': 256, 'BLOCK_SIZE_K': 64, 'num_buffers': 3, 'SUBTILE_FACTOR': 2}, num_warps=8
start 16384-4096-16384 (27/169)
finish dense ws
finish sparse ws
finish compression ws
finish 16384-4096-16384 -> Dense: 567.7324926380331, Precomp WS: 802.7653914489107, 7.6 WS: 532.1566945422417
  Dense   best config: {'BLOCK_SIZE_M': 128, 'BLOCK_SIZE_N': 256, 'BLOCK_SIZE_K': 64, 'num_buffers': 3, 'SUBTILE_FACTOR': 2}, num_warps=8
  Sparse  best config: {'BLOCK_SIZE_M': 128, 'BLOCK_SIZE_N': 256, 'BLOCK_SIZE_K': 64, 'num_buffers': 5, 'SUBTILE_FACTOR': 8}, num_warps=8
  Runtime best config: {'BLOCK_SIZE_M': 128, 'BLOCK_SIZE_N': 256, 'BLOCK_SIZE_K': 64, 'num_buffers': 3, 'SUBTILE_FACTOR': 2}, num_warps=8
start 32768-4096-8192 (28/169)
finish dense ws
finish sparse ws
finish compression ws
finish 32768-4096-8192 -> Dense: 549.5320215665043, Precomp WS: 790.4298439936781, 7.6 WS: 528.4455808391523
  Dense   best config: {'BLOCK_SIZE_M': 128, 'BLOCK_SIZE_N': 256, 'BLOCK_SIZE_K': 64, 'num_buffers': 3, 'SUBTILE_FACTOR': 4}, num_warps=8
  Sparse  best config: {'BLOCK_SIZE_M': 128, 'BLOCK_SIZE_N': 256, 'BLOCK_SIZE_K': 64, 'num_buffers': 4, 'SUBTILE_FACTOR': 8}, num_warps=8
  Runtime best config: {'BLOCK_SIZE_M': 128, 'BLOCK_SIZE_N': 256, 'BLOCK_SIZE_K': 64, 'num_buffers': 3, 'SUBTILE_FACTOR': 2}, num_warps=8
start 4096-4096-49152 (29/169)
finish dense ws
finish sparse ws
finish compression ws
finish 4096-4096-49152 -> Dense: 535.7246439068723, Precomp WS: 735.066306003499, 7.6 WS: 510.97560604196184
  Dense   best config: {'BLOCK_SIZE_M': 128, 'BLOCK_SIZE_N': 256, 'BLOCK_SIZE_K': 64, 'num_buffers': 3, 'SUBTILE_FACTOR': 4}, num_warps=8
  Sparse  best config: {'BLOCK_SIZE_M': 128, 'BLOCK_SIZE_N': 256, 'BLOCK_SIZE_K': 64, 'num_buffers': 5, 'SUBTILE_FACTOR': 8}, num_warps=8
  Runtime best config: {'BLOCK_SIZE_M': 128, 'BLOCK_SIZE_N': 256, 'BLOCK_SIZE_K': 64, 'num_buffers': 3, 'SUBTILE_FACTOR': 4}, num_warps=8
start 6144-4096-32768 (30/169)
finish dense ws
finish sparse ws
finish compression ws
finish 6144-4096-32768 -> Dense: 532.3123941256151, Precomp WS: 737.8132926107946, 7.6 WS: 522.3604018410094
  Dense   best config: {'BLOCK_SIZE_M': 128, 'BLOCK_SIZE_N': 256, 'BLOCK_SIZE_K': 64, 'num_buffers': 4, 'SUBTILE_FACTOR': 4}, num_warps=8
  Sparse  best config: {'BLOCK_SIZE_M': 128, 'BLOCK_SIZE_N': 256, 'BLOCK_SIZE_K': 64, 'num_buffers': 4, 'SUBTILE_FACTOR': 8}, num_warps=8
  Runtime best config: {'BLOCK_SIZE_M': 128, 'BLOCK_SIZE_N': 256, 'BLOCK_SIZE_K': 64, 'num_buffers': 3, 'SUBTILE_FACTOR': 4}, num_warps=8
start 8192-4096-24576 (31/169)
finish dense ws
finish sparse ws
finish compression ws
finish 8192-4096-24576 -> Dense: 535.3419224271955, Precomp WS: 734.4560773900422, 7.6 WS: 507.5801853033323
  Dense   best config: {'BLOCK_SIZE_M': 128, 'BLOCK_SIZE_N': 256, 'BLOCK_SIZE_K': 64, 'num_buffers': 3, 'SUBTILE_FACTOR': 4}, num_warps=8
  Sparse  best config: {'BLOCK_SIZE_M': 128, 'BLOCK_SIZE_N': 256, 'BLOCK_SIZE_K': 64, 'num_buffers': 4, 'SUBTILE_FACTOR': 8}, num_warps=8
  Runtime best config: {'BLOCK_SIZE_M': 128, 'BLOCK_SIZE_N': 256, 'BLOCK_SIZE_K': 64, 'num_buffers': 3, 'SUBTILE_FACTOR': 4}, num_warps=8
start 12288-4096-16384 (32/169)
finish dense ws
finish sparse ws
finish compression ws
finish 12288-4096-16384 -> Dense: 534.6241303967985, Precomp WS: 727.4265518188065, 7.6 WS: 505.8058226726428
  Dense   best config: {'BLOCK_SIZE_M': 128, 'BLOCK_SIZE_N': 256, 'BLOCK_SIZE_K': 64, 'num_buffers': 3, 'SUBTILE_FACTOR': 4}, num_warps=8
  Sparse  best config: {'BLOCK_SIZE_M': 128, 'BLOCK_SIZE_N': 256, 'BLOCK_SIZE_K': 64, 'num_buffers': 5, 'SUBTILE_FACTOR': 8}, num_warps=8
  Runtime best config: {'BLOCK_SIZE_M': 128, 'BLOCK_SIZE_N': 256, 'BLOCK_SIZE_K': 64, 'num_buffers': 3, 'SUBTILE_FACTOR': 2}, num_warps=8
start 16384-4096-12288 (33/169)
finish dense ws
finish sparse ws
finish compression ws
finish 16384-4096-12288 -> Dense: 525.2614191681492, Precomp WS: 726.4899690134628, 7.6 WS: 512.292112509878
  Dense   best config: {'BLOCK_SIZE_M': 128, 'BLOCK_SIZE_N': 256, 'BLOCK_SIZE_K': 64, 'num_buffers': 3, 'SUBTILE_FACTOR': 4}, num_warps=8
  Sparse  best config: {'BLOCK_SIZE_M': 128, 'BLOCK_SIZE_N': 256, 'BLOCK_SIZE_K': 64, 'num_buffers': 5, 'SUBTILE_FACTOR': 8}, num_warps=8
  Runtime best config: {'BLOCK_SIZE_M': 128, 'BLOCK_SIZE_N': 256, 'BLOCK_SIZE_K': 64, 'num_buffers': 3, 'SUBTILE_FACTOR': 2}, num_warps=8
start 24576-4096-8192 (34/169)
finish dense ws
finish sparse ws
finish compression ws
finish 24576-4096-8192 -> Dense: 525.1282001190845, Precomp WS: 721.0680119757083, 7.6 WS: 509.30409442517407
  Dense   best config: {'BLOCK_SIZE_M': 128, 'BLOCK_SIZE_N': 256, 'BLOCK_SIZE_K': 64, 'num_buffers': 3, 'SUBTILE_FACTOR': 4}, num_warps=8
  Sparse  best config: {'BLOCK_SIZE_M': 128, 'BLOCK_SIZE_N': 256, 'BLOCK_SIZE_K': 64, 'num_buffers': 4, 'SUBTILE_FACTOR': 8}, num_warps=8
  Runtime best config: {'BLOCK_SIZE_M': 128, 'BLOCK_SIZE_N': 256, 'BLOCK_SIZE_K': 64, 'num_buffers': 3, 'SUBTILE_FACTOR': 2}, num_warps=8
start 32768-4096-6144 (35/169)
finish dense ws
finish sparse ws
finish compression ws
finish 32768-4096-6144 -> Dense: 158.28836933766777, Precomp WS: 721.4742855483777, 7.6 WS: 504.06657215733895
  Dense   best config: {'BLOCK_SIZE_M': 128, 'BLOCK_SIZE_N': 256, 'BLOCK_SIZE_K': 64, 'num_buffers': 3, 'SUBTILE_FACTOR': 4}, num_warps=8
  Sparse  best config: {'BLOCK_SIZE_M': 128, 'BLOCK_SIZE_N': 256, 'BLOCK_SIZE_K': 64, 'num_buffers': 4, 'SUBTILE_FACTOR': 8}, num_warps=8
  Runtime best config: {'BLOCK_SIZE_M': 128, 'BLOCK_SIZE_N': 256, 'BLOCK_SIZE_K': 64, 'num_buffers': 3, 'SUBTILE_FACTOR': 2}, num_warps=8
start 49152-4096-4096 (36/169)
finish dense ws
finish sparse ws
finish compression ws
finish 49152-4096-4096 -> Dense: 525.681919913415, Precomp WS: 717.9815528478772, 7.6 WS: 503.4111184862628
  Dense   best config: {'BLOCK_SIZE_M': 128, 'BLOCK_SIZE_N': 256, 'BLOCK_SIZE_K': 64, 'num_buffers': 4, 'SUBTILE_FACTOR': 4}, num_warps=8
  Sparse  best config: {'BLOCK_SIZE_M': 128, 'BLOCK_SIZE_N': 256, 'BLOCK_SIZE_K': 64, 'num_buffers': 4, 'SUBTILE_FACTOR': 8}, num_warps=8
  Runtime best config: {'BLOCK_SIZE_M': 128, 'BLOCK_SIZE_N': 256, 'BLOCK_SIZE_K': 64, 'num_buffers': 3, 'SUBTILE_FACTOR': 2}, num_warps=8
start 3072-4096-49152 (37/169)
finish dense ws
finish sparse ws
finish compression ws
finish 3072-4096-49152 -> Dense: 496.3723599915171, Precomp WS: 666.3091442808139, 7.6 WS: 486.6675505574953
  Dense   best config: {'BLOCK_SIZE_M': 128, 'BLOCK_SIZE_N': 256, 'BLOCK_SIZE_K': 64, 'num_buffers': 4, 'SUBTILE_FACTOR': 8}, num_warps=8
  Sparse  best config: {'BLOCK_SIZE_M': 128, 'BLOCK_SIZE_N': 256, 'BLOCK_SIZE_K': 64, 'num_buffers': 5, 'SUBTILE_FACTOR': 8}, num_warps=8
  Runtime best config: {'BLOCK_SIZE_M': 128, 'BLOCK_SIZE_N': 256, 'BLOCK_SIZE_K': 64, 'num_buffers': 3, 'SUBTILE_FACTOR': 4}, num_warps=8
start 6144-4096-24576 (38/169)
finish dense ws
finish sparse ws
finish compression ws
finish 6144-4096-24576 -> Dense: 497.6159272086003, Precomp WS: 656.1502647843846, 7.6 WS: 472.9572684589205
  Dense   best config: {'BLOCK_SIZE_M': 128, 'BLOCK_SIZE_N': 256, 'BLOCK_SIZE_K': 64, 'num_buffers': 3, 'SUBTILE_FACTOR': 4}, num_warps=8
  Sparse  best config: {'BLOCK_SIZE_M': 128, 'BLOCK_SIZE_N': 256, 'BLOCK_SIZE_K': 64, 'num_buffers': 5, 'SUBTILE_FACTOR': 8}, num_warps=8
  Runtime best config: {'BLOCK_SIZE_M': 128, 'BLOCK_SIZE_N': 256, 'BLOCK_SIZE_K': 64, 'num_buffers': 3, 'SUBTILE_FACTOR': 4}, num_warps=8
start 12288-4096-12288 (39/169)
finish dense ws
finish sparse ws
finish compression ws
finish 12288-4096-12288 -> Dense: 494.0997937631699, Precomp WS: 650.6830867515075, 7.6 WS: 471.95153850769844
  Dense   best config: {'BLOCK_SIZE_M': 128, 'BLOCK_SIZE_N': 256, 'BLOCK_SIZE_K': 64, 'num_buffers': 3, 'SUBTILE_FACTOR': 4}, num_warps=8
  Sparse  best config: {'BLOCK_SIZE_M': 128, 'BLOCK_SIZE_N': 256, 'BLOCK_SIZE_K': 64, 'num_buffers': 5, 'SUBTILE_FACTOR': 8}, num_warps=8
  Runtime best config: {'BLOCK_SIZE_M': 128, 'BLOCK_SIZE_N': 256, 'BLOCK_SIZE_K': 64, 'num_buffers': 3, 'SUBTILE_FACTOR': 4}, num_warps=8
start 24576-4096-6144 (40/169)
finish dense ws
finish sparse ws
finish compression ws
finish 24576-4096-6144 -> Dense: 487.93863723103755, Precomp WS: 649.1548715442282, 7.6 WS: 469.8955649273108
  Dense   best config: {'BLOCK_SIZE_M': 128, 'BLOCK_SIZE_N': 256, 'BLOCK_SIZE_K': 64, 'num_buffers': 3, 'SUBTILE_FACTOR': 4}, num_warps=8
  Sparse  best config: {'BLOCK_SIZE_M': 128, 'BLOCK_SIZE_N': 256, 'BLOCK_SIZE_K': 64, 'num_buffers': 4, 'SUBTILE_FACTOR': 8}, num_warps=8
  Runtime best config: {'BLOCK_SIZE_M': 128, 'BLOCK_SIZE_N': 256, 'BLOCK_SIZE_K': 64, 'num_buffers': 3, 'SUBTILE_FACTOR': 2}, num_warps=8
start 49152-4096-3072 (41/169)
finish dense ws
finish sparse ws
finish compression ws
finish 49152-4096-3072 -> Dense: 483.92767818367804, Precomp WS: 640.2852842565644, 7.6 WS: 476.29472808476424
  Dense   best config: {'BLOCK_SIZE_M': 128, 'BLOCK_SIZE_N': 256, 'BLOCK_SIZE_K': 64, 'num_buffers': 3, 'SUBTILE_FACTOR': 4}, num_warps=8
  Sparse  best config: {'BLOCK_SIZE_M': 128, 'BLOCK_SIZE_N': 256, 'BLOCK_SIZE_K': 64, 'num_buffers': 5, 'SUBTILE_FACTOR': 8}, num_warps=8
  Runtime best config: {'BLOCK_SIZE_M': 128, 'BLOCK_SIZE_N': 256, 'BLOCK_SIZE_K': 64, 'num_buffers': 3, 'SUBTILE_FACTOR': 2}, num_warps=8
start 4096-4096-32768 (42/169)
finish dense ws
finish sparse ws
finish compression ws
finish 4096-4096-32768 -> Dense: 483.3713152645591, Precomp WS: 627.8095137346327, 7.6 WS: 465.93670779591196
  Dense   best config: {'BLOCK_SIZE_M': 128, 'BLOCK_SIZE_N': 256, 'BLOCK_SIZE_K': 64, 'num_buffers': 3, 'SUBTILE_FACTOR': 2}, num_warps=8
  Sparse  best config: {'BLOCK_SIZE_M': 128, 'BLOCK_SIZE_N': 256, 'BLOCK_SIZE_K': 64, 'num_buffers': 5, 'SUBTILE_FACTOR': 8}, num_warps=8
  Runtime best config: {'BLOCK_SIZE_M': 128, 'BLOCK_SIZE_N': 256, 'BLOCK_SIZE_K': 64, 'num_buffers': 3, 'SUBTILE_FACTOR': 4}, num_warps=8
start 8192-4096-16384 (43/169)
finish dense ws
finish sparse ws
finish compression ws
finish 8192-4096-16384 -> Dense: 473.0158285509326, Precomp WS: 619.8079948071537, 7.6 WS: 463.0948543889513
  Dense   best config: {'BLOCK_SIZE_M': 128, 'BLOCK_SIZE_N': 256, 'BLOCK_SIZE_K': 64, 'num_buffers': 3, 'SUBTILE_FACTOR': 4}, num_warps=8
  Sparse  best config: {'BLOCK_SIZE_M': 128, 'BLOCK_SIZE_N': 256, 'BLOCK_SIZE_K': 64, 'num_buffers': 4, 'SUBTILE_FACTOR': 8}, num_warps=8
  Runtime best config: {'BLOCK_SIZE_M': 128, 'BLOCK_SIZE_N': 256, 'BLOCK_SIZE_K': 64, 'num_buffers': 3, 'SUBTILE_FACTOR': 2}, num_warps=8
start 16384-4096-8192 (44/169)
finish dense ws
finish sparse ws
finish compression ws
finish 16384-4096-8192 -> Dense: 120.03119041235793, Precomp WS: 615.7969600661189, 7.6 WS: 458.48816949645754
  Dense   best config: {'BLOCK_SIZE_M': 128, 'BLOCK_SIZE_N': 256, 'BLOCK_SIZE_K': 64, 'num_buffers': 3, 'SUBTILE_FACTOR': 4}, num_warps=8
  Sparse  best config: {'BLOCK_SIZE_M': 128, 'BLOCK_SIZE_N': 256, 'BLOCK_SIZE_K': 64, 'num_buffers': 4, 'SUBTILE_FACTOR': 8}, num_warps=8
  Runtime best config: {'BLOCK_SIZE_M': 128, 'BLOCK_SIZE_N': 256, 'BLOCK_SIZE_K': 64, 'num_buffers': 3, 'SUBTILE_FACTOR': 2}, num_warps=8
start 32768-4096-4096 (45/169)
finish dense ws
finish sparse ws
finish compression ws
finish 32768-4096-4096 -> Dense: 464.8208978697431, Precomp WS: 604.8864515914763, 7.6 WS: 458.1109300953767
  Dense   best config: {'BLOCK_SIZE_M': 128, 'BLOCK_SIZE_N': 256, 'BLOCK_SIZE_K': 64, 'num_buffers': 3, 'SUBTILE_FACTOR': 2}, num_warps=8
  Sparse  best config: {'BLOCK_SIZE_M': 128, 'BLOCK_SIZE_N': 256, 'BLOCK_SIZE_K': 64, 'num_buffers': 4, 'SUBTILE_FACTOR': 4}, num_warps=8
  Runtime best config: {'BLOCK_SIZE_M': 128, 'BLOCK_SIZE_N': 256, 'BLOCK_SIZE_K': 64, 'num_buffers': 3, 'SUBTILE_FACTOR': 2}, num_warps=8
start 2048-4096-49152 (46/169)
finish dense ws
finish sparse ws
finish compression ws
finish 2048-4096-49152 -> Dense: 434.2243481266001, Precomp WS: 544.2021027355647, 7.6 WS: 421.17142537606003
  Dense   best config: {'BLOCK_SIZE_M': 128, 'BLOCK_SIZE_N': 256, 'BLOCK_SIZE_K': 64, 'num_buffers': 3, 'SUBTILE_FACTOR': 4}, num_warps=8
  Sparse  best config: {'BLOCK_SIZE_M': 128, 'BLOCK_SIZE_N': 256, 'BLOCK_SIZE_K': 64, 'num_buffers': 5, 'SUBTILE_FACTOR': 8}, num_warps=8
  Runtime best config: {'BLOCK_SIZE_M': 128, 'BLOCK_SIZE_N': 256, 'BLOCK_SIZE_K': 64, 'num_buffers': 3, 'SUBTILE_FACTOR': 4}, num_warps=8
start 3072-4096-32768 (47/169)
finish dense ws
finish sparse ws
finish compression ws
finish 3072-4096-32768 -> Dense: 431.61952685830505, Precomp WS: 543.1900646314516, 7.6 WS: 423.09568158693384
  Dense   best config: {'BLOCK_SIZE_M': 128, 'BLOCK_SIZE_N': 256, 'BLOCK_SIZE_K': 64, 'num_buffers': 3, 'SUBTILE_FACTOR': 2}, num_warps=8
  Sparse  best config: {'BLOCK_SIZE_M': 128, 'BLOCK_SIZE_N': 256, 'BLOCK_SIZE_K': 64, 'num_buffers': 5, 'SUBTILE_FACTOR': 8}, num_warps=8
  Runtime best config: {'BLOCK_SIZE_M': 128, 'BLOCK_SIZE_N': 256, 'BLOCK_SIZE_K': 64, 'num_buffers': 3, 'SUBTILE_FACTOR': 4}, num_warps=8
start 4096-4096-24576 (48/169)
finish dense ws
finish sparse ws
finish compression ws
finish 4096-4096-24576 -> Dense: 431.78206655095386, Precomp WS: 542.8605191167372, 7.6 WS: 415.82722262352485
  Dense   best config: {'BLOCK_SIZE_M': 128, 'BLOCK_SIZE_N': 256, 'BLOCK_SIZE_K': 64, 'num_buffers': 3, 'SUBTILE_FACTOR': 2}, num_warps=8
  Sparse  best config: {'BLOCK_SIZE_M': 128, 'BLOCK_SIZE_N': 256, 'BLOCK_SIZE_K': 64, 'num_buffers': 4, 'SUBTILE_FACTOR': 8}, num_warps=8
  Runtime best config: {'BLOCK_SIZE_M': 128, 'BLOCK_SIZE_N': 256, 'BLOCK_SIZE_K': 64, 'num_buffers': 3, 'SUBTILE_FACTOR': 4}, num_warps=8
start 6144-4096-16384 (49/169)
finish dense ws
finish sparse ws
finish compression ws
finish 6144-4096-16384 -> Dense: 429.80524428855466, Precomp WS: 534.9613986677591, 7.6 WS: 419.1231221080398
  Dense   best config: {'BLOCK_SIZE_M': 128, 'BLOCK_SIZE_N': 256, 'BLOCK_SIZE_K': 64, 'num_buffers': 3, 'SUBTILE_FACTOR': 4}, num_warps=8
  Sparse  best config: {'BLOCK_SIZE_M': 128, 'BLOCK_SIZE_N': 256, 'BLOCK_SIZE_K': 64, 'num_buffers': 5, 'SUBTILE_FACTOR': 8}, num_warps=8
  Runtime best config: {'BLOCK_SIZE_M': 128, 'BLOCK_SIZE_N': 256, 'BLOCK_SIZE_K': 64, 'num_buffers': 3, 'SUBTILE_FACTOR': 4}, num_warps=8
start 8192-4096-12288 (50/169)
finish dense ws
finish sparse ws
finish compression ws
finish 8192-4096-12288 -> Dense: 419.97851666971576, Precomp WS: 538.2368899235876, 7.6 WS: 420.2009999936176
  Dense   best config: {'BLOCK_SIZE_M': 128, 'BLOCK_SIZE_N': 256, 'BLOCK_SIZE_K': 64, 'num_buffers': 3, 'SUBTILE_FACTOR': 4}, num_warps=8
  Sparse  best config: {'BLOCK_SIZE_M': 128, 'BLOCK_SIZE_N': 256, 'BLOCK_SIZE_K': 64, 'num_buffers': 5, 'SUBTILE_FACTOR': 8}, num_warps=8
  Runtime best config: {'BLOCK_SIZE_M': 128, 'BLOCK_SIZE_N': 256, 'BLOCK_SIZE_K': 64, 'num_buffers': 3, 'SUBTILE_FACTOR': 2}, num_warps=8
start 12288-4096-8192 (51/169)
finish dense ws
finish sparse ws
finish compression ws
finish 12288-4096-8192 -> Dense: 426.90732399472785, Precomp WS: 534.2999893028738, 7.6 WS: 419.64547766599196
  Dense   best config: {'BLOCK_SIZE_M': 128, 'BLOCK_SIZE_N': 256, 'BLOCK_SIZE_K': 64, 'num_buffers': 3, 'SUBTILE_FACTOR': 4}, num_warps=8
  Sparse  best config: {'BLOCK_SIZE_M': 128, 'BLOCK_SIZE_N': 256, 'BLOCK_SIZE_K': 64, 'num_buffers': 5, 'SUBTILE_FACTOR': 8}, num_warps=8
  Runtime best config: {'BLOCK_SIZE_M': 128, 'BLOCK_SIZE_N': 256, 'BLOCK_SIZE_K': 64, 'num_buffers': 3, 'SUBTILE_FACTOR': 2}, num_warps=8
start 16384-4096-6144 (52/169)
finish dense ws
finish sparse ws
finish compression ws
finish 16384-4096-6144 -> Dense: 424.1359070724616, Precomp WS: 529.5108746977431, 7.6 WS: 411.897420775432
  Dense   best config: {'BLOCK_SIZE_M': 128, 'BLOCK_SIZE_N': 256, 'BLOCK_SIZE_K': 64, 'num_buffers': 3, 'SUBTILE_FACTOR': 4}, num_warps=8
  Sparse  best config: {'BLOCK_SIZE_M': 128, 'BLOCK_SIZE_N': 256, 'BLOCK_SIZE_K': 64, 'num_buffers': 4, 'SUBTILE_FACTOR': 8}, num_warps=8
  Runtime best config: {'BLOCK_SIZE_M': 128, 'BLOCK_SIZE_N': 256, 'BLOCK_SIZE_K': 64, 'num_buffers': 3, 'SUBTILE_FACTOR': 2}, num_warps=8
start 24576-4096-4096 (53/169)
finish dense ws
finish sparse ws
finish compression ws
finish 24576-4096-4096 -> Dense: 420.77893894107785, Precomp WS: 529.8422769165867, 7.6 WS: 414.73789511565053
  Dense   best config: {'BLOCK_SIZE_M': 128, 'BLOCK_SIZE_N': 256, 'BLOCK_SIZE_K': 64, 'num_buffers': 3, 'SUBTILE_FACTOR': 4}, num_warps=8
  Sparse  best config: {'BLOCK_SIZE_M': 128, 'BLOCK_SIZE_N': 256, 'BLOCK_SIZE_K': 64, 'num_buffers': 5, 'SUBTILE_FACTOR': 8}, num_warps=8
  Runtime best config: {'BLOCK_SIZE_M': 128, 'BLOCK_SIZE_N': 256, 'BLOCK_SIZE_K': 64, 'num_buffers': 3, 'SUBTILE_FACTOR': 2}, num_warps=8
start 32768-4096-3072 (54/169)
finish dense ws
finish sparse ws
finish compression ws
finish 32768-4096-3072 -> Dense: 416.82984648767837, Precomp WS: 522.8545472606208, 7.6 WS: 414.49804411785107
  Dense   best config: {'BLOCK_SIZE_M': 128, 'BLOCK_SIZE_N': 256, 'BLOCK_SIZE_K': 64, 'num_buffers': 3, 'SUBTILE_FACTOR': 4}, num_warps=8
  Sparse  best config: {'BLOCK_SIZE_M': 128, 'BLOCK_SIZE_N': 256, 'BLOCK_SIZE_K': 64, 'num_buffers': 4, 'SUBTILE_FACTOR': 8}, num_warps=8
  Runtime best config: {'BLOCK_SIZE_M': 128, 'BLOCK_SIZE_N': 256, 'BLOCK_SIZE_K': 64, 'num_buffers': 3, 'SUBTILE_FACTOR': 2}, num_warps=8
start 49152-4096-2048 (55/169)
finish dense ws
finish sparse ws
finish compression ws
finish 49152-4096-2048 -> Dense: 422.2096873391307, Precomp WS: 525.5509316988429, 7.6 WS: 413.52978120065956
  Dense   best config: {'BLOCK_SIZE_M': 128, 'BLOCK_SIZE_N': 256, 'BLOCK_SIZE_K': 64, 'num_buffers': 3, 'SUBTILE_FACTOR': 2}, num_warps=8
  Sparse  best config: {'BLOCK_SIZE_M': 128, 'BLOCK_SIZE_N': 256, 'BLOCK_SIZE_K': 64, 'num_buffers': 4, 'SUBTILE_FACTOR': 8}, num_warps=8
  Runtime best config: {'BLOCK_SIZE_M': 128, 'BLOCK_SIZE_N': 256, 'BLOCK_SIZE_K': 64, 'num_buffers': 3, 'SUBTILE_FACTOR': 2}, num_warps=8
start 1536-4096-49152 (56/169)
finish dense ws
finish sparse ws
finish compression ws
finish 1536-4096-49152 -> Dense: 369.5430133797133, Precomp WS: 444.38835853325133, 7.6 WS: 313.06799885832726
  Dense   best config: {'BLOCK_SIZE_M': 128, 'BLOCK_SIZE_N': 128, 'BLOCK_SIZE_K': 64, 'num_buffers': 6, 'SUBTILE_FACTOR': 8}, num_warps=4
  Sparse  best config: {'BLOCK_SIZE_M': 128, 'BLOCK_SIZE_N': 128, 'BLOCK_SIZE_K': 128, 'num_buffers': 4, 'SUBTILE_FACTOR': 4}, num_warps=4
  Runtime best config: {'BLOCK_SIZE_M': 128, 'BLOCK_SIZE_N': 256, 'BLOCK_SIZE_K': 64, 'num_buffers': 4, 'SUBTILE_FACTOR': 8}, num_warps=8
start 3072-4096-24576 (57/169)
finish dense ws
finish sparse ws
finish compression ws
finish 3072-4096-24576 -> Dense: 380.46241115272755, Precomp WS: 460.7809087502308, 7.6 WS: 364.84676646854257
  Dense   best config: {'BLOCK_SIZE_M': 128, 'BLOCK_SIZE_N': 256, 'BLOCK_SIZE_K': 64, 'num_buffers': 3, 'SUBTILE_FACTOR': 2}, num_warps=8
  Sparse  best config: {'BLOCK_SIZE_M': 128, 'BLOCK_SIZE_N': 256, 'BLOCK_SIZE_K': 64, 'num_buffers': 5, 'SUBTILE_FACTOR': 8}, num_warps=8
  Runtime best config: {'BLOCK_SIZE_M': 128, 'BLOCK_SIZE_N': 256, 'BLOCK_SIZE_K': 64, 'num_buffers': 3, 'SUBTILE_FACTOR': 4}, num_warps=8
start 6144-4096-12288 (58/169)
finish dense ws
finish sparse ws
finish compression ws
finish 6144-4096-12288 -> Dense: 378.375045998015, Precomp WS: 455.57038464823364, 7.6 WS: 365.5003306398118
  Dense   best config: {'BLOCK_SIZE_M': 128, 'BLOCK_SIZE_N': 256, 'BLOCK_SIZE_K': 64, 'num_buffers': 3, 'SUBTILE_FACTOR': 4}, num_warps=8
  Sparse  best config: {'BLOCK_SIZE_M': 128, 'BLOCK_SIZE_N': 256, 'BLOCK_SIZE_K': 64, 'num_buffers': 5, 'SUBTILE_FACTOR': 8}, num_warps=8
  Runtime best config: {'BLOCK_SIZE_M': 128, 'BLOCK_SIZE_N': 256, 'BLOCK_SIZE_K': 64, 'num_buffers': 3, 'SUBTILE_FACTOR': 2}, num_warps=8
start 12288-4096-6144 (59/169)
finish dense ws
finish sparse ws
finish compression ws
finish 12288-4096-6144 -> Dense: 375.1201462701316, Precomp WS: 454.2187655920734, 7.6 WS: 369.7971615297183
  Dense   best config: {'BLOCK_SIZE_M': 128, 'BLOCK_SIZE_N': 256, 'BLOCK_SIZE_K': 64, 'num_buffers': 3, 'SUBTILE_FACTOR': 4}, num_warps=8
  Sparse  best config: {'BLOCK_SIZE_M': 128, 'BLOCK_SIZE_N': 256, 'BLOCK_SIZE_K': 64, 'num_buffers': 5, 'SUBTILE_FACTOR': 8}, num_warps=8
  Runtime best config: {'BLOCK_SIZE_M': 128, 'BLOCK_SIZE_N': 256, 'BLOCK_SIZE_K': 64, 'num_buffers': 3, 'SUBTILE_FACTOR': 2}, num_warps=8
start 24576-4096-3072 (60/169)
finish dense ws
finish sparse ws
finish compression ws
finish 24576-4096-3072 -> Dense: 368.77984582491666, Precomp WS: 443.37485300088696, 7.6 WS: 365.36978742968887
  Dense   best config: {'BLOCK_SIZE_M': 128, 'BLOCK_SIZE_N': 256, 'BLOCK_SIZE_K': 64, 'num_buffers': 3, 'SUBTILE_FACTOR': 2}, num_warps=8
  Sparse  best config: {'BLOCK_SIZE_M': 128, 'BLOCK_SIZE_N': 256, 'BLOCK_SIZE_K': 64, 'num_buffers': 4, 'SUBTILE_FACTOR': 8}, num_warps=8
  Runtime best config: {'BLOCK_SIZE_M': 128, 'BLOCK_SIZE_N': 256, 'BLOCK_SIZE_K': 64, 'num_buffers': 3, 'SUBTILE_FACTOR': 2}, num_warps=8
start 49152-4096-1536 (61/169)
finish dense ws
finish sparse ws
finish compression ws
finish 49152-4096-1536 -> Dense: 370.1485855913105, Precomp WS: 447.0504127005301, 7.6 WS: 365.2633645246945
  Dense   best config: {'BLOCK_SIZE_M': 128, 'BLOCK_SIZE_N': 256, 'BLOCK_SIZE_K': 64, 'num_buffers': 3, 'SUBTILE_FACTOR': 2}, num_warps=8
  Sparse  best config: {'BLOCK_SIZE_M': 128, 'BLOCK_SIZE_N': 256, 'BLOCK_SIZE_K': 64, 'num_buffers': 4, 'SUBTILE_FACTOR': 4}, num_warps=8
  Runtime best config: {'BLOCK_SIZE_M': 128, 'BLOCK_SIZE_N': 256, 'BLOCK_SIZE_K': 64, 'num_buffers': 3, 'SUBTILE_FACTOR': 2}, num_warps=8
start 2048-4096-32768 (62/169)
finish dense ws
finish sparse ws
finish compression ws
finish 2048-4096-32768 -> Dense: 352.5838473120822, Precomp WS: 428.7778783022868, 7.6 WS: 342.7148349414266
  Dense   best config: {'BLOCK_SIZE_M': 128, 'BLOCK_SIZE_N': 256, 'BLOCK_SIZE_K': 64, 'num_buffers': 4, 'SUBTILE_FACTOR': 4}, num_warps=8
  Sparse  best config: {'BLOCK_SIZE_M': 128, 'BLOCK_SIZE_N': 256, 'BLOCK_SIZE_K': 64, 'num_buffers': 5, 'SUBTILE_FACTOR': 8}, num_warps=8
  Runtime best config: {'BLOCK_SIZE_M': 128, 'BLOCK_SIZE_N': 256, 'BLOCK_SIZE_K': 64, 'num_buffers': 3, 'SUBTILE_FACTOR': 4}, num_warps=8
start 4096-4096-16384 (63/169)
finish dense ws
finish sparse ws
finish compression ws
finish 4096-4096-16384 -> Dense: 351.08060105022855, Precomp WS: 77.02530333944105, 7.6 WS: 350.2136440280927
  Dense   best config: {'BLOCK_SIZE_M': 256, 'BLOCK_SIZE_N': 128, 'BLOCK_SIZE_K': 64, 'num_buffers': 4, 'SUBTILE_FACTOR': 4}, num_warps=8
  Sparse  best config: {'BLOCK_SIZE_M': 128, 'BLOCK_SIZE_N': 256, 'BLOCK_SIZE_K': 64, 'num_buffers': 5, 'SUBTILE_FACTOR': 8}, num_warps=8
  Runtime best config: {'BLOCK_SIZE_M': 128, 'BLOCK_SIZE_N': 256, 'BLOCK_SIZE_K': 64, 'num_buffers': 3, 'SUBTILE_FACTOR': 4}, num_warps=8
start 8192-4096-8192 (64/169)
finish dense ws
finish sparse ws
finish compression ws
finish 8192-4096-8192 -> Dense: 349.4875430704139, Precomp WS: 420.9717337791011, 7.6 WS: 341.69924432441667
  Dense   best config: {'BLOCK_SIZE_M': 256, 'BLOCK_SIZE_N': 128, 'BLOCK_SIZE_K': 64, 'num_buffers': 4, 'SUBTILE_FACTOR': 4}, num_warps=8
  Sparse  best config: {'BLOCK_SIZE_M': 128, 'BLOCK_SIZE_N': 256, 'BLOCK_SIZE_K': 64, 'num_buffers': 5, 'SUBTILE_FACTOR': 8}, num_warps=8
  Runtime best config: {'BLOCK_SIZE_M': 128, 'BLOCK_SIZE_N': 256, 'BLOCK_SIZE_K': 64, 'num_buffers': 3, 'SUBTILE_FACTOR': 2}, num_warps=8
start 16384-4096-4096 (65/169)
finish dense ws
finish sparse ws
finish compression ws
finish 16384-4096-4096 -> Dense: 347.9416643829487, Precomp WS: 419.02367718920266, 7.6 WS: 344.2742521904363
  Dense   best config: {'BLOCK_SIZE_M': 128, 'BLOCK_SIZE_N': 256, 'BLOCK_SIZE_K': 64, 'num_buffers': 4, 'SUBTILE_FACTOR': 8}, num_warps=8
  Sparse  best config: {'BLOCK_SIZE_M': 128, 'BLOCK_SIZE_N': 256, 'BLOCK_SIZE_K': 64, 'num_buffers': 5, 'SUBTILE_FACTOR': 8}, num_warps=8
  Runtime best config: {'BLOCK_SIZE_M': 128, 'BLOCK_SIZE_N': 256, 'BLOCK_SIZE_K': 64, 'num_buffers': 3, 'SUBTILE_FACTOR': 2}, num_warps=8
start 32768-4096-2048 (66/169)
finish dense ws
finish sparse ws
finish compression ws
finish 32768-4096-2048 -> Dense: 350.1695270905727, Precomp WS: 415.96788528581925, 7.6 WS: 344.1228729139498
  Dense   best config: {'BLOCK_SIZE_M': 128, 'BLOCK_SIZE_N': 256, 'BLOCK_SIZE_K': 64, 'num_buffers': 3, 'SUBTILE_FACTOR': 2}, num_warps=8
  Sparse  best config: {'BLOCK_SIZE_M': 128, 'BLOCK_SIZE_N': 256, 'BLOCK_SIZE_K': 64, 'num_buffers': 5, 'SUBTILE_FACTOR': 8}, num_warps=8
  Runtime best config: {'BLOCK_SIZE_M': 128, 'BLOCK_SIZE_N': 256, 'BLOCK_SIZE_K': 64, 'num_buffers': 3, 'SUBTILE_FACTOR': 2}, num_warps=8
start 1024-4096-49152 (67/169)
finish dense ws
finish sparse ws
finish compression ws
finish 1024-4096-49152 -> Dense: 304.5103080179766, Precomp WS: 356.30643751258174, 7.6 WS: 299.6416969723453
  Dense   best config: {'BLOCK_SIZE_M': 128, 'BLOCK_SIZE_N': 256, 'BLOCK_SIZE_K': 64, 'num_buffers': 4, 'SUBTILE_FACTOR': 4}, num_warps=8
  Sparse  best config: {'BLOCK_SIZE_M': 128, 'BLOCK_SIZE_N': 256, 'BLOCK_SIZE_K': 64, 'num_buffers': 5, 'SUBTILE_FACTOR': 8}, num_warps=8
  Runtime best config: {'BLOCK_SIZE_M': 128, 'BLOCK_SIZE_N': 256, 'BLOCK_SIZE_K': 64, 'num_buffers': 3, 'SUBTILE_FACTOR': 2}, num_warps=8
start 1536-4096-32768 (68/169)
finish dense ws
finish sparse ws
finish compression ws
finish 1536-4096-32768 -> Dense: 299.9225033981818, Precomp WS: 341.95070014208716, 7.6 WS: 262.50191339919945
  Dense   best config: {'BLOCK_SIZE_M': 128, 'BLOCK_SIZE_N': 128, 'BLOCK_SIZE_K': 64, 'num_buffers': 5, 'SUBTILE_FACTOR': 2}, num_warps=4
  Sparse  best config: {'BLOCK_SIZE_M': 128, 'BLOCK_SIZE_N': 128, 'BLOCK_SIZE_K': 128, 'num_buffers': 4, 'SUBTILE_FACTOR': 4}, num_warps=8
  Runtime best config: {'BLOCK_SIZE_M': 128, 'BLOCK_SIZE_N': 256, 'BLOCK_SIZE_K': 64, 'num_buffers': 3, 'SUBTILE_FACTOR': 2}, num_warps=8
start 2048-4096-24576 (69/169)
finish dense ws
finish sparse ws
finish compression ws
finish 2048-4096-24576 -> Dense: 306.5492211462762, Precomp WS: 355.65994164642615, 7.6 WS: 299.40699913615487
  Dense   best config: {'BLOCK_SIZE_M': 128, 'BLOCK_SIZE_N': 256, 'BLOCK_SIZE_K': 64, 'num_buffers': 4, 'SUBTILE_FACTOR': 4}, num_warps=8
  Sparse  best config: {'BLOCK_SIZE_M': 128, 'BLOCK_SIZE_N': 256, 'BLOCK_SIZE_K': 64, 'num_buffers': 5, 'SUBTILE_FACTOR': 8}, num_warps=8
  Runtime best config: {'BLOCK_SIZE_M': 128, 'BLOCK_SIZE_N': 256, 'BLOCK_SIZE_K': 64, 'num_buffers': 3, 'SUBTILE_FACTOR': 4}, num_warps=8
start 3072-4096-16384 (70/169)
finish dense ws
finish sparse ws
finish compression ws
finish 3072-4096-16384 -> Dense: 304.51296080693123, Precomp WS: 359.27068588654447, 7.6 WS: 298.61667530939445
  Dense   best config: {'BLOCK_SIZE_M': 128, 'BLOCK_SIZE_N': 256, 'BLOCK_SIZE_K': 64, 'num_buffers': 3, 'SUBTILE_FACTOR': 2}, num_warps=8
  Sparse  best config: {'BLOCK_SIZE_M': 128, 'BLOCK_SIZE_N': 256, 'BLOCK_SIZE_K': 64, 'num_buffers': 5, 'SUBTILE_FACTOR': 8}, num_warps=8
  Runtime best config: {'BLOCK_SIZE_M': 128, 'BLOCK_SIZE_N': 256, 'BLOCK_SIZE_K': 64, 'num_buffers': 3, 'SUBTILE_FACTOR': 4}, num_warps=8
start 4096-4096-12288 (71/169)
finish dense ws
finish sparse ws
finish compression ws
finish 4096-4096-12288 -> Dense: 305.3720427461371, Precomp WS: 351.8164678528108, 7.6 WS: 294.5813753121813
  Dense   best config: {'BLOCK_SIZE_M': 128, 'BLOCK_SIZE_N': 256, 'BLOCK_SIZE_K': 64, 'num_buffers': 3, 'SUBTILE_FACTOR': 2}, num_warps=8
  Sparse  best config: {'BLOCK_SIZE_M': 128, 'BLOCK_SIZE_N': 256, 'BLOCK_SIZE_K': 64, 'num_buffers': 5, 'SUBTILE_FACTOR': 8}, num_warps=8
  Runtime best config: {'BLOCK_SIZE_M': 128, 'BLOCK_SIZE_N': 256, 'BLOCK_SIZE_K': 64, 'num_buffers': 3, 'SUBTILE_FACTOR': 2}, num_warps=8
start 6144-4096-8192 (72/169)
finish dense ws
finish sparse ws
finish compression ws
finish 6144-4096-8192 -> Dense: 302.2508352723511, Precomp WS: 349.934450963828, 7.6 WS: 298.6856388448414
  Dense   best config: {'BLOCK_SIZE_M': 128, 'BLOCK_SIZE_N': 256, 'BLOCK_SIZE_K': 64, 'num_buffers': 4, 'SUBTILE_FACTOR': 4}, num_warps=8
  Sparse  best config: {'BLOCK_SIZE_M': 128, 'BLOCK_SIZE_N': 256, 'BLOCK_SIZE_K': 64, 'num_buffers': 5, 'SUBTILE_FACTOR': 8}, num_warps=8
  Runtime best config: {'BLOCK_SIZE_M': 128, 'BLOCK_SIZE_N': 256, 'BLOCK_SIZE_K': 64, 'num_buffers': 3, 'SUBTILE_FACTOR': 2}, num_warps=8
start 8192-4096-6144 (73/169)
finish dense ws
finish sparse ws
finish compression ws
finish 8192-4096-6144 -> Dense: 301.0425453505726, Precomp WS: 349.8023845430609, 7.6 WS: 297.1987201928642
  Dense   best config: {'BLOCK_SIZE_M': 128, 'BLOCK_SIZE_N': 256, 'BLOCK_SIZE_K': 64, 'num_buffers': 3, 'SUBTILE_FACTOR': 4}, num_warps=8
  Sparse  best config: {'BLOCK_SIZE_M': 128, 'BLOCK_SIZE_N': 256, 'BLOCK_SIZE_K': 64, 'num_buffers': 5, 'SUBTILE_FACTOR': 8}, num_warps=8
  Runtime best config: {'BLOCK_SIZE_M': 128, 'BLOCK_SIZE_N': 256, 'BLOCK_SIZE_K': 64, 'num_buffers': 3, 'SUBTILE_FACTOR': 2}, num_warps=8
start 12288-4096-4096 (74/169)
finish dense ws
finish sparse ws
finish compression ws
finish 12288-4096-4096 -> Dense: 298.76826495528, Precomp WS: 347.1194896492609, 7.6 WS: 296.1383723434509
  Dense   best config: {'BLOCK_SIZE_M': 128, 'BLOCK_SIZE_N': 256, 'BLOCK_SIZE_K': 64, 'num_buffers': 4, 'SUBTILE_FACTOR': 4}, num_warps=8
  Sparse  best config: {'BLOCK_SIZE_M': 128, 'BLOCK_SIZE_N': 256, 'BLOCK_SIZE_K': 64, 'num_buffers': 5, 'SUBTILE_FACTOR': 8}, num_warps=8
  Runtime best config: {'BLOCK_SIZE_M': 128, 'BLOCK_SIZE_N': 256, 'BLOCK_SIZE_K': 64, 'num_buffers': 3, 'SUBTILE_FACTOR': 2}, num_warps=8
start 16384-4096-3072 (75/169)
finish dense ws
finish sparse ws
finish compression ws
finish 16384-4096-3072 -> Dense: 296.03658149436734, Precomp WS: 346.55506123304633, 7.6 WS: 295.7298174728713
  Dense   best config: {'BLOCK_SIZE_M': 256, 'BLOCK_SIZE_N': 128, 'BLOCK_SIZE_K': 64, 'num_buffers': 4, 'SUBTILE_FACTOR': 4}, num_warps=8
  Sparse  best config: {'BLOCK_SIZE_M': 128, 'BLOCK_SIZE_N': 256, 'BLOCK_SIZE_K': 64, 'num_buffers': 4, 'SUBTILE_FACTOR': 4}, num_warps=8
  Runtime best config: {'BLOCK_SIZE_M': 128, 'BLOCK_SIZE_N': 256, 'BLOCK_SIZE_K': 64, 'num_buffers': 3, 'SUBTILE_FACTOR': 2}, num_warps=8
start 24576-4096-2048 (76/169)
finish dense ws
finish sparse ws
finish compression ws
finish 24576-4096-2048 -> Dense: 296.8670685377075, Precomp WS: 344.8613519924643, 7.6 WS: 293.92906093310444
  Dense   best config: {'BLOCK_SIZE_M': 128, 'BLOCK_SIZE_N': 128, 'BLOCK_SIZE_K': 64, 'num_buffers': 5, 'SUBTILE_FACTOR': 2}, num_warps=4
  Sparse  best config: {'BLOCK_SIZE_M': 128, 'BLOCK_SIZE_N': 256, 'BLOCK_SIZE_K': 64, 'num_buffers': 4, 'SUBTILE_FACTOR': 4}, num_warps=8
  Runtime best config: {'BLOCK_SIZE_M': 128, 'BLOCK_SIZE_N': 256, 'BLOCK_SIZE_K': 64, 'num_buffers': 3, 'SUBTILE_FACTOR': 2}, num_warps=8
start 32768-4096-1536 (77/169)
finish dense ws
finish sparse ws
finish compression ws
finish 32768-4096-1536 -> Dense: 297.6878351566629, Precomp WS: 342.0097883007291, 7.6 WS: 291.8585776156027
  Dense   best config: {'BLOCK_SIZE_M': 128, 'BLOCK_SIZE_N': 256, 'BLOCK_SIZE_K': 64, 'num_buffers': 3, 'SUBTILE_FACTOR': 2}, num_warps=8
  Sparse  best config: {'BLOCK_SIZE_M': 128, 'BLOCK_SIZE_N': 256, 'BLOCK_SIZE_K': 64, 'num_buffers': 4, 'SUBTILE_FACTOR': 8}, num_warps=8
  Runtime best config: {'BLOCK_SIZE_M': 128, 'BLOCK_SIZE_N': 256, 'BLOCK_SIZE_K': 64, 'num_buffers': 3, 'SUBTILE_FACTOR': 2}, num_warps=8
start 49152-4096-1024 (78/169)
finish dense ws
finish sparse ws
finish compression ws
finish 49152-4096-1024 -> Dense: 293.2870605658698, Precomp WS: 337.0104826890305, 7.6 WS: 291.2865249242182
  Dense   best config: {'BLOCK_SIZE_M': 128, 'BLOCK_SIZE_N': 256, 'BLOCK_SIZE_K': 64, 'num_buffers': 3, 'SUBTILE_FACTOR': 4}, num_warps=8
  Sparse  best config: {'BLOCK_SIZE_M': 128, 'BLOCK_SIZE_N': 256, 'BLOCK_SIZE_K': 64, 'num_buffers': 4, 'SUBTILE_FACTOR': 4}, num_warps=8
  Runtime best config: {'BLOCK_SIZE_M': 128, 'BLOCK_SIZE_N': 256, 'BLOCK_SIZE_K': 64, 'num_buffers': 3, 'SUBTILE_FACTOR': 2}, num_warps=8
start 768-4096-49152 (79/169)
finish dense ws
finish sparse ws
finish compression ws
finish 768-4096-49152 -> Dense: 237.62548542274968, Precomp WS: 277.8630370220113, 7.6 WS: 225.36558834983376
  Dense   best config: {'BLOCK_SIZE_M': 128, 'BLOCK_SIZE_N': 256, 'BLOCK_SIZE_K': 64, 'num_buffers': 4, 'SUBTILE_FACTOR': 8}, num_warps=8
  Sparse  best config: {'BLOCK_SIZE_M': 128, 'BLOCK_SIZE_N': 256, 'BLOCK_SIZE_K': 64, 'num_buffers': 5, 'SUBTILE_FACTOR': 8}, num_warps=8
  Runtime best config: {'BLOCK_SIZE_M': 128, 'BLOCK_SIZE_N': 256, 'BLOCK_SIZE_K': 64, 'num_buffers': 3, 'SUBTILE_FACTOR': 2}, num_warps=8
start 1536-4096-24576 (80/169)
finish dense ws
finish sparse ws
finish compression ws
finish 1536-4096-24576 -> Dense: 250.9719869515916, Precomp WS: 278.5155762985226, 7.6 WS: 223.9650953281626
  Dense   best config: {'BLOCK_SIZE_M': 128, 'BLOCK_SIZE_N': 128, 'BLOCK_SIZE_K': 64, 'num_buffers': 6, 'SUBTILE_FACTOR': 8}, num_warps=8
  Sparse  best config: {'BLOCK_SIZE_M': 128, 'BLOCK_SIZE_N': 128, 'BLOCK_SIZE_K': 128, 'num_buffers': 4, 'SUBTILE_FACTOR': 4}, num_warps=4
  Runtime best config: {'BLOCK_SIZE_M': 128, 'BLOCK_SIZE_N': 256, 'BLOCK_SIZE_K': 64, 'num_buffers': 3, 'SUBTILE_FACTOR': 2}, num_warps=8
start 3072-4096-12288 (81/169)
finish dense ws
finish sparse ws
finish compression ws
finish 3072-4096-12288 -> Dense: 253.33511052695027, Precomp WS: 285.53469354626907, 7.6 WS: 247.62401478693454
  Dense   best config: {'BLOCK_SIZE_M': 128, 'BLOCK_SIZE_N': 256, 'BLOCK_SIZE_K': 64, 'num_buffers': 3, 'SUBTILE_FACTOR': 2}, num_warps=8
  Sparse  best config: {'BLOCK_SIZE_M': 128, 'BLOCK_SIZE_N': 256, 'BLOCK_SIZE_K': 64, 'num_buffers': 5, 'SUBTILE_FACTOR': 8}, num_warps=8
  Runtime best config: {'BLOCK_SIZE_M': 128, 'BLOCK_SIZE_N': 256, 'BLOCK_SIZE_K': 64, 'num_buffers': 3, 'SUBTILE_FACTOR': 4}, num_warps=8
start 6144-4096-6144 (82/169)
finish dense ws
finish sparse ws
finish compression ws
finish 6144-4096-6144 -> Dense: 249.0040564637139, Precomp WS: 281.4181294577885, 7.6 WS: 248.41798099156725
  Dense   best config: {'BLOCK_SIZE_M': 128, 'BLOCK_SIZE_N': 256, 'BLOCK_SIZE_K': 64, 'num_buffers': 3, 'SUBTILE_FACTOR': 2}, num_warps=8
  Sparse  best config: {'BLOCK_SIZE_M': 128, 'BLOCK_SIZE_N': 256, 'BLOCK_SIZE_K': 64, 'num_buffers': 5, 'SUBTILE_FACTOR': 8}, num_warps=8
  Runtime best config: {'BLOCK_SIZE_M': 128, 'BLOCK_SIZE_N': 256, 'BLOCK_SIZE_K': 64, 'num_buffers': 3, 'SUBTILE_FACTOR': 2}, num_warps=8
start 12288-4096-3072 (83/169)
finish dense ws
finish sparse ws
finish compression ws
finish 12288-4096-3072 -> Dense: 243.71128970472955, Precomp WS: 281.31835533909197, 7.6 WS: 248.10122779434715
  Dense   best config: {'BLOCK_SIZE_M': 128, 'BLOCK_SIZE_N': 256, 'BLOCK_SIZE_K': 64, 'num_buffers': 4, 'SUBTILE_FACTOR': 4}, num_warps=8
  Sparse  best config: {'BLOCK_SIZE_M': 128, 'BLOCK_SIZE_N': 256, 'BLOCK_SIZE_K': 64, 'num_buffers': 5, 'SUBTILE_FACTOR': 8}, num_warps=8
  Runtime best config: {'BLOCK_SIZE_M': 128, 'BLOCK_SIZE_N': 256, 'BLOCK_SIZE_K': 64, 'num_buffers': 3, 'SUBTILE_FACTOR': 2}, num_warps=8
start 24576-4096-1536 (84/169)
finish dense ws
finish sparse ws
finish compression ws
finish 24576-4096-1536 -> Dense: 249.86265211216582, Precomp WS: 280.0169616185755, 7.6 WS: 246.04983006670741
  Dense   best config: {'BLOCK_SIZE_M': 128, 'BLOCK_SIZE_N': 256, 'BLOCK_SIZE_K': 64, 'num_buffers': 3, 'SUBTILE_FACTOR': 2}, num_warps=8
  Sparse  best config: {'BLOCK_SIZE_M': 128, 'BLOCK_SIZE_N': 256, 'BLOCK_SIZE_K': 64, 'num_buffers': 4, 'SUBTILE_FACTOR': 4}, num_warps=8
  Runtime best config: {'BLOCK_SIZE_M': 128, 'BLOCK_SIZE_N': 256, 'BLOCK_SIZE_K': 64, 'num_buffers': 3, 'SUBTILE_FACTOR': 2}, num_warps=8
start 49152-4096-768 (85/169)
finish dense ws
finish sparse ws
finish compression ws
finish 49152-4096-768 -> Dense: 243.76013835138093, Precomp WS: 269.50105470891833, 7.6 WS: 241.7723379103753
  Dense   best config: {'BLOCK_SIZE_M': 128, 'BLOCK_SIZE_N': 256, 'BLOCK_SIZE_K': 64, 'num_buffers': 4, 'SUBTILE_FACTOR': 4}, num_warps=8
  Sparse  best config: {'BLOCK_SIZE_M': 128, 'BLOCK_SIZE_N': 256, 'BLOCK_SIZE_K': 64, 'num_buffers': 4, 'SUBTILE_FACTOR': 4}, num_warps=8
  Runtime best config: {'BLOCK_SIZE_M': 128, 'BLOCK_SIZE_N': 256, 'BLOCK_SIZE_K': 64, 'num_buffers': 3, 'SUBTILE_FACTOR': 2}, num_warps=8
start 1024-4096-32768 (86/169)
finish dense ws
finish sparse ws
finish compression ws
finish 1024-4096-32768 -> Dense: 235.93491148908944, Precomp WS: 262.43120155820793, 7.6 WS: 231.89624154008285
  Dense   best config: {'BLOCK_SIZE_M': 128, 'BLOCK_SIZE_N': 256, 'BLOCK_SIZE_K': 64, 'num_buffers': 3, 'SUBTILE_FACTOR': 2}, num_warps=8
  Sparse  best config: {'BLOCK_SIZE_M': 128, 'BLOCK_SIZE_N': 256, 'BLOCK_SIZE_K': 64, 'num_buffers': 4, 'SUBTILE_FACTOR': 4}, num_warps=8
  Runtime best config: {'BLOCK_SIZE_M': 128, 'BLOCK_SIZE_N': 256, 'BLOCK_SIZE_K': 64, 'num_buffers': 3, 'SUBTILE_FACTOR': 2}, num_warps=8
start 2048-4096-16384 (87/169)
finish dense ws
finish sparse ws
finish compression ws
finish 2048-4096-16384 -> Dense: 234.09176242022633, Precomp WS: 32.58701457837093, 7.6 WS: 230.6969031570127
  Dense   best config: {'BLOCK_SIZE_M': 128, 'BLOCK_SIZE_N': 256, 'BLOCK_SIZE_K': 64, 'num_buffers': 3, 'SUBTILE_FACTOR': 4}, num_warps=8
  Sparse  best config: {'BLOCK_SIZE_M': 128, 'BLOCK_SIZE_N': 256, 'BLOCK_SIZE_K': 64, 'num_buffers': 5, 'SUBTILE_FACTOR': 8}, num_warps=8
  Runtime best config: {'BLOCK_SIZE_M': 128, 'BLOCK_SIZE_N': 256, 'BLOCK_SIZE_K': 64, 'num_buffers': 3, 'SUBTILE_FACTOR': 2}, num_warps=8
start 4096-4096-8192 (88/169)
finish dense ws
finish sparse ws
finish compression ws
finish 4096-4096-8192 -> Dense: 235.93229892880817, Precomp WS: 261.98320052997707, 7.6 WS: 231.10955677144918
  Dense   best config: {'BLOCK_SIZE_M': 128, 'BLOCK_SIZE_N': 256, 'BLOCK_SIZE_K': 64, 'num_buffers': 3, 'SUBTILE_FACTOR': 2}, num_warps=8
  Sparse  best config: {'BLOCK_SIZE_M': 128, 'BLOCK_SIZE_N': 256, 'BLOCK_SIZE_K': 64, 'num_buffers': 5, 'SUBTILE_FACTOR': 8}, num_warps=8
  Runtime best config: {'BLOCK_SIZE_M': 128, 'BLOCK_SIZE_N': 256, 'BLOCK_SIZE_K': 64, 'num_buffers': 3, 'SUBTILE_FACTOR': 2}, num_warps=8
start 8192-4096-4096 (89/169)
finish dense ws
finish sparse ws
finish compression ws
finish 8192-4096-4096 -> Dense: 232.897392911844, Precomp WS: 259.47011726904117, 7.6 WS: 229.98127731179932
  Dense   best config: {'BLOCK_SIZE_M': 128, 'BLOCK_SIZE_N': 256, 'BLOCK_SIZE_K': 64, 'num_buffers': 3, 'SUBTILE_FACTOR': 2}, num_warps=8
  Sparse  best config: {'BLOCK_SIZE_M': 128, 'BLOCK_SIZE_N': 256, 'BLOCK_SIZE_K': 64, 'num_buffers': 5, 'SUBTILE_FACTOR': 8}, num_warps=8
  Runtime best config: {'BLOCK_SIZE_M': 128, 'BLOCK_SIZE_N': 256, 'BLOCK_SIZE_K': 64, 'num_buffers': 3, 'SUBTILE_FACTOR': 2}, num_warps=8
start 16384-4096-2048 (90/169)
finish dense ws
finish sparse ws
finish compression ws
finish 16384-4096-2048 -> Dense: 230.5992200413308, Precomp WS: 256.54317671079156, 7.6 WS: 227.81254429648408
  Dense   best config: {'BLOCK_SIZE_M': 128, 'BLOCK_SIZE_N': 128, 'BLOCK_SIZE_K': 64, 'num_buffers': 5, 'SUBTILE_FACTOR': 2}, num_warps=4
  Sparse  best config: {'BLOCK_SIZE_M': 128, 'BLOCK_SIZE_N': 256, 'BLOCK_SIZE_K': 64, 'num_buffers': 4, 'SUBTILE_FACTOR': 4}, num_warps=8
  Runtime best config: {'BLOCK_SIZE_M': 128, 'BLOCK_SIZE_N': 256, 'BLOCK_SIZE_K': 64, 'num_buffers': 3, 'SUBTILE_FACTOR': 2}, num_warps=8
start 32768-4096-1024 (91/169)
finish dense ws
finish sparse ws
finish compression ws
finish 32768-4096-1024 -> Dense: 229.62873487141803, Precomp WS: 249.88286948867162, 7.6 WS: 225.09267104621006
  Dense   best config: {'BLOCK_SIZE_M': 128, 'BLOCK_SIZE_N': 256, 'BLOCK_SIZE_K': 64, 'num_buffers': 3, 'SUBTILE_FACTOR': 2}, num_warps=8
  Sparse  best config: {'BLOCK_SIZE_M': 128, 'BLOCK_SIZE_N': 256, 'BLOCK_SIZE_K': 64, 'num_buffers': 4, 'SUBTILE_FACTOR': 8}, num_warps=8
  Runtime best config: {'BLOCK_SIZE_M': 128, 'BLOCK_SIZE_N': 256, 'BLOCK_SIZE_K': 64, 'num_buffers': 3, 'SUBTILE_FACTOR': 2}, num_warps=8
start 768-4096-32768 (92/169)
finish dense ws
finish sparse ws
finish compression ws
finish 768-4096-32768 -> Dense: 181.4257642484842, Precomp WS: 197.87935362493067, 7.6 WS: 173.8637040176573
  Dense   best config: {'BLOCK_SIZE_M': 128, 'BLOCK_SIZE_N': 256, 'BLOCK_SIZE_K': 64, 'num_buffers': 3, 'SUBTILE_FACTOR': 4}, num_warps=8
  Sparse  best config: {'BLOCK_SIZE_M': 128, 'BLOCK_SIZE_N': 256, 'BLOCK_SIZE_K': 64, 'num_buffers': 4, 'SUBTILE_FACTOR': 4}, num_warps=8
  Runtime best config: {'BLOCK_SIZE_M': 128, 'BLOCK_SIZE_N': 256, 'BLOCK_SIZE_K': 64, 'num_buffers': 3, 'SUBTILE_FACTOR': 4}, num_warps=8
start 1024-4096-24576 (93/169)
finish dense ws
finish sparse ws
finish compression ws
finish 1024-4096-24576 -> Dense: 191.89717030261122, Precomp WS: 206.3680804295283, 7.6 WS: 189.70751800398958
  Dense   best config: {'BLOCK_SIZE_M': 128, 'BLOCK_SIZE_N': 256, 'BLOCK_SIZE_K': 64, 'num_buffers': 3, 'SUBTILE_FACTOR': 2}, num_warps=8
  Sparse  best config: {'BLOCK_SIZE_M': 128, 'BLOCK_SIZE_N': 256, 'BLOCK_SIZE_K': 64, 'num_buffers': 4, 'SUBTILE_FACTOR': 4}, num_warps=8
  Runtime best config: {'BLOCK_SIZE_M': 128, 'BLOCK_SIZE_N': 256, 'BLOCK_SIZE_K': 64, 'num_buffers': 3, 'SUBTILE_FACTOR': 2}, num_warps=8
start 1536-4096-16384 (94/169)
finish dense ws
finish sparse ws
finish compression ws
finish 1536-4096-16384 -> Dense: 190.27826285433355, Precomp WS: 202.3276679092431, 7.6 WS: 173.749634134467
  Dense   best config: {'BLOCK_SIZE_M': 128, 'BLOCK_SIZE_N': 128, 'BLOCK_SIZE_K': 64, 'num_buffers': 6, 'SUBTILE_FACTOR': 8}, num_warps=8
  Sparse  best config: {'BLOCK_SIZE_M': 128, 'BLOCK_SIZE_N': 128, 'BLOCK_SIZE_K': 128, 'num_buffers': 4, 'SUBTILE_FACTOR': 8}, num_warps=8
  Runtime best config: {'BLOCK_SIZE_M': 128, 'BLOCK_SIZE_N': 256, 'BLOCK_SIZE_K': 64, 'num_buffers': 3, 'SUBTILE_FACTOR': 2}, num_warps=8
start 2048-4096-12288 (95/169)
finish dense ws
finish sparse ws
finish compression ws
finish 2048-4096-12288 -> Dense: 186.98455236592756, Precomp WS: 205.26029014396838, 7.6 WS: 186.53393957686345
  Dense   best config: {'BLOCK_SIZE_M': 256, 'BLOCK_SIZE_N': 128, 'BLOCK_SIZE_K': 64, 'num_buffers': 3, 'SUBTILE_FACTOR': 4}, num_warps=8
  Sparse  best config: {'BLOCK_SIZE_M': 128, 'BLOCK_SIZE_N': 256, 'BLOCK_SIZE_K': 64, 'num_buffers': 4, 'SUBTILE_FACTOR': 4}, num_warps=8
  Runtime best config: {'BLOCK_SIZE_M': 128, 'BLOCK_SIZE_N': 256, 'BLOCK_SIZE_K': 64, 'num_buffers': 3, 'SUBTILE_FACTOR': 2}, num_warps=8
start 3072-4096-8192 (96/169)
finish dense ws
finish sparse ws
finish compression ws
finish 3072-4096-8192 -> Dense: 190.7601869136188, Precomp WS: 204.3511102236485, 7.6 WS: 188.2297017272305
  Dense   best config: {'BLOCK_SIZE_M': 128, 'BLOCK_SIZE_N': 256, 'BLOCK_SIZE_K': 64, 'num_buffers': 3, 'SUBTILE_FACTOR': 2}, num_warps=8
  Sparse  best config: {'BLOCK_SIZE_M': 128, 'BLOCK_SIZE_N': 256, 'BLOCK_SIZE_K': 64, 'num_buffers': 4, 'SUBTILE_FACTOR': 4}, num_warps=8
  Runtime best config: {'BLOCK_SIZE_M': 128, 'BLOCK_SIZE_N': 256, 'BLOCK_SIZE_K': 64, 'num_buffers': 3, 'SUBTILE_FACTOR': 2}, num_warps=8
start 4096-4096-6144 (97/169)
finish dense ws
finish sparse ws
finish compression ws
finish 4096-4096-6144 -> Dense: 189.05569591605695, Precomp WS: 204.37318442878126, 7.6 WS: 188.29853610112386
  Dense   best config: {'BLOCK_SIZE_M': 128, 'BLOCK_SIZE_N': 256, 'BLOCK_SIZE_K': 64, 'num_buffers': 3, 'SUBTILE_FACTOR': 2}, num_warps=8
  Sparse  best config: {'BLOCK_SIZE_M': 128, 'BLOCK_SIZE_N': 256, 'BLOCK_SIZE_K': 64, 'num_buffers': 4, 'SUBTILE_FACTOR': 8}, num_warps=8
  Runtime best config: {'BLOCK_SIZE_M': 128, 'BLOCK_SIZE_N': 256, 'BLOCK_SIZE_K': 64, 'num_buffers': 3, 'SUBTILE_FACTOR': 4}, num_warps=8
start 6144-4096-4096 (98/169)
finish dense ws
finish sparse ws
finish compression ws
finish 6144-4096-4096 -> Dense: 190.23914208749906, Precomp WS: 205.1289434209995, 7.6 WS: 187.6322214201567
  Dense   best config: {'BLOCK_SIZE_M': 128, 'BLOCK_SIZE_N': 256, 'BLOCK_SIZE_K': 64, 'num_buffers': 3, 'SUBTILE_FACTOR': 4}, num_warps=8
  Sparse  best config: {'BLOCK_SIZE_M': 128, 'BLOCK_SIZE_N': 256, 'BLOCK_SIZE_K': 64, 'num_buffers': 5, 'SUBTILE_FACTOR': 8}, num_warps=8
  Runtime best config: {'BLOCK_SIZE_M': 128, 'BLOCK_SIZE_N': 256, 'BLOCK_SIZE_K': 64, 'num_buffers': 3, 'SUBTILE_FACTOR': 2}, num_warps=8
start 8192-4096-3072 (99/169)
finish dense ws
finish sparse ws
finish compression ws
finish 8192-4096-3072 -> Dense: 189.91488415223057, Precomp WS: 202.69828145152874, 7.6 WS: 186.57886386263607
  Dense   best config: {'BLOCK_SIZE_M': 128, 'BLOCK_SIZE_N': 256, 'BLOCK_SIZE_K': 64, 'num_buffers': 3, 'SUBTILE_FACTOR': 2}, num_warps=8
  Sparse  best config: {'BLOCK_SIZE_M': 128, 'BLOCK_SIZE_N': 256, 'BLOCK_SIZE_K': 64, 'num_buffers': 4, 'SUBTILE_FACTOR': 4}, num_warps=8
  Runtime best config: {'BLOCK_SIZE_M': 128, 'BLOCK_SIZE_N': 256, 'BLOCK_SIZE_K': 64, 'num_buffers': 3, 'SUBTILE_FACTOR': 2}, num_warps=8
start 12288-4096-2048 (100/169)
finish dense ws
finish sparse ws
finish compression ws
finish 12288-4096-2048 -> Dense: 189.69521162421267, Precomp WS: 204.96091926484056, 7.6 WS: 185.22067222105542
  Dense   best config: {'BLOCK_SIZE_M': 128, 'BLOCK_SIZE_N': 256, 'BLOCK_SIZE_K': 64, 'num_buffers': 3, 'SUBTILE_FACTOR': 2}, num_warps=8
  Sparse  best config: {'BLOCK_SIZE_M': 128, 'BLOCK_SIZE_N': 256, 'BLOCK_SIZE_K': 64, 'num_buffers': 4, 'SUBTILE_FACTOR': 4}, num_warps=8
  Runtime best config: {'BLOCK_SIZE_M': 128, 'BLOCK_SIZE_N': 256, 'BLOCK_SIZE_K': 64, 'num_buffers': 3, 'SUBTILE_FACTOR': 2}, num_warps=8
start 16384-4096-1536 (101/169)
finish dense ws
finish sparse ws
finish compression ws
finish 16384-4096-1536 -> Dense: 186.67291750139344, Precomp WS: 203.67754318242052, 7.6 WS: 183.83248871349875
  Dense   best config: {'BLOCK_SIZE_M': 128, 'BLOCK_SIZE_N': 256, 'BLOCK_SIZE_K': 64, 'num_buffers': 3, 'SUBTILE_FACTOR': 4}, num_warps=8
  Sparse  best config: {'BLOCK_SIZE_M': 128, 'BLOCK_SIZE_N': 256, 'BLOCK_SIZE_K': 64, 'num_buffers': 4, 'SUBTILE_FACTOR': 4}, num_warps=8
  Runtime best config: {'BLOCK_SIZE_M': 128, 'BLOCK_SIZE_N': 256, 'BLOCK_SIZE_K': 64, 'num_buffers': 3, 'SUBTILE_FACTOR': 2}, num_warps=8
start 24576-4096-1024 (102/169)
finish dense ws
finish sparse ws
finish compression ws
finish 24576-4096-1024 -> Dense: 184.5872994235212, Precomp WS: 199.3393491952142, 7.6 WS: 184.0171823365821
  Dense   best config: {'BLOCK_SIZE_M': 128, 'BLOCK_SIZE_N': 256, 'BLOCK_SIZE_K': 64, 'num_buffers': 4, 'SUBTILE_FACTOR': 4}, num_warps=8
  Sparse  best config: {'BLOCK_SIZE_M': 128, 'BLOCK_SIZE_N': 256, 'BLOCK_SIZE_K': 64, 'num_buffers': 4, 'SUBTILE_FACTOR': 8}, num_warps=8
  Runtime best config: {'BLOCK_SIZE_M': 128, 'BLOCK_SIZE_N': 256, 'BLOCK_SIZE_K': 64, 'num_buffers': 3, 'SUBTILE_FACTOR': 2}, num_warps=8
start 32768-4096-768 (103/169)
finish dense ws
finish sparse ws
finish compression ws
finish 32768-4096-768 -> Dense: 185.69843133086258, Precomp WS: 194.8912745835672, 7.6 WS: 183.49029796882718
  Dense   best config: {'BLOCK_SIZE_M': 128, 'BLOCK_SIZE_N': 256, 'BLOCK_SIZE_K': 64, 'num_buffers': 3, 'SUBTILE_FACTOR': 2}, num_warps=8
  Sparse  best config: {'BLOCK_SIZE_M': 128, 'BLOCK_SIZE_N': 256, 'BLOCK_SIZE_K': 64, 'num_buffers': 4, 'SUBTILE_FACTOR': 8}, num_warps=8
  Runtime best config: {'BLOCK_SIZE_M': 128, 'BLOCK_SIZE_N': 256, 'BLOCK_SIZE_K': 64, 'num_buffers': 3, 'SUBTILE_FACTOR': 2}, num_warps=8
start 768-4096-24576 (104/169)
finish dense ws
finish sparse ws
finish compression ws
finish 768-4096-24576 -> Dense: 146.98232680107148, Precomp WS: 156.53376395561858, 7.6 WS: 142.67868974756263
  Dense   best config: {'BLOCK_SIZE_M': 128, 'BLOCK_SIZE_N': 256, 'BLOCK_SIZE_K': 64, 'num_buffers': 3, 'SUBTILE_FACTOR': 4}, num_warps=8
  Sparse  best config: {'BLOCK_SIZE_M': 128, 'BLOCK_SIZE_N': 256, 'BLOCK_SIZE_K': 64, 'num_buffers': 4, 'SUBTILE_FACTOR': 4}, num_warps=8
  Runtime best config: {'BLOCK_SIZE_M': 128, 'BLOCK_SIZE_N': 256, 'BLOCK_SIZE_K': 64, 'num_buffers': 3, 'SUBTILE_FACTOR': 4}, num_warps=8
start 1536-4096-12288 (105/169)
finish dense ws
finish sparse ws
finish compression ws
finish 1536-4096-12288 -> Dense: 151.92810388051277, Precomp WS: 159.36824573524638, 7.6 WS: 142.16600709204087
  Dense   best config: {'BLOCK_SIZE_M': 128, 'BLOCK_SIZE_N': 128, 'BLOCK_SIZE_K': 64, 'num_buffers': 5, 'SUBTILE_FACTOR': 1}, num_warps=8
  Sparse  best config: {'BLOCK_SIZE_M': 128, 'BLOCK_SIZE_N': 128, 'BLOCK_SIZE_K': 128, 'num_buffers': 4, 'SUBTILE_FACTOR': 4}, num_warps=8
  Runtime best config: {'BLOCK_SIZE_M': 128, 'BLOCK_SIZE_N': 256, 'BLOCK_SIZE_K': 64, 'num_buffers': 3, 'SUBTILE_FACTOR': 2}, num_warps=8
start 3072-4096-6144 (106/169)
finish dense ws
finish sparse ws
finish compression ws
finish 3072-4096-6144 -> Dense: 152.59227626174453, Precomp WS: 160.97766024983412, 7.6 WS: 150.05461983092994
  Dense   best config: {'BLOCK_SIZE_M': 128, 'BLOCK_SIZE_N': 256, 'BLOCK_SIZE_K': 64, 'num_buffers': 4, 'SUBTILE_FACTOR': 4}, num_warps=8
  Sparse  best config: {'BLOCK_SIZE_M': 128, 'BLOCK_SIZE_N': 256, 'BLOCK_SIZE_K': 64, 'num_buffers': 4, 'SUBTILE_FACTOR': 4}, num_warps=8
  Runtime best config: {'BLOCK_SIZE_M': 128, 'BLOCK_SIZE_N': 256, 'BLOCK_SIZE_K': 64, 'num_buffers': 3, 'SUBTILE_FACTOR': 2}, num_warps=8
start 6144-4096-3072 (107/169)
finish dense ws
finish sparse ws
finish compression ws
finish 6144-4096-3072 -> Dense: 153.02941526831466, Precomp WS: 158.52653030250076, 7.6 WS: 151.184220045916
  Dense   best config: {'BLOCK_SIZE_M': 128, 'BLOCK_SIZE_N': 256, 'BLOCK_SIZE_K': 64, 'num_buffers': 4, 'SUBTILE_FACTOR': 4}, num_warps=8
  Sparse  best config: {'BLOCK_SIZE_M': 128, 'BLOCK_SIZE_N': 256, 'BLOCK_SIZE_K': 64, 'num_buffers': 4, 'SUBTILE_FACTOR': 4}, num_warps=8
  Runtime best config: {'BLOCK_SIZE_M': 128, 'BLOCK_SIZE_N': 256, 'BLOCK_SIZE_K': 64, 'num_buffers': 3, 'SUBTILE_FACTOR': 2}, num_warps=8
start 12288-4096-1536 (108/169)
finish dense ws
finish sparse ws
finish compression ws
finish 12288-4096-1536 -> Dense: 151.00125532922138, Precomp WS: 159.3570581934307, 7.6 WS: 149.28587650194157
  Dense   best config: {'BLOCK_SIZE_M': 128, 'BLOCK_SIZE_N': 256, 'BLOCK_SIZE_K': 64, 'num_buffers': 4, 'SUBTILE_FACTOR': 4}, num_warps=8
  Sparse  best config: {'BLOCK_SIZE_M': 128, 'BLOCK_SIZE_N': 256, 'BLOCK_SIZE_K': 64, 'num_buffers': 4, 'SUBTILE_FACTOR': 4}, num_warps=8
  Runtime best config: {'BLOCK_SIZE_M': 128, 'BLOCK_SIZE_N': 256, 'BLOCK_SIZE_K': 64, 'num_buffers': 3, 'SUBTILE_FACTOR': 4}, num_warps=8
start 24576-4096-768 (109/169)
finish dense ws
finish sparse ws
finish compression ws
finish 24576-4096-768 -> Dense: 149.01443088077554, Precomp WS: 155.6574853371798, 7.6 WS: 147.79481764634113
  Dense   best config: {'BLOCK_SIZE_M': 128, 'BLOCK_SIZE_N': 128, 'BLOCK_SIZE_K': 64, 'num_buffers': 4, 'SUBTILE_FACTOR': 2}, num_warps=4
  Sparse  best config: {'BLOCK_SIZE_M': 128, 'BLOCK_SIZE_N': 256, 'BLOCK_SIZE_K': 64, 'num_buffers': 4, 'SUBTILE_FACTOR': 4}, num_warps=8
  Runtime best config: {'BLOCK_SIZE_M': 128, 'BLOCK_SIZE_N': 256, 'BLOCK_SIZE_K': 64, 'num_buffers': 3, 'SUBTILE_FACTOR': 2}, num_warps=8
start 1024-4096-16384 (110/169)
finish dense ws
finish sparse ws
finish compression ws
finish 1024-4096-16384 -> Dense: 140.14184226621538, Precomp WS: 147.61757072031443, 7.6 WS: 138.3558861149447
  Dense   best config: {'BLOCK_SIZE_M': 128, 'BLOCK_SIZE_N': 256, 'BLOCK_SIZE_K': 64, 'num_buffers': 4, 'SUBTILE_FACTOR': 8}, num_warps=8
  Sparse  best config: {'BLOCK_SIZE_M': 128, 'BLOCK_SIZE_N': 256, 'BLOCK_SIZE_K': 64, 'num_buffers': 5, 'SUBTILE_FACTOR': 8}, num_warps=8
  Runtime best config: {'BLOCK_SIZE_M': 128, 'BLOCK_SIZE_N': 256, 'BLOCK_SIZE_K': 64, 'num_buffers': 3, 'SUBTILE_FACTOR': 4}, num_warps=8
start 2048-4096-8192 (111/169)
finish dense ws
finish sparse ws
finish compression ws
finish 2048-4096-8192 -> Dense: 137.630902273137, Precomp WS: 144.2546180658037, 7.6 WS: 137.3496860156126
  Dense   best config: {'BLOCK_SIZE_M': 128, 'BLOCK_SIZE_N': 256, 'BLOCK_SIZE_K': 64, 'num_buffers': 4, 'SUBTILE_FACTOR': 8}, num_warps=8
  Sparse  best config: {'BLOCK_SIZE_M': 128, 'BLOCK_SIZE_N': 256, 'BLOCK_SIZE_K': 64, 'num_buffers': 4, 'SUBTILE_FACTOR': 8}, num_warps=8
  Runtime best config: {'BLOCK_SIZE_M': 128, 'BLOCK_SIZE_N': 256, 'BLOCK_SIZE_K': 64, 'num_buffers': 3, 'SUBTILE_FACTOR': 4}, num_warps=8
start 4096-4096-4096 (112/169)
finish dense ws
finish sparse ws
finish compression ws
finish 4096-4096-4096 -> Dense: 136.39594970430727, Precomp WS: 144.93604696559996, 7.6 WS: 136.54103089084396
  Dense   best config: {'BLOCK_SIZE_M': 128, 'BLOCK_SIZE_N': 256, 'BLOCK_SIZE_K': 64, 'num_buffers': 4, 'SUBTILE_FACTOR': 4}, num_warps=8
  Sparse  best config: {'BLOCK_SIZE_M': 128, 'BLOCK_SIZE_N': 256, 'BLOCK_SIZE_K': 64, 'num_buffers': 4, 'SUBTILE_FACTOR': 4}, num_warps=8
  Runtime best config: {'BLOCK_SIZE_M': 128, 'BLOCK_SIZE_N': 256, 'BLOCK_SIZE_K': 64, 'num_buffers': 3, 'SUBTILE_FACTOR': 4}, num_warps=8
start 8192-4096-2048 (113/169)
finish dense ws
finish sparse ws
finish compression ws
finish 8192-4096-2048 -> Dense: 137.12812980125886, Precomp WS: 145.28825380338236, 7.6 WS: 136.19857561630656
  Dense   best config: {'BLOCK_SIZE_M': 128, 'BLOCK_SIZE_N': 256, 'BLOCK_SIZE_K': 64, 'num_buffers': 3, 'SUBTILE_FACTOR': 2}, num_warps=8
  Sparse  best config: {'BLOCK_SIZE_M': 128, 'BLOCK_SIZE_N': 256, 'BLOCK_SIZE_K': 64, 'num_buffers': 4, 'SUBTILE_FACTOR': 4}, num_warps=8
  Runtime best config: {'BLOCK_SIZE_M': 128, 'BLOCK_SIZE_N': 256, 'BLOCK_SIZE_K': 64, 'num_buffers': 3, 'SUBTILE_FACTOR': 2}, num_warps=8
start 16384-4096-1024 (114/169)
finish dense ws
finish sparse ws
finish compression ws
finish 16384-4096-1024 -> Dense: 136.9416075574857, Precomp WS: 142.86981422863332, 7.6 WS: 135.2559802391357
  Dense   best config: {'BLOCK_SIZE_M': 128, 'BLOCK_SIZE_N': 256, 'BLOCK_SIZE_K': 64, 'num_buffers': 3, 'SUBTILE_FACTOR': 2}, num_warps=8
  Sparse  best config: {'BLOCK_SIZE_M': 128, 'BLOCK_SIZE_N': 256, 'BLOCK_SIZE_K': 64, 'num_buffers': 4, 'SUBTILE_FACTOR': 4}, num_warps=8
  Runtime best config: {'BLOCK_SIZE_M': 128, 'BLOCK_SIZE_N': 256, 'BLOCK_SIZE_K': 64, 'num_buffers': 3, 'SUBTILE_FACTOR': 2}, num_warps=8
start 768-4096-16384 (115/169)
finish dense ws
finish sparse ws
finish compression ws
finish 768-4096-16384 -> Dense: 106.66496046067292, Precomp WS: 110.05542240054105, 7.6 WS: 104.07772513655554
  Dense   best config: {'BLOCK_SIZE_M': 256, 'BLOCK_SIZE_N': 128, 'BLOCK_SIZE_K': 64, 'num_buffers': 4, 'SUBTILE_FACTOR': 4}, num_warps=16
  Sparse  best config: {'BLOCK_SIZE_M': 128, 'BLOCK_SIZE_N': 256, 'BLOCK_SIZE_K': 64, 'num_buffers': 5, 'SUBTILE_FACTOR': 8}, num_warps=8
  Runtime best config: {'BLOCK_SIZE_M': 128, 'BLOCK_SIZE_N': 256, 'BLOCK_SIZE_K': 64, 'num_buffers': 3, 'SUBTILE_FACTOR': 4}, num_warps=8
start 1024-4096-12288 (116/169)
finish dense ws
finish sparse ws
finish compression ws
finish 1024-4096-12288 -> Dense: 109.76591535179361, Precomp WS: 112.3336321777594, 7.6 WS: 108.88743870031641
  Dense   best config: {'BLOCK_SIZE_M': 128, 'BLOCK_SIZE_N': 256, 'BLOCK_SIZE_K': 64, 'num_buffers': 4, 'SUBTILE_FACTOR': 8}, num_warps=8
  Sparse  best config: {'BLOCK_SIZE_M': 128, 'BLOCK_SIZE_N': 256, 'BLOCK_SIZE_K': 64, 'num_buffers': 5, 'SUBTILE_FACTOR': 8}, num_warps=8
  Runtime best config: {'BLOCK_SIZE_M': 128, 'BLOCK_SIZE_N': 256, 'BLOCK_SIZE_K': 64, 'num_buffers': 3, 'SUBTILE_FACTOR': 2}, num_warps=8
start 1536-4096-8192 (117/169)
finish dense ws
finish sparse ws
finish compression ws
finish 1536-4096-8192 -> Dense: 109.01205963520496, Precomp WS: 111.91053015597872, 7.6 WS: 103.45356636497924
  Dense   best config: {'BLOCK_SIZE_M': 128, 'BLOCK_SIZE_N': 128, 'BLOCK_SIZE_K': 64, 'num_buffers': 6, 'SUBTILE_FACTOR': 4}, num_warps=4
  Sparse  best config: {'BLOCK_SIZE_M': 128, 'BLOCK_SIZE_N': 128, 'BLOCK_SIZE_K': 128, 'num_buffers': 4, 'SUBTILE_FACTOR': 4}, num_warps=4
  Runtime best config: {'BLOCK_SIZE_M': 128, 'BLOCK_SIZE_N': 256, 'BLOCK_SIZE_K': 64, 'num_buffers': 3, 'SUBTILE_FACTOR': 2}, num_warps=8
start 2048-4096-6144 (118/169)
finish dense ws
finish sparse ws
finish compression ws
finish 2048-4096-6144 -> Dense: 110.39171981711357, Precomp WS: 113.09252938188648, 7.6 WS: 107.95131573975776
  Dense   best config: {'BLOCK_SIZE_M': 128, 'BLOCK_SIZE_N': 256, 'BLOCK_SIZE_K': 64, 'num_buffers': 3, 'SUBTILE_FACTOR': 4}, num_warps=8
  Sparse  best config: {'BLOCK_SIZE_M': 128, 'BLOCK_SIZE_N': 256, 'BLOCK_SIZE_K': 64, 'num_buffers': 4, 'SUBTILE_FACTOR': 8}, num_warps=8
  Runtime best config: {'BLOCK_SIZE_M': 128, 'BLOCK_SIZE_N': 256, 'BLOCK_SIZE_K': 64, 'num_buffers': 3, 'SUBTILE_FACTOR': 4}, num_warps=8
start 3072-4096-4096 (119/169)
finish dense ws
finish sparse ws
finish compression ws
finish 3072-4096-4096 -> Dense: 109.12770516894294, Precomp WS: 111.83768086309945, 7.6 WS: 108.66835973272924
  Dense   best config: {'BLOCK_SIZE_M': 256, 'BLOCK_SIZE_N': 128, 'BLOCK_SIZE_K': 64, 'num_buffers': 4, 'SUBTILE_FACTOR': 4}, num_warps=16
  Sparse  best config: {'BLOCK_SIZE_M': 128, 'BLOCK_SIZE_N': 256, 'BLOCK_SIZE_K': 64, 'num_buffers': 4, 'SUBTILE_FACTOR': 4}, num_warps=8
  Runtime best config: {'BLOCK_SIZE_M': 128, 'BLOCK_SIZE_N': 256, 'BLOCK_SIZE_K': 64, 'num_buffers': 3, 'SUBTILE_FACTOR': 2}, num_warps=8
start 4096-4096-3072 (120/169)
finish dense ws
finish sparse ws
finish compression ws
finish 4096-4096-3072 -> Dense: 108.57136259552102, Precomp WS: 111.6447370227417, 7.6 WS: 108.61785702444743
  Dense   best config: {'BLOCK_SIZE_M': 256, 'BLOCK_SIZE_N': 128, 'BLOCK_SIZE_K': 64, 'num_buffers': 4, 'SUBTILE_FACTOR': 4}, num_warps=16
  Sparse  best config: {'BLOCK_SIZE_M': 128, 'BLOCK_SIZE_N': 256, 'BLOCK_SIZE_K': 64, 'num_buffers': 5, 'SUBTILE_FACTOR': 8}, num_warps=8
  Runtime best config: {'BLOCK_SIZE_M': 128, 'BLOCK_SIZE_N': 256, 'BLOCK_SIZE_K': 64, 'num_buffers': 3, 'SUBTILE_FACTOR': 2}, num_warps=8
start 6144-4096-2048 (121/169)
finish dense ws
finish sparse ws
finish compression ws
finish 6144-4096-2048 -> Dense: 108.27440644037543, Precomp WS: 112.31187612793134, 7.6 WS: 106.7534478572729
  Dense   best config: {'BLOCK_SIZE_M': 128, 'BLOCK_SIZE_N': 256, 'BLOCK_SIZE_K': 64, 'num_buffers': 3, 'SUBTILE_FACTOR': 2}, num_warps=8
  Sparse  best config: {'BLOCK_SIZE_M': 128, 'BLOCK_SIZE_N': 256, 'BLOCK_SIZE_K': 64, 'num_buffers': 4, 'SUBTILE_FACTOR': 4}, num_warps=8
  Runtime best config: {'BLOCK_SIZE_M': 128, 'BLOCK_SIZE_N': 256, 'BLOCK_SIZE_K': 64, 'num_buffers': 3, 'SUBTILE_FACTOR': 4}, num_warps=8
start 8192-4096-1536 (122/169)
finish dense ws
finish sparse ws
finish compression ws
finish 8192-4096-1536 -> Dense: 108.50516773131145, Precomp WS: 111.16662959837873, 7.6 WS: 107.91851824277566
  Dense   best config: {'BLOCK_SIZE_M': 128, 'BLOCK_SIZE_N': 256, 'BLOCK_SIZE_K': 64, 'num_buffers': 3, 'SUBTILE_FACTOR': 2}, num_warps=8
  Sparse  best config: {'BLOCK_SIZE_M': 128, 'BLOCK_SIZE_N': 256, 'BLOCK_SIZE_K': 64, 'num_buffers': 4, 'SUBTILE_FACTOR': 4}, num_warps=8
  Runtime best config: {'BLOCK_SIZE_M': 128, 'BLOCK_SIZE_N': 256, 'BLOCK_SIZE_K': 64, 'num_buffers': 3, 'SUBTILE_FACTOR': 2}, num_warps=8
start 12288-4096-1024 (123/169)
finish dense ws
finish sparse ws
finish compression ws
finish 12288-4096-1024 -> Dense: 108.02518966506265, Precomp WS: 110.4952383095304, 7.6 WS: 106.99624513047145
  Dense   best config: {'BLOCK_SIZE_M': 128, 'BLOCK_SIZE_N': 256, 'BLOCK_SIZE_K': 64, 'num_buffers': 3, 'SUBTILE_FACTOR': 2}, num_warps=8
  Sparse  best config: {'BLOCK_SIZE_M': 128, 'BLOCK_SIZE_N': 256, 'BLOCK_SIZE_K': 64, 'num_buffers': 4, 'SUBTILE_FACTOR': 4}, num_warps=8
  Runtime best config: {'BLOCK_SIZE_M': 128, 'BLOCK_SIZE_N': 256, 'BLOCK_SIZE_K': 64, 'num_buffers': 3, 'SUBTILE_FACTOR': 2}, num_warps=8
start 16384-4096-768 (124/169)
finish dense ws
finish sparse ws
finish compression ws
finish 16384-4096-768 -> Dense: 107.44121101061847, Precomp WS: 110.81363819083278, 7.6 WS: 106.09056723380135
  Dense   best config: {'BLOCK_SIZE_M': 128, 'BLOCK_SIZE_N': 256, 'BLOCK_SIZE_K': 64, 'num_buffers': 3, 'SUBTILE_FACTOR': 2}, num_warps=8
  Sparse  best config: {'BLOCK_SIZE_M': 128, 'BLOCK_SIZE_N': 256, 'BLOCK_SIZE_K': 64, 'num_buffers': 4, 'SUBTILE_FACTOR': 4}, num_warps=8
  Runtime best config: {'BLOCK_SIZE_M': 128, 'BLOCK_SIZE_N': 256, 'BLOCK_SIZE_K': 64, 'num_buffers': 3, 'SUBTILE_FACTOR': 2}, num_warps=8
start 768-4096-12288 (125/169)
finish dense ws
finish sparse ws
finish compression ws
finish 768-4096-12288 -> Dense: 83.44883348262925, Precomp WS: 84.85293068929552, 7.6 WS: 82.37881419768154
  Dense   best config: {'BLOCK_SIZE_M': 128, 'BLOCK_SIZE_N': 256, 'BLOCK_SIZE_K': 64, 'num_buffers': 3, 'SUBTILE_FACTOR': 4}, num_warps=8
  Sparse  best config: {'BLOCK_SIZE_M': 128, 'BLOCK_SIZE_N': 256, 'BLOCK_SIZE_K': 64, 'num_buffers': 4, 'SUBTILE_FACTOR': 4}, num_warps=8
  Runtime best config: {'BLOCK_SIZE_M': 128, 'BLOCK_SIZE_N': 256, 'BLOCK_SIZE_K': 64, 'num_buffers': 3, 'SUBTILE_FACTOR': 4}, num_warps=8
start 1536-4096-6144 (126/169)
finish dense ws
finish sparse ws
finish compression ws
finish 1536-4096-6144 -> Dense: 84.73369843387054, Precomp WS: 85.46096888099939, 7.6 WS: 82.60258496634106
  Dense   best config: {'BLOCK_SIZE_M': 128, 'BLOCK_SIZE_N': 128, 'BLOCK_SIZE_K': 64, 'num_buffers': 5, 'SUBTILE_FACTOR': 1}, num_warps=4
  Sparse  best config: {'BLOCK_SIZE_M': 128, 'BLOCK_SIZE_N': 128, 'BLOCK_SIZE_K': 128, 'num_buffers': 4, 'SUBTILE_FACTOR': 4}, num_warps=4
  Runtime best config: {'BLOCK_SIZE_M': 64, 'BLOCK_SIZE_N': 256, 'BLOCK_SIZE_K': 64, 'num_buffers': 3, 'SUBTILE_FACTOR': 1}, num_warps=4
start 3072-4096-3072 (127/169)
finish dense ws
finish sparse ws
finish compression ws
finish 3072-4096-3072 -> Dense: 84.5339261984912, Precomp WS: 86.20067314302986, 7.6 WS: 84.14176531574974
  Dense   best config: {'BLOCK_SIZE_M': 256, 'BLOCK_SIZE_N': 128, 'BLOCK_SIZE_K': 64, 'num_buffers': 4, 'SUBTILE_FACTOR': 4}, num_warps=8
  Sparse  best config: {'BLOCK_SIZE_M': 128, 'BLOCK_SIZE_N': 256, 'BLOCK_SIZE_K': 64, 'num_buffers': 5, 'SUBTILE_FACTOR': 8}, num_warps=8
  Runtime best config: {'BLOCK_SIZE_M': 128, 'BLOCK_SIZE_N': 256, 'BLOCK_SIZE_K': 64, 'num_buffers': 3, 'SUBTILE_FACTOR': 8}, num_warps=8
start 6144-4096-1536 (128/169)
finish dense ws
finish sparse ws
finish compression ws
finish 6144-4096-1536 -> Dense: 83.81542009242666, Precomp WS: 86.20352432409857, 7.6 WS: 84.68945354213707
  Dense   best config: {'BLOCK_SIZE_M': 256, 'BLOCK_SIZE_N': 128, 'BLOCK_SIZE_K': 64, 'num_buffers': 4, 'SUBTILE_FACTOR': 4}, num_warps=16
  Sparse  best config: {'BLOCK_SIZE_M': 128, 'BLOCK_SIZE_N': 256, 'BLOCK_SIZE_K': 64, 'num_buffers': 4, 'SUBTILE_FACTOR': 4}, num_warps=8
  Runtime best config: {'BLOCK_SIZE_M': 128, 'BLOCK_SIZE_N': 256, 'BLOCK_SIZE_K': 64, 'num_buffers': 3, 'SUBTILE_FACTOR': 2}, num_warps=8
start 12288-4096-768 (129/169)
finish dense ws
finish sparse ws
finish compression ws
finish 12288-4096-768 -> Dense: 83.62917410622435, Precomp WS: 86.32917201997492, 7.6 WS: 83.50268788632938
  Dense   best config: {'BLOCK_SIZE_M': 128, 'BLOCK_SIZE_N': 256, 'BLOCK_SIZE_K': 64, 'num_buffers': 3, 'SUBTILE_FACTOR': 2}, num_warps=8
  Sparse  best config: {'BLOCK_SIZE_M': 128, 'BLOCK_SIZE_N': 256, 'BLOCK_SIZE_K': 64, 'num_buffers': 4, 'SUBTILE_FACTOR': 4}, num_warps=8
  Runtime best config: {'BLOCK_SIZE_M': 128, 'BLOCK_SIZE_N': 256, 'BLOCK_SIZE_K': 64, 'num_buffers': 3, 'SUBTILE_FACTOR': 2}, num_warps=8
start 1024-4096-8192 (130/169)
finish dense ws
finish sparse ws
finish compression ws
finish 1024-4096-8192 -> Dense: 77.01516246823458, Precomp WS: 78.35237980083906, 7.6 WS: 76.04598659354822
  Dense   best config: {'BLOCK_SIZE_M': 128, 'BLOCK_SIZE_N': 256, 'BLOCK_SIZE_K': 64, 'num_buffers': 3, 'SUBTILE_FACTOR': 4}, num_warps=8
  Sparse  best config: {'BLOCK_SIZE_M': 128, 'BLOCK_SIZE_N': 256, 'BLOCK_SIZE_K': 64, 'num_buffers': 4, 'SUBTILE_FACTOR': 4}, num_warps=8
  Runtime best config: {'BLOCK_SIZE_M': 128, 'BLOCK_SIZE_N': 256, 'BLOCK_SIZE_K': 64, 'num_buffers': 3, 'SUBTILE_FACTOR': 8}, num_warps=8
start 2048-4096-4096 (131/169)
finish dense ws
finish sparse ws
finish compression ws
finish 2048-4096-4096 -> Dense: 76.65351033513709, Precomp WS: 78.93687079080767, 7.6 WS: 76.30824045230149
  Dense   best config: {'BLOCK_SIZE_M': 256, 'BLOCK_SIZE_N': 128, 'BLOCK_SIZE_K': 64, 'num_buffers': 4, 'SUBTILE_FACTOR': 4}, num_warps=8
  Sparse  best config: {'BLOCK_SIZE_M': 128, 'BLOCK_SIZE_N': 256, 'BLOCK_SIZE_K': 64, 'num_buffers': 5, 'SUBTILE_FACTOR': 8}, num_warps=8
  Runtime best config: {'BLOCK_SIZE_M': 128, 'BLOCK_SIZE_N': 256, 'BLOCK_SIZE_K': 64, 'num_buffers': 3, 'SUBTILE_FACTOR': 2}, num_warps=8
start 4096-4096-2048 (132/169)
finish dense ws
finish sparse ws
finish compression ws
finish 4096-4096-2048 -> Dense: 76.55302772283446, Precomp WS: 77.23309479459124, 7.6 WS: 76.30562448908627
  Dense   best config: {'BLOCK_SIZE_M': 256, 'BLOCK_SIZE_N': 128, 'BLOCK_SIZE_K': 64, 'num_buffers': 4, 'SUBTILE_FACTOR': 4}, num_warps=8
  Sparse  best config: {'BLOCK_SIZE_M': 128, 'BLOCK_SIZE_N': 256, 'BLOCK_SIZE_K': 64, 'num_buffers': 4, 'SUBTILE_FACTOR': 4}, num_warps=8
  Runtime best config: {'BLOCK_SIZE_M': 128, 'BLOCK_SIZE_N': 256, 'BLOCK_SIZE_K': 64, 'num_buffers': 3, 'SUBTILE_FACTOR': 4}, num_warps=8
start 8192-4096-1024 (133/169)
finish dense ws
finish sparse ws
finish compression ws
finish 8192-4096-1024 -> Dense: 75.86658993616574, Precomp WS: 76.83395333016414, 7.6 WS: 75.84346248066423
  Dense   best config: {'BLOCK_SIZE_M': 256, 'BLOCK_SIZE_N': 128, 'BLOCK_SIZE_K': 64, 'num_buffers': 4, 'SUBTILE_FACTOR': 4}, num_warps=16
  Sparse  best config: {'BLOCK_SIZE_M': 128, 'BLOCK_SIZE_N': 256, 'BLOCK_SIZE_K': 64, 'num_buffers': 4, 'SUBTILE_FACTOR': 8}, num_warps=8
  Runtime best config: {'BLOCK_SIZE_M': 128, 'BLOCK_SIZE_N': 256, 'BLOCK_SIZE_K': 64, 'num_buffers': 3, 'SUBTILE_FACTOR': 4}, num_warps=8
start 768-4096-8192 (134/169)
finish dense ws
finish sparse ws
finish compression ws
finish 768-4096-8192 -> Dense: 57.633358399478155, Precomp WS: 58.57865287587499, 7.6 WS: 57.4972629482986
  Dense   best config: {'BLOCK_SIZE_M': 128, 'BLOCK_SIZE_N': 256, 'BLOCK_SIZE_K': 64, 'num_buffers': 3, 'SUBTILE_FACTOR': 4}, num_warps=8
  Sparse  best config: {'BLOCK_SIZE_M': 256, 'BLOCK_SIZE_N': 128, 'BLOCK_SIZE_K': 64, 'num_buffers': 6, 'SUBTILE_FACTOR': 8}, num_warps=16
  Runtime best config: {'BLOCK_SIZE_M': 128, 'BLOCK_SIZE_N': 256, 'BLOCK_SIZE_K': 64, 'num_buffers': 3, 'SUBTILE_FACTOR': 8}, num_warps=8
start 1024-4096-6144 (135/169)
finish dense ws
finish sparse ws
finish compression ws
finish 1024-4096-6144 -> Dense: 59.08272450600101, Precomp WS: 59.354573650460175, 7.6 WS: 58.75237128394897
  Dense   best config: {'BLOCK_SIZE_M': 256, 'BLOCK_SIZE_N': 128, 'BLOCK_SIZE_K': 64, 'num_buffers': 4, 'SUBTILE_FACTOR': 4}, num_warps=8
  Sparse  best config: {'BLOCK_SIZE_M': 128, 'BLOCK_SIZE_N': 256, 'BLOCK_SIZE_K': 64, 'num_buffers': 4, 'SUBTILE_FACTOR': 4}, num_warps=8
  Runtime best config: {'BLOCK_SIZE_M': 128, 'BLOCK_SIZE_N': 256, 'BLOCK_SIZE_K': 64, 'num_buffers': 3, 'SUBTILE_FACTOR': 8}, num_warps=8
start 1536-4096-4096 (136/169)
finish dense ws
finish sparse ws
finish compression ws
finish 1536-4096-4096 -> Dense: 59.58452955431534, Precomp WS: 4.668018405913883, 7.6 WS: 57.45967043076255
  Dense   best config: {'BLOCK_SIZE_M': 128, 'BLOCK_SIZE_N': 128, 'BLOCK_SIZE_K': 64, 'num_buffers': 6, 'SUBTILE_FACTOR': 4}, num_warps=8
  Sparse  best config: {'BLOCK_SIZE_M': 128, 'BLOCK_SIZE_N': 128, 'BLOCK_SIZE_K': 128, 'num_buffers': 4, 'SUBTILE_FACTOR': 4}, num_warps=8
  Runtime best config: {'BLOCK_SIZE_M': 64, 'BLOCK_SIZE_N': 256, 'BLOCK_SIZE_K': 64, 'num_buffers': 3, 'SUBTILE_FACTOR': 2}, num_warps=4
start 2048-4096-3072 (137/169)
finish dense ws
finish sparse ws
finish compression ws
finish 2048-4096-3072 -> Dense: 59.13652168735392, Precomp WS: 59.42085680979009, 7.6 WS: 58.80498507459867
  Dense   best config: {'BLOCK_SIZE_M': 256, 'BLOCK_SIZE_N': 128, 'BLOCK_SIZE_K': 64, 'num_buffers': 4, 'SUBTILE_FACTOR': 4}, num_warps=8
  Sparse  best config: {'BLOCK_SIZE_M': 256, 'BLOCK_SIZE_N': 128, 'BLOCK_SIZE_K': 64, 'num_buffers': 4, 'SUBTILE_FACTOR': 2}, num_warps=8
  Runtime best config: {'BLOCK_SIZE_M': 128, 'BLOCK_SIZE_N': 256, 'BLOCK_SIZE_K': 64, 'num_buffers': 3, 'SUBTILE_FACTOR': 8}, num_warps=8
start 3072-4096-2048 (138/169)
finish dense ws
finish sparse ws
finish compression ws
finish 3072-4096-2048 -> Dense: 58.89059621872373, Precomp WS: 59.005184226732226, 7.6 WS: 58.77249923360032
  Dense   best config: {'BLOCK_SIZE_M': 256, 'BLOCK_SIZE_N': 128, 'BLOCK_SIZE_K': 64, 'num_buffers': 4, 'SUBTILE_FACTOR': 4}, num_warps=8
  Sparse  best config: {'BLOCK_SIZE_M': 128, 'BLOCK_SIZE_N': 256, 'BLOCK_SIZE_K': 64, 'num_buffers': 4, 'SUBTILE_FACTOR': 4}, num_warps=8
  Runtime best config: {'BLOCK_SIZE_M': 128, 'BLOCK_SIZE_N': 256, 'BLOCK_SIZE_K': 64, 'num_buffers': 3, 'SUBTILE_FACTOR': 8}, num_warps=8
start 4096-4096-1536 (139/169)
finish dense ws
finish sparse ws
finish compression ws
finish 4096-4096-1536 -> Dense: 58.91253277574716, Precomp WS: 59.185439587380046, 7.6 WS: 58.90330608649003
  Dense   best config: {'BLOCK_SIZE_M': 128, 'BLOCK_SIZE_N': 256, 'BLOCK_SIZE_K': 64, 'num_buffers': 3, 'SUBTILE_FACTOR': 2}, num_warps=8
  Sparse  best config: {'BLOCK_SIZE_M': 128, 'BLOCK_SIZE_N': 256, 'BLOCK_SIZE_K': 64, 'num_buffers': 5, 'SUBTILE_FACTOR': 8}, num_warps=8
  Runtime best config: {'BLOCK_SIZE_M': 128, 'BLOCK_SIZE_N': 256, 'BLOCK_SIZE_K': 64, 'num_buffers': 3, 'SUBTILE_FACTOR': 4}, num_warps=8
start 6144-4096-1024 (140/169)
finish dense ws
finish sparse ws
finish compression ws
finish 6144-4096-1024 -> Dense: 59.04311455836438, Precomp WS: 59.16769290037007, 7.6 WS: 58.41769801276675
  Dense   best config: {'BLOCK_SIZE_M': 128, 'BLOCK_SIZE_N': 128, 'BLOCK_SIZE_K': 64, 'num_buffers': 6, 'SUBTILE_FACTOR': 2}, num_warps=4
  Sparse  best config: {'BLOCK_SIZE_M': 128, 'BLOCK_SIZE_N': 256, 'BLOCK_SIZE_K': 64, 'num_buffers': 4, 'SUBTILE_FACTOR': 4}, num_warps=8
  Runtime best config: {'BLOCK_SIZE_M': 128, 'BLOCK_SIZE_N': 256, 'BLOCK_SIZE_K': 64, 'num_buffers': 3, 'SUBTILE_FACTOR': 8}, num_warps=8
start 8192-4096-768 (141/169)
finish dense ws
finish sparse ws
finish compression ws
finish 8192-4096-768 -> Dense: 58.611026712801404, Precomp WS: 58.72783580765321, 7.6 WS: 58.251642303763184
  Dense   best config: {'BLOCK_SIZE_M': 256, 'BLOCK_SIZE_N': 128, 'BLOCK_SIZE_K': 64, 'num_buffers': 4, 'SUBTILE_FACTOR': 4}, num_warps=8
  Sparse  best config: {'BLOCK_SIZE_M': 128, 'BLOCK_SIZE_N': 256, 'BLOCK_SIZE_K': 64, 'num_buffers': 4, 'SUBTILE_FACTOR': 4}, num_warps=8
  Runtime best config: {'BLOCK_SIZE_M': 128, 'BLOCK_SIZE_N': 256, 'BLOCK_SIZE_K': 64, 'num_buffers': 4, 'SUBTILE_FACTOR': 4}, num_warps=8
start 768-4096-6144 (142/169)
finish dense ws
finish sparse ws
finish compression ws
finish 768-4096-6144 -> Dense: 44.94562592972176, Precomp WS: 44.838001420087224, 7.6 WS: 44.06506210214468
  Dense   best config: {'BLOCK_SIZE_M': 128, 'BLOCK_SIZE_N': 256, 'BLOCK_SIZE_K': 64, 'num_buffers': 4, 'SUBTILE_FACTOR': 4}, num_warps=8
  Sparse  best config: {'BLOCK_SIZE_M': 128, 'BLOCK_SIZE_N': 256, 'BLOCK_SIZE_K': 64, 'num_buffers': 5, 'SUBTILE_FACTOR': 8}, num_warps=8
  Runtime best config: {'BLOCK_SIZE_M': 128, 'BLOCK_SIZE_N': 256, 'BLOCK_SIZE_K': 64, 'num_buffers': 3, 'SUBTILE_FACTOR': 8}, num_warps=8
start 1536-4096-3072 (143/169)
finish dense ws
finish sparse ws
finish compression ws
finish 1536-4096-3072 -> Dense: 45.82816131303023, Precomp WS: 45.17301643127996, 7.6 WS: 44.59785405704954
  Dense   best config: {'BLOCK_SIZE_M': 128, 'BLOCK_SIZE_N': 128, 'BLOCK_SIZE_K': 64, 'num_buffers': 6, 'SUBTILE_FACTOR': 2}, num_warps=8
  Sparse  best config: {'BLOCK_SIZE_M': 128, 'BLOCK_SIZE_N': 128, 'BLOCK_SIZE_K': 128, 'num_buffers': 4, 'SUBTILE_FACTOR': 4}, num_warps=8
  Runtime best config: {'BLOCK_SIZE_M': 64, 'BLOCK_SIZE_N': 256, 'BLOCK_SIZE_K': 64, 'num_buffers': 3, 'SUBTILE_FACTOR': 1}, num_warps=4
start 3072-4096-1536 (144/169)
finish dense ws
finish sparse ws
finish compression ws
finish 3072-4096-1536 -> Dense: 45.34164619997424, Precomp WS: 44.729029570623574, 7.6 WS: 45.27637774295254
  Dense   best config: {'BLOCK_SIZE_M': 128, 'BLOCK_SIZE_N': 256, 'BLOCK_SIZE_K': 64, 'num_buffers': 3, 'SUBTILE_FACTOR': 2}, num_warps=8
  Sparse  best config: {'BLOCK_SIZE_M': 128, 'BLOCK_SIZE_N': 256, 'BLOCK_SIZE_K': 64, 'num_buffers': 4, 'SUBTILE_FACTOR': 4}, num_warps=8
  Runtime best config: {'BLOCK_SIZE_M': 128, 'BLOCK_SIZE_N': 256, 'BLOCK_SIZE_K': 64, 'num_buffers': 4, 'SUBTILE_FACTOR': 8}, num_warps=8
start 6144-4096-768 (145/169)
finish dense ws
finish sparse ws
finish compression ws
finish 6144-4096-768 -> Dense: 45.350097793119396, Precomp WS: 44.79101153468736, 7.6 WS: 45.12150947634252
  Dense   best config: {'BLOCK_SIZE_M': 128, 'BLOCK_SIZE_N': 128, 'BLOCK_SIZE_K': 64, 'num_buffers': 6, 'SUBTILE_FACTOR': 2}, num_warps=4
  Sparse  best config: {'BLOCK_SIZE_M': 128, 'BLOCK_SIZE_N': 256, 'BLOCK_SIZE_K': 64, 'num_buffers': 4, 'SUBTILE_FACTOR': 4}, num_warps=8
  Runtime best config: {'BLOCK_SIZE_M': 128, 'BLOCK_SIZE_N': 256, 'BLOCK_SIZE_K': 64, 'num_buffers': 4, 'SUBTILE_FACTOR': 4}, num_warps=8
start 1024-4096-4096 (146/169)
finish dense ws
finish sparse ws
finish compression ws
finish 1024-4096-4096 -> Dense: 40.769329259580516, Precomp WS: 40.36189116435705, 7.6 WS: 40.68104387959218
  Dense   best config: {'BLOCK_SIZE_M': 128, 'BLOCK_SIZE_N': 256, 'BLOCK_SIZE_K': 64, 'num_buffers': 3, 'SUBTILE_FACTOR': 4}, num_warps=8
  Sparse  best config: {'BLOCK_SIZE_M': 256, 'BLOCK_SIZE_N': 128, 'BLOCK_SIZE_K': 64, 'num_buffers': 5, 'SUBTILE_FACTOR': 4}, num_warps=16
  Runtime best config: {'BLOCK_SIZE_M': 128, 'BLOCK_SIZE_N': 256, 'BLOCK_SIZE_K': 64, 'num_buffers': 3, 'SUBTILE_FACTOR': 2}, num_warps=8
start 2048-4096-2048 (147/169)
finish dense ws
finish sparse ws
finish compression ws
finish 2048-4096-2048 -> Dense: 40.487208572355854, Precomp WS: 40.17296599674121, 7.6 WS: 40.69980379566824
  Dense   best config: {'BLOCK_SIZE_M': 128, 'BLOCK_SIZE_N': 256, 'BLOCK_SIZE_K': 64, 'num_buffers': 3, 'SUBTILE_FACTOR': 4}, num_warps=8
  Sparse  best config: {'BLOCK_SIZE_M': 128, 'BLOCK_SIZE_N': 256, 'BLOCK_SIZE_K': 64, 'num_buffers': 5, 'SUBTILE_FACTOR': 8}, num_warps=8
  Runtime best config: {'BLOCK_SIZE_M': 128, 'BLOCK_SIZE_N': 256, 'BLOCK_SIZE_K': 64, 'num_buffers': 3, 'SUBTILE_FACTOR': 2}, num_warps=8
start 4096-4096-1024 (148/169)
finish dense ws
finish sparse ws
finish compression ws
finish 4096-4096-1024 -> Dense: 40.6531289279497, Precomp WS: 40.04980545582249, 7.6 WS: 40.15364617418706
  Dense   best config: {'BLOCK_SIZE_M': 128, 'BLOCK_SIZE_N': 256, 'BLOCK_SIZE_K': 64, 'num_buffers': 3, 'SUBTILE_FACTOR': 2}, num_warps=8
  Sparse  best config: {'BLOCK_SIZE_M': 128, 'BLOCK_SIZE_N': 256, 'BLOCK_SIZE_K': 64, 'num_buffers': 4, 'SUBTILE_FACTOR': 4}, num_warps=8
  Runtime best config: {'BLOCK_SIZE_M': 128, 'BLOCK_SIZE_N': 256, 'BLOCK_SIZE_K': 64, 'num_buffers': 3, 'SUBTILE_FACTOR': 2}, num_warps=8
start 768-4096-4096 (149/169)
finish dense ws
finish sparse ws
finish compression ws
finish 768-4096-4096 -> Dense: 30.87905026479588, Precomp WS: 30.337904601540348, 7.6 WS: 30.338423984700373
  Dense   best config: {'BLOCK_SIZE_M': 64, 'BLOCK_SIZE_N': 128, 'BLOCK_SIZE_K': 64, 'num_buffers': 7, 'SUBTILE_FACTOR': 1}, num_warps=4
  Sparse  best config: {'BLOCK_SIZE_M': 128, 'BLOCK_SIZE_N': 256, 'BLOCK_SIZE_K': 64, 'num_buffers': 4, 'SUBTILE_FACTOR': 4}, num_warps=8
  Runtime best config: {'BLOCK_SIZE_M': 128, 'BLOCK_SIZE_N': 256, 'BLOCK_SIZE_K': 64, 'num_buffers': 3, 'SUBTILE_FACTOR': 4}, num_warps=8
start 1024-4096-3072 (150/169)
finish dense ws
finish sparse ws
finish compression ws
finish 1024-4096-3072 -> Dense: 30.927062057933586, Precomp WS: 30.33483195168121, 7.6 WS: 30.902305967708035
  Dense   best config: {'BLOCK_SIZE_M': 128, 'BLOCK_SIZE_N': 256, 'BLOCK_SIZE_K': 64, 'num_buffers': 3, 'SUBTILE_FACTOR': 8}, num_warps=8
  Sparse  best config: {'BLOCK_SIZE_M': 128, 'BLOCK_SIZE_N': 256, 'BLOCK_SIZE_K': 64, 'num_buffers': 4, 'SUBTILE_FACTOR': 4}, num_warps=8
  Runtime best config: {'BLOCK_SIZE_M': 128, 'BLOCK_SIZE_N': 256, 'BLOCK_SIZE_K': 64, 'num_buffers': 3, 'SUBTILE_FACTOR': 4}, num_warps=8
start 1536-4096-2048 (151/169)
finish dense ws
finish sparse ws
finish compression ws
finish 1536-4096-2048 -> Dense: 30.826498885413045, Precomp WS: 30.277855898946985, 7.6 WS: 30.09612625171301
  Dense   best config: {'BLOCK_SIZE_M': 128, 'BLOCK_SIZE_N': 128, 'BLOCK_SIZE_K': 64, 'num_buffers': 4, 'SUBTILE_FACTOR': 1}, num_warps=4
  Sparse  best config: {'BLOCK_SIZE_M': 128, 'BLOCK_SIZE_N': 128, 'BLOCK_SIZE_K': 64, 'num_buffers': 5, 'SUBTILE_FACTOR': 2}, num_warps=4
  Runtime best config: {'BLOCK_SIZE_M': 64, 'BLOCK_SIZE_N': 256, 'BLOCK_SIZE_K': 64, 'num_buffers': 3, 'SUBTILE_FACTOR': 1}, num_warps=4
start 2048-4096-1536 (152/169)
finish dense ws
finish sparse ws
finish compression ws
finish 2048-4096-1536 -> Dense: 31.050118632387488, Precomp WS: 30.718768362957345, 7.6 WS: 30.797998331173755
  Dense   best config: {'BLOCK_SIZE_M': 128, 'BLOCK_SIZE_N': 256, 'BLOCK_SIZE_K': 64, 'num_buffers': 4, 'SUBTILE_FACTOR': 4}, num_warps=8
  Sparse  best config: {'BLOCK_SIZE_M': 128, 'BLOCK_SIZE_N': 256, 'BLOCK_SIZE_K': 64, 'num_buffers': 5, 'SUBTILE_FACTOR': 8}, num_warps=8
  Runtime best config: {'BLOCK_SIZE_M': 128, 'BLOCK_SIZE_N': 256, 'BLOCK_SIZE_K': 64, 'num_buffers': 3, 'SUBTILE_FACTOR': 2}, num_warps=8
start 3072-4096-1024 (153/169)
finish dense ws
finish sparse ws
finish compression ws
finish 3072-4096-1024 -> Dense: 30.696755823550994, Precomp WS: 30.458963615205658, 7.6 WS: 30.881967533620614
  Dense   best config: {'BLOCK_SIZE_M': 256, 'BLOCK_SIZE_N': 128, 'BLOCK_SIZE_K': 64, 'num_buffers': 3, 'SUBTILE_FACTOR': 4}, num_warps=8
  Sparse  best config: {'BLOCK_SIZE_M': 128, 'BLOCK_SIZE_N': 256, 'BLOCK_SIZE_K': 64, 'num_buffers': 4, 'SUBTILE_FACTOR': 4}, num_warps=8
  Runtime best config: {'BLOCK_SIZE_M': 128, 'BLOCK_SIZE_N': 256, 'BLOCK_SIZE_K': 64, 'num_buffers': 3, 'SUBTILE_FACTOR': 2}, num_warps=8
start 4096-4096-768 (154/169)
finish dense ws
finish sparse ws
finish compression ws
finish 4096-4096-768 -> Dense: 30.916740217371018, Precomp WS: 30.32982674513181, 7.6 WS: 30.702383698699833
  Dense   best config: {'BLOCK_SIZE_M': 128, 'BLOCK_SIZE_N': 128, 'BLOCK_SIZE_K': 64, 'num_buffers': 5, 'SUBTILE_FACTOR': 1}, num_warps=4
  Sparse  best config: {'BLOCK_SIZE_M': 128, 'BLOCK_SIZE_N': 256, 'BLOCK_SIZE_K': 64, 'num_buffers': 4, 'SUBTILE_FACTOR': 8}, num_warps=8
  Runtime best config: {'BLOCK_SIZE_M': 128, 'BLOCK_SIZE_N': 256, 'BLOCK_SIZE_K': 64, 'num_buffers': 3, 'SUBTILE_FACTOR': 2}, num_warps=8
start 768-4096-3072 (155/169)
finish dense ws
finish sparse ws
finish compression ws
finish 768-4096-3072 -> Dense: 23.07548703894868, Precomp WS: 23.07205352054212, 7.6 WS: 23.096378859180476
  Dense   best config: {'BLOCK_SIZE_M': 64, 'BLOCK_SIZE_N': 128, 'BLOCK_SIZE_K': 128, 'num_buffers': 4, 'SUBTILE_FACTOR': 1}, num_warps=4
  Sparse  best config: {'BLOCK_SIZE_M': 128, 'BLOCK_SIZE_N': 256, 'BLOCK_SIZE_K': 64, 'num_buffers': 5, 'SUBTILE_FACTOR': 8}, num_warps=8
  Runtime best config: {'BLOCK_SIZE_M': 128, 'BLOCK_SIZE_N': 256, 'BLOCK_SIZE_K': 64, 'num_buffers': 3, 'SUBTILE_FACTOR': 4}, num_warps=8
start 1536-4096-1536 (156/169)
finish dense ws
finish sparse ws
finish compression ws
finish 1536-4096-1536 -> Dense: 23.356082388759237, Precomp WS: 22.967766041310757, 7.6 WS: 23.201868357318762
  Dense   best config: {'BLOCK_SIZE_M': 128, 'BLOCK_SIZE_N': 128, 'BLOCK_SIZE_K': 64, 'num_buffers': 4, 'SUBTILE_FACTOR': 1}, num_warps=4
  Sparse  best config: {'BLOCK_SIZE_M': 128, 'BLOCK_SIZE_N': 128, 'BLOCK_SIZE_K': 128, 'num_buffers': 4, 'SUBTILE_FACTOR': 4}, num_warps=4
  Runtime best config: {'BLOCK_SIZE_M': 64, 'BLOCK_SIZE_N': 256, 'BLOCK_SIZE_K': 64, 'num_buffers': 3, 'SUBTILE_FACTOR': 1}, num_warps=4
start 3072-4096-768 (157/169)
finish dense ws
finish sparse ws
finish compression ws
finish 3072-4096-768 -> Dense: 23.497891964707993, Precomp WS: 23.03241826980908, 7.6 WS: 23.426858321405565
  Dense   best config: {'BLOCK_SIZE_M': 128, 'BLOCK_SIZE_N': 256, 'BLOCK_SIZE_K': 64, 'num_buffers': 4, 'SUBTILE_FACTOR': 4}, num_warps=8
  Sparse  best config: {'BLOCK_SIZE_M': 128, 'BLOCK_SIZE_N': 256, 'BLOCK_SIZE_K': 64, 'num_buffers': 5, 'SUBTILE_FACTOR': 8}, num_warps=8
  Runtime best config: {'BLOCK_SIZE_M': 128, 'BLOCK_SIZE_N': 256, 'BLOCK_SIZE_K': 64, 'num_buffers': 3, 'SUBTILE_FACTOR': 2}, num_warps=8
start 1024-4096-2048 (158/169)
finish dense ws
finish sparse ws
finish compression ws
finish 1024-4096-2048 -> Dense: 1.290510192554595, Precomp WS: 20.530726099196862, 7.6 WS: 20.836347912034885
  Dense   best config: {'BLOCK_SIZE_M': 128, 'BLOCK_SIZE_N': 256, 'BLOCK_SIZE_K': 64, 'num_buffers': 4, 'SUBTILE_FACTOR': 8}, num_warps=8
  Sparse  best config: {'BLOCK_SIZE_M': 128, 'BLOCK_SIZE_N': 256, 'BLOCK_SIZE_K': 64, 'num_buffers': 4, 'SUBTILE_FACTOR': 8}, num_warps=8
  Runtime best config: {'BLOCK_SIZE_M': 128, 'BLOCK_SIZE_N': 256, 'BLOCK_SIZE_K': 64, 'num_buffers': 3, 'SUBTILE_FACTOR': 2}, num_warps=8
start 2048-4096-1024 (159/169)
finish dense ws
finish sparse ws
finish compression ws
finish 2048-4096-1024 -> Dense: 20.895295571118066, Precomp WS: 20.66267243444797, 7.6 WS: 20.841923322686203
  Dense   best config: {'BLOCK_SIZE_M': 128, 'BLOCK_SIZE_N': 128, 'BLOCK_SIZE_K': 64, 'num_buffers': 5, 'SUBTILE_FACTOR': 2}, num_warps=4
  Sparse  best config: {'BLOCK_SIZE_M': 128, 'BLOCK_SIZE_N': 256, 'BLOCK_SIZE_K': 64, 'num_buffers': 4, 'SUBTILE_FACTOR': 4}, num_warps=8
  Runtime best config: {'BLOCK_SIZE_M': 128, 'BLOCK_SIZE_N': 256, 'BLOCK_SIZE_K': 64, 'num_buffers': 3, 'SUBTILE_FACTOR': 2}, num_warps=8
start 768-4096-2048 (160/169)
finish dense ws
finish sparse ws
finish compression ws
finish 768-4096-2048 -> Dense: 15.791679933432293, Precomp WS: 15.3862110669775, 7.6 WS: 15.61583676418728
  Dense   best config: {'BLOCK_SIZE_M': 64, 'BLOCK_SIZE_N': 128, 'BLOCK_SIZE_K': 64, 'num_buffers': 7, 'SUBTILE_FACTOR': 2}, num_warps=4
  Sparse  best config: {'BLOCK_SIZE_M': 128, 'BLOCK_SIZE_N': 64, 'BLOCK_SIZE_K': 128, 'num_buffers': 5, 'SUBTILE_FACTOR': 2}, num_warps=4
  Runtime best config: {'BLOCK_SIZE_M': 128, 'BLOCK_SIZE_N': 256, 'BLOCK_SIZE_K': 64, 'num_buffers': 3, 'SUBTILE_FACTOR': 4}, num_warps=8
start 1024-4096-1536 (161/169)
finish dense ws
finish sparse ws
finish compression ws
finish 1024-4096-1536 -> Dense: 15.846626459357104, Precomp WS: 15.492233951446574, 7.6 WS: 15.671730385646079
  Dense   best config: {'BLOCK_SIZE_M': 128, 'BLOCK_SIZE_N': 256, 'BLOCK_SIZE_K': 64, 'num_buffers': 3, 'SUBTILE_FACTOR': 8}, num_warps=8
  Sparse  best config: {'BLOCK_SIZE_M': 128, 'BLOCK_SIZE_N': 256, 'BLOCK_SIZE_K': 64, 'num_buffers': 4, 'SUBTILE_FACTOR': 8}, num_warps=8
  Runtime best config: {'BLOCK_SIZE_M': 128, 'BLOCK_SIZE_N': 256, 'BLOCK_SIZE_K': 64, 'num_buffers': 3, 'SUBTILE_FACTOR': 8}, num_warps=8
start 1536-4096-1024 (162/169)
finish dense ws
finish sparse ws
finish compression ws
finish 1536-4096-1024 -> Dense: 15.893457778417671, Precomp WS: 15.575296843808927, 7.6 WS: 15.401475604657238
  Dense   best config: {'BLOCK_SIZE_M': 128, 'BLOCK_SIZE_N': 128, 'BLOCK_SIZE_K': 128, 'num_buffers': 3, 'SUBTILE_FACTOR': 2}, num_warps=4
  Sparse  best config: {'BLOCK_SIZE_M': 128, 'BLOCK_SIZE_N': 128, 'BLOCK_SIZE_K': 128, 'num_buffers': 4, 'SUBTILE_FACTOR': 4}, num_warps=4
  Runtime best config: {'BLOCK_SIZE_M': 64, 'BLOCK_SIZE_N': 256, 'BLOCK_SIZE_K': 64, 'num_buffers': 4, 'SUBTILE_FACTOR': 1}, num_warps=4
start 2048-4096-768 (163/169)
finish dense ws
finish sparse ws
finish compression ws
finish 2048-4096-768 -> Dense: 15.800179001860403, Precomp WS: 15.449982757597283, 7.6 WS: 15.697247839323541
  Dense   best config: {'BLOCK_SIZE_M': 128, 'BLOCK_SIZE_N': 128, 'BLOCK_SIZE_K': 64, 'num_buffers': 6, 'SUBTILE_FACTOR': 2}, num_warps=4
  Sparse  best config: {'BLOCK_SIZE_M': 128, 'BLOCK_SIZE_N': 256, 'BLOCK_SIZE_K': 64, 'num_buffers': 4, 'SUBTILE_FACTOR': 4}, num_warps=8
  Runtime best config: {'BLOCK_SIZE_M': 128, 'BLOCK_SIZE_N': 256, 'BLOCK_SIZE_K': 64, 'num_buffers': 3, 'SUBTILE_FACTOR': 2}, num_warps=8
start 768-4096-1536 (164/169)
finish dense ws
finish sparse ws
finish compression ws
finish 768-4096-1536 -> Dense: 11.86734036255303, Precomp WS: 11.619749621987522, 7.6 WS: 11.868196896127131
  Dense   best config: {'BLOCK_SIZE_M': 64, 'BLOCK_SIZE_N': 128, 'BLOCK_SIZE_K': 64, 'num_buffers': 7, 'SUBTILE_FACTOR': 4}, num_warps=4
  Sparse  best config: {'BLOCK_SIZE_M': 128, 'BLOCK_SIZE_N': 64, 'BLOCK_SIZE_K': 128, 'num_buffers': 5, 'SUBTILE_FACTOR': 2}, num_warps=4
  Runtime best config: {'BLOCK_SIZE_M': 128, 'BLOCK_SIZE_N': 256, 'BLOCK_SIZE_K': 64, 'num_buffers': 3, 'SUBTILE_FACTOR': 4}, num_warps=8
start 1536-4096-768 (165/169)
finish dense ws
finish sparse ws
finish compression ws
finish 1536-4096-768 -> Dense: 11.906796213311866, Precomp WS: 11.644092752876743, 7.6 WS: 11.857728625756362
  Dense   best config: {'BLOCK_SIZE_M': 128, 'BLOCK_SIZE_N': 128, 'BLOCK_SIZE_K': 64, 'num_buffers': 4, 'SUBTILE_FACTOR': 2}, num_warps=4
  Sparse  best config: {'BLOCK_SIZE_M': 128, 'BLOCK_SIZE_N': 128, 'BLOCK_SIZE_K': 128, 'num_buffers': 4, 'SUBTILE_FACTOR': 4}, num_warps=4
  Runtime best config: {'BLOCK_SIZE_M': 64, 'BLOCK_SIZE_N': 256, 'BLOCK_SIZE_K': 64, 'num_buffers': 4, 'SUBTILE_FACTOR': 1}, num_warps=4
start 1024-4096-1024 (166/169)
finish dense ws
finish sparse ws
finish compression ws
finish 1024-4096-1024 -> Dense: 10.607174123091356, Precomp WS: 10.28693907799233, 7.6 WS: 10.61406280477737
  Dense   best config: {'BLOCK_SIZE_M': 128, 'BLOCK_SIZE_N': 128, 'BLOCK_SIZE_K': 64, 'num_buffers': 6, 'SUBTILE_FACTOR': 2}, num_warps=4
  Sparse  best config: {'BLOCK_SIZE_M': 128, 'BLOCK_SIZE_N': 256, 'BLOCK_SIZE_K': 64, 'num_buffers': 4, 'SUBTILE_FACTOR': 8}, num_warps=8
  Runtime best config: {'BLOCK_SIZE_M': 128, 'BLOCK_SIZE_N': 256, 'BLOCK_SIZE_K': 64, 'num_buffers': 3, 'SUBTILE_FACTOR': 8}, num_warps=8
start 768-4096-1024 (167/169)
finish dense ws
finish sparse ws
finish compression ws
finish 768-4096-1024 -> Dense: 8.030397877987475, Precomp WS: 7.7904343195648185, 7.6 WS: 7.950695412060309
  Dense   best config: {'BLOCK_SIZE_M': 64, 'BLOCK_SIZE_N': 128, 'BLOCK_SIZE_K': 64, 'num_buffers': 7, 'SUBTILE_FACTOR': 2}, num_warps=4
  Sparse  best config: {'BLOCK_SIZE_M': 128, 'BLOCK_SIZE_N': 64, 'BLOCK_SIZE_K': 128, 'num_buffers': 5, 'SUBTILE_FACTOR': 2}, num_warps=4
  Runtime best config: {'BLOCK_SIZE_M': 128, 'BLOCK_SIZE_N': 256, 'BLOCK_SIZE_K': 64, 'num_buffers': 3, 'SUBTILE_FACTOR': 4}, num_warps=8
start 1024-4096-768 (168/169)
finish dense ws
finish sparse ws
finish compression ws
finish 1024-4096-768 -> Dense: 7.988303151551116, Precomp WS: 7.786047393950658, 7.6 WS: 8.001055355736998
  Dense   best config: {'BLOCK_SIZE_M': 128, 'BLOCK_SIZE_N': 128, 'BLOCK_SIZE_K': 64, 'num_buffers': 6, 'SUBTILE_FACTOR': 2}, num_warps=4
  Sparse  best config: {'BLOCK_SIZE_M': 128, 'BLOCK_SIZE_N': 256, 'BLOCK_SIZE_K': 64, 'num_buffers': 4, 'SUBTILE_FACTOR': 8}, num_warps=8
  Runtime best config: {'BLOCK_SIZE_M': 128, 'BLOCK_SIZE_N': 256, 'BLOCK_SIZE_K': 64, 'num_buffers': 3, 'SUBTILE_FACTOR': 8}, num_warps=8
start 768-4096-768 (169/169)
finish dense ws
finish sparse ws
finish compression ws
finish 768-4096-768 -> Dense: 5.992763762762696, Precomp WS: 5.83478494769372, 7.6 WS: 6.0158491524186415
  Dense   best config: {'BLOCK_SIZE_M': 128, 'BLOCK_SIZE_N': 64, 'BLOCK_SIZE_K': 64, 'num_buffers': 7, 'SUBTILE_FACTOR': 2}, num_warps=4
  Sparse  best config: {'BLOCK_SIZE_M': 128, 'BLOCK_SIZE_N': 64, 'BLOCK_SIZE_K': 128, 'num_buffers': 5, 'SUBTILE_FACTOR': 1}, num_warps=4
  Runtime best config: {'BLOCK_SIZE_M': 128, 'BLOCK_SIZE_N': 256, 'BLOCK_SIZE_K': 64, 'num_buffers': 3, 'SUBTILE_FACTOR': 4}, num_warps=8

[INFO] Optimization charts successfully compiled and saved to 'Benchmark/v7.6/v7.6_Benchmark_4096.png'
